4096	80000024	e95ff40a2279a373
8192	8000001c	8f136b65ad72ea5c
12288	80000020	86fcb992b803a9fc
16384	80000024	e8be51334f01bbbe
20480	8000001c	cb8700ff617a0d73
24576	80000020	6914d5862910e66a
28672	80000024	3bde891cbe2b62b6
32768	8000001c	ce16bcabe79cf289
36864	80000020	66b56718c655a974
40960	80000024	f23535cacf698f72
45056	8000001c	6b23c20bf9170cb1
49152	80000020	fefc999129c5c482
53248	80000024	c8043ea8a5d06a82
57344	8000001c	a3b643b695f59bed
61440	80000020	b754d9f9cfeebab5
65536	80000024	3bb509fd1f0a1673
69632	8000001c	df6b37379b4253de
73728	80000020	04769e67f7b415fc
77824	80000024	e4c369e82c41511f
81920	8000001c	9a1f927b3728f464
86016	80000020	eb4325d08b82adf1
90112	80000024	f6309cbf4217013b
94208	8000001c	4e5a826c2227fcd9
98304	80000020	f70f9a91e758f8fa
102400	80000024	32db0afb4938f899
106496	8000001c	bc04f159ac48ab31
110592	80000020	c2e2a0fa2760359f
114688	80000024	108939f26121e4de
118784	8000001c	f5d5f77bc2c633ac
122880	80000020	5d61d4402eedbaf1
126976	80000024	be92e3248cc3a7cf
131072	8000001c	0a221d4d5a47bd8b
135168	80000020	8b82309aea7caa8b
139264	80000024	f035ecceaf595ca9
143360	8000001c	485f2ab1bf65109b
147456	80000020	61e6125516f7f673
151552	80000024	801d7e83e1cf73e6
155648	8000001c	6a02ba0d45d2832d
159744	80000020	19e868c89335f1c8
163840	80000024	c26414bae692c46d
167936	8000001c	4a98b94cb29a90a1
172032	80000020	c2ae6dddca9ddd9f
176128	80000024	01ad9ac91fd416cc
180224	8000001c	3e249b95c97558f5
184320	8003e454	3349786ada991470
188416	80040f2c	25cb0a1391285b9d
192512	800447e4	8bf7bf55c23332a6
196608	80040f50	03585f432a67b58a
200704	8000fa30	9d1509b14ef6fb07
204800	8000fa34	f2f3eb8db0b7e7cc
208896	8000fa4c	63398294dc573149
212992	80049a38	c5ffbb26a5f24a01
217088	8000fa58	005ec3a81f578ada
221184	800499a4	7f2715ccd44f62f8
225280	80049990	263760e9e753cf50
229376	8004fff4	6740e8205ddc1f3b
233472	8000fab4	6c74c07573850b51
237568	8004999c	9dd5f3e3114d403f
241664	80049980	e15796776f322d60
245760	800545dc	daff53569f681ac7
249856	800499cc	e78a9f554f5b55f3
253952	8000fa38	5836400cccedfbb0
258048	8000fa38	fe5f0ca6ba498131
262144	8004cd20	d2dc3a65ce52e7de
266240	8000fab0	fa4561770aec190e
270336	80049a60	18a205d49799f223
274432	80054584	ff62cc2fd1ab6e15
278528	800499ac	461004c9380df571
282624	80049a64	1d5f2e07834a10c3
286720	8000fa3c	42d93b01d16a4e72
290816	8000fa58	cd8ce4e329fae976
294912	80049a38	1894429fb2f6976d
299008	80049994	a377575bab6e3cea
303104	80049988	8f975d955f80fbfd
307200	8000fa48	16e4074b86a7acfd
311296	80049a80	fafc472cefad6aff
315392	8000fa4c	436f21ed20ead8f2
319488	80049988	8b1f404d5db18aa2
323584	80049984	b246d82d6740f7fd
327680	80049988	738ce5c9e30e9128
331776	80049994	a4ffd53e8d51998e
335872	8000fa54	05bb8d121d181731
339968	8000fa54	250535e84baa64ff
344064	80049a60	c471dc995add9488
348160	80049a38	3334a4893d10d594
352256	80049980	e08939c16654d065
356352	80049a5c	8f94cf196537126b
360448	80049978	47963a3eb7d0a22b
364544	800499c8	37491240b340e2e8
368640	80049994	587f5323f3592a30
372736	80049a38	b175aaeef9da0354
376832	8000fa38	2f86073895912edd
380928	80049988	e1805e0f3e133440
385024	800499b0	1cdf6575c621db62
389120	800499a0	ea9f5db09278c84e
393216	8000fa34	cdb56939387655e1
397312	80049a3c	0eeb2e74feb700dc
401408	8000faa8	526ec7e7045601d3
405504	80049a68	fdb476ec3ec45e6d
409600	80049a40	28d736e7f0570299
413696	80049a80	232fa02811b3338c
417792	80049a5c	b96039054efc08a2
421888	8000fa98	6fee0a9bc72497e9
425984	80049a40	174d463d07187536
430080	8004999c	db821bd6502085a4
434176	80049a64	217f8015066a3bdc
438272	800499b4	06ed528701d45709
442368	80049a78	7867c43673f6419f
446464	8000faa8	29a52cfd9dd3f994
450560	80049a64	7b47eafdd92760d7
454656	8000fa3c	4f4cfbc7e10298b7
458752	80049998	cde8093265cb5d8f
462848	80049a3c	17bab39ec127f4af
466944	800499a0	2e96849c55acac52
471040	80049978	b6d4fb0a2eef7c4c
475136	8000fa40	d6aace2c59836ac8
479232	8000fa54	e9af88b1575e6793
483328	80049a60	98b7ab2c11f06ab6
487424	800499a0	9cde4dd33a30b87d
491520	80049a40	86f6f77794bba954
495616	80049980	a0b0fa01259bc823
499712	800499b4	e9a453798582299d
503808	800499a4	891c994cfa03eae5
507904	8000fab0	9b44e7af091da291
512000	800499c0	bd4a3b64fa975422
516096	800499b0	dee459db612767f6
520192	8004997c	6011a28a073d2733
524288	800499a0	94d92948aacc5d8b
528384	80049984	742a5deeb93da53f
532480	800499a0	99c49a4d410ddedf
536576	80049a40	4f6108b7f1f582ed
540672	80049a5c	efb8fb1436a8f619
544768	80049990	40175799308c11c1
548864	80049980	92dfdcead78aff90
552960	8000fa34	5b9523dc855f1bc0
557056	800499a8	4914733ef497ea65
561152	8000fa54	d028c39d0aaf3d2d
565248	80049a60	7ff4e2dc71ac0ccd
569344	80049a78	05c7ccca0fa5fad8
573440	80049a68	5aa30139762afadf
577536	800499a4	cc7637744388393c
581632	80049a68	bcd91a7d9b0dc5c5
585728	80049a78	74e2e136a1be3c6e
589824	800499a0	f264ee4b96187fe0
593920	8000fa54	38c4b1a815a9e32a
598016	80049978	b649ebeaccd77d83
602112	8000fab8	4e92adbea6bbd5d5
606208	80049994	6f4c1c063308be8b
610304	8004998c	ef98c5dc446574d4
614400	80049a7c	b0e3c01d9d44e392
618496	80049a80	33c2089999abd28d
622592	800499c8	26e4911c932a86d3
626688	8000faac	d2dfe2b2a15438a2
630784	80049980	b3d64b73b842a949
634880	80049a3c	4ca839992b6a6bc7
638976	800499d8	0b90ca6b1a0a54f0
643072	8004997c	150bab95497d10a0
647168	80049990	e2bfebe4d300b468
651264	8000faa4	0e021db9beb750f2
655360	80049a64	ae5b063ea53a7a22
659456	80049978	eed5339897f8c850
663552	800499dc	cd004d0e034d05e9
667648	8000fa98	58556116efcf5c69
671744	8004999c	3ba5d246ebae61ce
675840	80049994	4647ac0f36541b50
679936	8000fa98	6f002c6a30a8cb90
684032	80049988	91d99be4fcc29716
688128	80049978	4f96cb381cd9f11d
692224	8000fa3c	f301183f2a339228
696320	80049984	46bd8baa77ce0427
700416	8000faa4	fb76e673d28739a9
704512	8005459c	713879938942a7e3
708608	80049a7c	7afc4b09b7a931c7
712704	8004ee44	a50af4d9c43f792f
716800	80049a64	9675883fe32f2377
720896	8000faa4	18dc5b99f41ccd59
724992	80049a80	af853d9702996506
729088	80049a6c	3467db61a34a74fe
733184	8000fa44	676203c65d7a914b
737280	800499c0	4dd4bf3522e474d5
741376	80049a38	885989acba5a6ef0
745472	8000fa30	7caf5c485b089e09
749568	80049980	ce8a5ffdf28d9659
753664	8004999c	70eae8fae47a6a71
757760	80049a80	23a16af3f099c6b5
761856	800499ac	0a3bcdea510af77f
765952	80049a64	4592516d379442e9
770048	8004cd24	06aecceeabb53988
774144	8000467c	6e7e774224d23738
778240	800499a8	6d46af774c2715cf
782336	8000fa4c	6e845fce3dd154d0
786432	80049978	828eb6c59d9d1a9d
790528	80049a6c	cced9ad7eee77c9f
794624	80049878	b80d019e7e490da6
798720	80044900	49dbd7274aada951
802816	80049860	1faf7c9706f81b5e
806912	8004cd24	1b0e4b742b1540e2
811008	8004cd20	c17aec6bdffa5b71
815104	800497dc	56a293f212a0412e
819200	800497f4	4ec43881d0623993
823296	800497d4	fb28bc5fc745bc94
827392	80049750	b98c081c5503118f
831488	80049800	bce5f280058e6c22
835584	800497e0	ca2278b37abf5fa0
839680	80049770	84b673be4483f3fd
843776	800497f8	71bc6926372b36b3
847872	80049668	433452227ec986dc
851968	80049678	603e06530907a883
856064	80049670	c3547113332f667e
860160	800395c4	c3399d650aa44470
864256	800476cc	9ad7a956c33345ca
868352	800395f0	3fe32d7145511d5d
872448	800395b8	413e9265d747bb38
876544	80047718	6c2280542497d6fd
880640	800476ac	02ec2f4508d5554e
884736	800395d0	c188871c0e9b5794
888832	800476c0	cca160415d8af0d6
892928	8004770c	292a9d6c0a8f4f28
897024	800395e8	5da6be063cb5ba9d
901120	800476b0	a54f2e02666a98f7
905216	800476c0	2e4ab3ccd56e48c3
909312	800476e8	4f574ac81db24e2a
913408	80039634	8278d9dd75863cec
917504	800476d8	6a05e9fa321cffc0
921600	800395f0	6a4592aab6784936
925696	800476f8	58389493d95e37f1
929792	800476e4	02280183862e943e
933888	80039614	56da14e4ed2f4eda
937984	800395c4	58bf5c98dbeca7e5
942080	800395e0	5b8baa433af387e7
946176	800395f0	70dccfd5e1dec118
950272	800476d4	7fbb88ec5f304614
954368	800476c0	3fb7a347e61cba83
958464	800476c4	7c8123e4adc69064
962560	800476d4	5634a88f14da6a5b
966656	800475cc	b094ab686dfb622e
970752	800475f8	35c943de57d1995f
974848	800398a0	b45491bbdfc5cd6a
978944	800398b0	1801015693974ce5
983040	80047588	d0082cd431f30a9c
987136	80047598	714833d9242d2d1c
991232	800475cc	f88add6ed7fa1d07
995328	800475f8	a5e08c34d8d869b3
999424	800398a0	e5e588380cfd3e21
1003520	800398b0	b66300e8d539b3b7
1007616	800398a0	b30c4b004ec7d5ef
1011712	800398a4	26a58f89a9989ed1
1015808	800398b4	c310a855264114cc
1019904	800475c8	c2e5157830c18cfc
1024000	800475f4	045916bda661643c
1028096	8003989c	b2da8fb111285cb4
1032192	800398ac	629c6739f4f395a9
1036288	80047584	57d21469e5bd37a2
1040384	80047594	8c0b827c0ef52a4a
1044480	800475a4	216d30cc7f955155
1048576	8003989c	cf800846d0e8533c	89fce21f7a79337a	7bed8159bb569479
1052672	8004758c	d1af1347f0937395
1056768	800398b8	4f7f7ccc202293e6
1060864	800475b4	13e780ce1bc16fd5
1064960	800475c4	0772dd6796084e1f
1069056	800475f0	026d74117d668f70
1073152	800398b0	c00899dcfbee93e2
1077248	80047588	927f0da085f1ced1
1081344	80047598	c4502ebdb3198974
1085440	800398a4	c9bf3c06b574b3bf
1089536	800398b4	b7f9812a0bd92985
1093632	800475ac	de12f4050ff2c2c5
1097728	800475b8	631d025d2cd3bf3c
1101824	80047584	934045596eb53f7c
1105920	80047594	f77f40af7ef02874
1110016	800475a4	b7e8866a7df2c297
1114112	800475b4	29193e8433605491
1118208	800475c4	daefcdffc006d5c4
1122304	800475f0	22024072193c960d
1126400	800398bc	4406b68a636b5c77
1130496	800475b4	8ececf18deb14b9e
1134592	80047588	a002f2fe1d59537f
1138688	80047594	c209e55f9c361a52
1142784	800398bc	fe8c62671b758199
1146880	800398a8	b4589ebc87ea4c51
1150976	800398b8	57f26241628b5d22
1155072	80047590	753cb560e3a2a03b
1159168	800475a0	b0508f64400be901
1163264	800475b0	f16406b9e55150af
1167360	800475c0	5e256a1e79b1f548
1171456	800475d0	ac3b64c30d025440
1175552	8000f670	fa71d576951358e3
1179648	800475b4	4fbfc0ec733e6223
1183744	800475b4	29ae0ad34777f384
1187840	800475b4	e6499624d6265ac2
1191936	800475b4	0dfaf73741c4968c
1196032	800475b4	41b1e7c6dc456ed8
1200128	800475b4	69d453b5707f4120
1204224	800475b4	7ca365492f8ba35f
1208320	800475b4	b89cbaabf72abbd3
1212416	800475c8	f2ed6f9141386715
1216512	800475b4	740b8809eea9ebfa
1220608	80043610	8d9547ed03aaf680
1224704	80042068	a849ef27be103ade
1228800	80039e6c	b924986c8e396b00
1232896	80039e58	01334f95837a8b65
1236992	80039e84	172868164657be8f
1241088	80039e6c	1aa86c664435bb34
1245184	80039e98	ef32b4f3f3c35368
1249280	80039e90	e643574df1d79b56
1253376	80039e60	fc2160020de3803f
1257472	80039e58	7a9efc7dfb3d1050
1261568	80039e5c	bc62a683c0ecd539
1265664	80039e54	089cd3c84251d1b8
1269760	80039e64	4d81ea02dbeaab26
1273856	80039e68	3a268977284688d6
1277952	80039e60	d11fd09fd85cab3c
1282048	80039e70	dfabd3da8f83ab98
1286144	80039e5c	5420a6be4d8c0230
1290240	80039e60	8785b9e48583af49
1294336	80039e80	19042a81f62d33f3
1298432	80039e5c	c13009ddff1c64b2
1302528	80039e54	8687b0ed70cc6663
1306624	80039e70	fb2925213a9de8a3
1310720	80039e84	3e1335cc04cdf168
1314816	80039e6c	f7f06ea4569ca151
1318912	80039e64	85804800d7cbefd4
1323008	80039e68	6ff5373125b7dd95
1327104	80039e6c	65d76f3a1ac47e9f
1331200	80039e80	2321189016f4e109
1335296	80039e74	e5fbd656a63bdcfc
1339392	80039e48	b64b7ff2f4083af7
1343488	80039e40	dbf99aa925774181
1347584	80039e68	16ac2cf86faef070
1351680	80039e54	74b46f40a96a78fc
1355776	80040f34	518fc20dfba52d4f
1359872	800549ac	078cfd9ca11f398b
1363968	80054988	022271a304ca6f4a
1368064	8004603c	790f4491775d212d
1372160	8004cd08	5906ee5794c60c42
1376256	80040f20	da986a270cbbc8eb
1380352	800004b8	e1757e32bfbecab8
1384448	8000e988	7f313f4fedc32b85
1388544	8004959c	57e86de742b78499
1392640	80034b2c	27a6e539861b0073
1396736	8003533c	9948c066055d95fa
1400832	80049870	54492bca7f84c674
1404928	80033bec	e19d2168741f7e1e
1409024	80034648	4abfd8716b580985
1413120	80035110	b19539a86f6222e2
1417216	80035774	fb0aefe40cd3c351
1421312	80035398	efbffd8ddea87830
1425408	800340d4	616fd8996037f28c
1429504	80034d58	2b90b73aa1030d2f
1433600	80035398	d4e782f54948b21d
1437696	80035384	cd139b48a68ef1e7
1441792	80033ca4	dd4b03cecbd1f656
1445888	8003497c	60f40630f99edbd1
1449984	80035484	1b26964815e77231
1454080	80049878	773954bf50e3a901
1458176	80033c10	8e115cc4ac8ad762
1462272	800343dc	06a799a11525bc21
1466368	80035048	2d897394cc9afd8b
1470464	800476c8	a58ac4e875f71c41
1474560	80035794	74cb8218646d1176
1478656	80033fd8	22dd745d0351feca
1482752	80034c2c	fea38cfbde7dd86e
1486848	80035794	7b24ba0023b9e3a1
1490944	8003539c	d65f0b6be0e642a2
1495040	80033c04	3cb7cee355c56536
1499136	800345d4	4d6851f7d5f9f410
1503232	8003547c	c66e903d603994af
1507328	800476d4	c9121d14881d473c
1511424	80033bf0	947c7934a05626d9
1515520	800347bc	ca5b0904755f2631
1519616	80035388	eeb6f58804864bb2
1523712	80035380	d16d298fe1bdd45a
1527808	80033bfc	1db94ee5df3be092
1531904	80034918	5916103a02a26974
1536000	80035374	00e9b6b8d5dfe1fb
1540096	8004984c	0b818ab15f4cc542
1544192	80033c14	44fa674acb1e2222
1548288	8003494c	4026feef4c3af2de
1552384	80035380	49a212d8379f8962
1556480	8003577c	1dcf408d0f9a784a
1560576	80033c50	d58369b832207428
1564672	800349cc	307271055f1c47bd
1568768	800390b8	b573aa91f53353ab
1572864	800140ac	59cb27f76508d925
1576960	80033c84	cc09b3656a21aba2
1581056	80034a00	025f7e77adad7694
1585152	80047704	6ed5d7f0f0a8fdb4
1589248	8003538c	36d9dd1834e7a256
1593344	80033f3c	df651e8362d856c6
1597440	80034b48	89f9f3d0a9987d0e
1601536	8003537c	7e880f41b13fb5fb
1605632	8004772c	fc0d576938c35dac
1609728	80033c10	d31a1d220a904757
1613824	800344f0	878afab719284558
1617920	80035170	aaf9b5eae244e11b
1622016	8003537c	60dacc3c1b796e0f
1626112	800476c8	39f1805bb238d0a0
1630208	80033cac	2cbb2194f720c5a0
1634304	80034988	c6297b2ba5a160cd
1638400	8003535c	09271cb81879fe3f
1642496	80035374	bada9bb66da0946b
1646592	800476cc	8bab820d35b1d0a8
1650688	800341ac	bdef2228a75e2b78
1654784	80034d5c	badb7067be43b61a
1658880	800390dc	e7b40440900794f7
1662976	80049864	366b5eeddcc38f33
1667072	80033c08	038ac4289a2061ea
1671168	80034988	0457b37848498873
1675264	8003906c	69bf44161f729b71
1679360	8003576c	fcddfd1193da36fb
1683456	80033c14	f28c41acd2fa0cac
1687552	800344f8	cf2adaaf61e36731
1691648	80035274	ff600deda6897a32
1695744	800476b4	8db8702cf157c326
1699840	80033c08	f88938bf6a46a8b6
1703936	80034868	be5ad8d924a7292f
1708032	8003578c	87f9906f3c82404a
1712128	8003535c	bc20bdba867148de
1716224	80033da4	3b8ea154f1a921e0
1720320	80034a7c	9114de9acb08d182
1724416	80035390	ee9ac34ccaed1749
1728512	800476d8	e61c0031c2674f00
1732608	80033fcc	fc31152d1e033d90
1736704	80034d48	d65b804259203f3f
1740800	80035394	def4fa56d8802201
1744896	80035380	b29ed54f1eb4b784
1748992	80034088	abe307ba7bd0afc8
1753088	80034e04	e1ade21297ba4038
1757184	800353cc	3dbdc28d96279b07
1761280	80035380	fce7f61a8fff5be7
1765376	80033ccc	2a358f12ab61603a
1769472	8003487c	2075b8dd0873b426
1773568	800476c0	20c6c74974770b3d
1777664	80035344	7cced10ebfe17b2a
1781760	80035380	161c211ae1dfb885
1785856	8003434c	1b425957b84de09e
1789952	80034fb4	002c3668b738504b
1794048	80035390	7cb77e7bdc9b7fa6
1798144	80035364	debbe768c167972e
1802240	80033e48	7ae4c6233001e2be
1806336	80034a9c	2badf82ec659ec23
1810432	80049850	e510ca3c7f43f53f
1814528	80035338	16b87f4d3c8944c0
1818624	80033dc4	e5d216b03ec20da4
1822720	80034ae8	b08db8dcc7b265d0
1826816	8003538c	a5b057b63452e52b
1830912	800357e0	5664a5d99caf8fec
1835008	80035388	97af1b8125b702a4
1839104	80034224	fb05ebc2546d90fa
1843200	80034ea8	08d3d0c41bb0bd59
1847296	80035374	f7b40e9221bd2d15
1851392	800357e0	d794ecb1427f7a0c
1855488	8003422c	494f944de12143a0
1859584	80034df8	0c177588de7566f1
1863680	80014084	b76b626b28ffbc10
1867776	80035338	3a53bbc54c181848
1871872	80033e00	f802614c4e0666df
1875968	80034b7c	911aafa7a7337ba3
1880064	80035780	f247a6342f160e58
1884160	80049860	9945a88cda25d549
1888256	800340cc	618ce8757c979edf
1892352	80034e48	9b88b5d3a6edef14
1896448	80047740	04639f7f7b45b5c4
1900544	80035378	400d13949ce1988d
1904640	80033d34	4413be043ab4342b
1908736	80034708	7c4c9e40a383ceb7
1912832	80035230	e81598372a42f805
1916928	80035384	68996b71cd6006d6
1921024	800476d0	628a7dd4921976b4
1925120	80033c14	77cf65a2dbfe338c
1929216	80034798	3bbafc3389659621
1933312	80035358	38f010f4a1343ea3
1937408	8003537c	376bf30172ee40dd
1941504	800357e8	55147ca9bae089a4
1945600	80033d5c	bccd17aca3261755
1949696	80034888	a2b3b9c33eb2aeee
1953792	80035224	d957c4dfa0c82900
1957888	8004986c	295659dca16cc883
1961984	800353c4	b8db2b0fb73b4c00
1966080	80033e58	c8aa941c6a756adf
1970176	800347fc	c788924bd73ba37b
1974272	80035490	30ae4c28e6f23d0f
1978368	80035398	a643dfdcbf46fa3c
1982464	80049888	00718d975ff113e3
1986560	80033cf4	7fa0cf224a153dcd
1990656	800348d8	86009bae44527ff2
1994752	800476b4	2e29fe9a41416cca
1998848	80035374	c3322d60f159d6a5
2002944	80035394	100fdf2d92c2a574
2007040	80033e9c	c678ed44564f4a0d
2011136	800349c8	7ce0fce53e00634a
2015232	800357f0	23aa7f911cc19d56
2019328	80047710	091bfd05ebc358ae
2023424	80035380	eca1675b48eeb456
2027520	8003416c	07d07321cb4edd61
2031616	80034ea4	c54cb5eed81879e1
2035712	80035374	bcfead21f68753b7
2039808	800357e0	9a95481c806933e5
2043904	80033c00	a82cee01646093a3
2048000	800346ec	8fc2ea8d2cac840d
2052096	80035118	1797bb22c575b6de
2056192	8003578c	6fb90fdab5b26343
2060288	80035364	7a108a0529c6e466
2064384	80033fe4	b69b988aed0c3555
2068480	80034cd8	a78af076d011587a
2072576	80035388	da5e9ad80044831b
2076672	800476c8	0c2afa2aacaec91a
2080768	80033c18	af37f3988cd32fb3
2084864	800347fc	18cfd087af29f395
2088960	8003548c	8407062c9b8bf89e
2093056	800390d4	a0201db51de32010
2097152	80035378	bca37f2dc3ab4ae5	9ab611a46f9b2023	7bed8159bb569479
2101248	80033dc4	f022daefa414af41
2105344	80034904	48537aaab292e200
2109440	800351f0	84336b275733c42d
2113536	80035388	ef0be4a59b32d57b
2117632	8003576c	de56a8c2f7f15140
2121728	80034034	016d50a9ec120727
2125824	80034db0	3603d67ae115e2df
2129920	800390b8	e91360caf004a43e
2134016	8004985c	227c9d4f533a7d7b
2138112	80033d1c	fefd4d1eb0d79a29
2142208	80034a54	ac287605591b7e91
2146304	80047714	3db174c774181095
2150400	80035380	a543dd8d6b617b6e
2154496	80033ccc	16fd9065e92c9c73
2158592	800346f8	4275cee49bf3486e
2162688	800352dc	44c6c9e20f25b437
2166784	80049898	9dc9c167877f29a9
2170880	8001407c	1ed17db11df140d2
2174976	80034080	ea74cca9db29c5d8
2179072	80034cbc	199e19c9ce9c6809
2183168	80035780	6a5298ae40f6b997
2187264	80035358	7653ec4acf217ffd
2191360	80033ddc	0dba2db07954bbac
2195456	8003491c	1d308b16f36212cd
2199552	800352c0	e8bfb48f68c06598
2203648	800476d4	1ce4e3091361438b
2207744	8003577c	e8bf706f32f6f0a0
2211840	80033ee4	0872003d059e1f1e
2215936	800347d0	f0c71b7daf045e26
2220032	80035780	894ae95541264d78
2224128	80035378	66e1e569a7886fe9
2228224	800476c4	5729147f8447522a
2232320	80034018	fb9f71ecf4d6d18b
2236416	80034d94	ff833fb697d29fd4
2240512	80035374	67831c6b519e6967
2244608	800390d0	9d5fe67ba7772ea3
2248704	80033db8	2ac0557ecfa2c0a1
2252800	80034b34	52265bd538e82f5c
2256896	8003909c	8a8eab3960d72779
2260992	80049848	7a9fc1a8e8f12aad
2265088	80033c00	9450360aa45221b5
2269184	8003487c	8423a1eb94ac313d
2273280	80047700	b475f84ff7ef3f4b
2277376	80035384	fcf5416164f09dd2
2281472	800353c0	6aa9dc0d9dcbdbf9
2285568	800343b4	bbae5215d7dc5e1f
2289664	80034cb4	d99895bb8258ab43
2293760	800357f0	7c17427e3692dc7b
2297856	80047700	8921bf1af4c75f33
2301952	80033bfc	32a2bbbba31d2655
2306048	80034878	cb201dc4c8537a75
2310144	800357a0	282533316e11c9bd
2314240	80035390	0f158ef20c99933e
2318336	80035358	4b47342e529b5110
2322432	80034530	f55d30a20a8268a9
2326528	800352ac	fe853120d4fb8cd7
2330624	80049878	7bc81d97ae7bf573
2334720	80035780	a61c9f5491f60a0f
2338816	8003403c	1ad8ba484cbdadbf
2342912	80034b7c	6b03f087f2b7c562
2347008	8003576c	c511072a1f5581ec
2351104	80035394	9cbf2283dd5449a9
2355200	80033bec	615eaa073ecb81bc
2359296	80034798	88d1f0170b3360d2
2363392	800351c4	9c22387cdedc9610
2367488	80035374	f2abc62ea1ebf108
2371584	80035398	41a2cd5a9d30137e
2375680	80034538	96502afb7fcac8dc
2379776	80035178	dcd77fa836df49ae
2383872	800353d0	95827e2bcfa9b910
2387968	800498a0	e8d219d7abf77c87
2392064	80033cdc	427603201cf3b9db
2396160	800348c0	c8335a7233841ac6
2400256	80047714	183b6f61990e121a
2404352	8003538c	36d2cd92655cf2c7
2408448	800353cc	048fa423384cf507
2412544	80033e88	83f1366dcac5e1ed
2416640	800349c8	4745e54456bb7ee9
2420736	800352b4	0ace64bc936cc6eb
2424832	80047728	e6033880ee863d81
2428928	8003537c	9773e4af26f2134e
2433024	80033f64	ccfbd9b262a109be
2437120	80034ab8	8944a98cc693c310
2441216	80035380	230a3081b56d1a37
2445312	80035354	f857c0b97dfedba9
2449408	80047724	28e8ab37c5ae019e
2453504	80034054	c0ba3bc225285eb7
2457600	80034954	a946f2b926484873
2461696	80035394	5e4c4f12fcd12b58
2465792	80035378	1f5b45e06c688978
2469888	80033ce4	58ab3697b9c1ee00
2473984	800349bc	e28321d29736fe54
2478080	80035388	9e547a3ec88c4d0c
2482176	8004987c	20c80cefe8d8b74d
2486272	80033cfc	d6fc7349dad9068f
2490368	80034a78	c9110c6d73accc5e
2494464	800353d0	33ebb606ba60cb83
2498560	800353d0	29813ae7e1eaacc0
2502656	80033c10	e0ad6ed5f5ecff24
2506752	800346ac	37f35c8f68c38f6c
2510848	80035058	1787cb569a0c8f27
2514944	80035388	db309aeed70ce618
2519040	80035384	e3e0b6f80e07af42
2523136	80034010	6257534baf680b37
2527232	80034b3c	37207805ccd0d0fe
2531328	800390ac	e72f392be6ffbf78
2535424	800140b4	37e74984a8272548
2539520	80035378	e647fde6726d5777
2543616	800340ec	12052a4467dc1a7e
2547712	80034c2c	ee3fab49d9c067b7
2551808	80035388	530f8e499aa99e3f
2555904	80035390	5d7c67e3c809eb64
2560000	80033bf0	b22695debd634dba
2564096	800343e4	1cb846299fce960e
2568192	80034f58	439c75969075be1b
2572288	800476e0	fae5964ce7ea30c4
2576384	80035398	e959b382681481ab
2580480	800341a0	e01db97098fdfb88
2584576	80034f1c	3ba8f288e3c3da6d
2588672	8003537c	920b1c1cee11ed15
2592768	80035384	1729f98069adb2de
2596864	80034510	c7e28e1c1be995b7
2600960	8003511c	a62597374da8d87e
2605056	800353d0	af23f46e82f7450b
2609152	800390d0	9477741e8d34fb3d
2613248	80033da8	f01f0a8b53db3208
2617344	800349bc	a6ecddc2f8df0d50
2621440	80035798	79ca0bbe7c637468
2625536	800357e8	ae21731ee794739e
2629632	800357bc	bc403cb8223d2848
2633728	80033cf8	d7bb3e60f252d446
2637824	80034a18	c3cdc4486df7e753
2641920	80049860	9740f2485acb539b
2646016	80035394	006eaf0b372fc723
2650112	80033f68	441eccff17bf8712
2654208	8003493c	362ad89ef1e323c9
2658304	800357ac	4e3e98a530001ce6
2662400	800390bc	0a685d9e9a9808a6
2666496	80033c3c	06e1e8e4091e938a
2670592	800347ec	c963192499abd38b
2674688	80035130	b7fed68239e45e0b
2678784	800357a8	64a718970c5e5da9
2682880	800357a0	f6a0c6bbf3326cda
2686976	80033e24	8bfd4fb0e8b68e5c
2691072	800349d4	d26314b4d2ab21b8
2695168	80035358	9570a9b2cf52437c
2699264	80040f44	c8af6eacb94a5512
2703360	800497ec	b937718f9e98fb1a
2707456	800476dc	108c28a3006a8ef7
2711552	800475a4	1298ef29a98a73fe
2715648	800475a0	aba30e0cf9abd28f
2719744	800397b0	275bb6bea4cecc64
2723840	8002cef0	41aabfca2b63ae96
2727936	800475b8	b3de62421fddb2b1
2732032	800397e0	3a4f850e355b65d0
2736128	800475dc	7a91dc7038b57abb
2740224	8002ceec	5883f2f806657f69
2744320	800397d0	06f10652ea9da29d
2748416	800397e0	bb3b63e82a451b37
2752512	800397bc	358e6d0d195dd3af
2756608	800475c4	302e707a34be5f35
2760704	800397cc	91a87f7079f9e376
2764800	80014070	2936044649391f04
2768896	800397b8	0e8fdf3e11a307e0
2772992	800397dc	a54ac1278ac36095
2777088	8003980c	e99a5dfc172af280
2781184	800397c4	b8e9ecfb0aaf61da
2785280	80039860	174728280713ae11
2789376	800475c0	7576bbf176e41c63
2793472	80039804	d34514d968a596cb
2797568	8002ced0	0ed1bb78e26cd237
2801664	80014084	c88bda42a866fbaf
2805760	800397b4	c30dd0a7b3e88958
2809856	800397bc	3214cd51ad342497
2813952	800475f0	9f14117ffeeec675
2818048	800397f0	9daf72a4e3016e6e
2822144	800497d0	ed83af62c3fcdd16
2826240	80049808	7b616ed6015f5768
2830336	800003f4	36c5276dafb03c39
2834432	8002cfcc	ab90cc4fb0ae3f31
2838528	8003d2d0	cafa725d8f4c47b1
2842624	8003d3b8	b37d9794c42cec4a
2846720	80049758	80bbe7a09038233b
2850816	8003d308	1a94fbb92705181a
2854912	8002d1b4	446c3cc4a3998ccd
2859008	800497a8	18be4fdac398673b
2863104	8002d228	3505a4248a7fdefd
2867200	8003d2d8	a47f52375a873259
2871296	8002d1d4	71d5aeb0d5cff92d
2875392	8002d0ac	c3ac5d1e5bf3b983
2879488	8003d31c	f63a17e2d6956fd0
2883584	8003d2c0	cf200b11cdff6690
2887680	8003d2ac	645c86355f750e39
2891776	8002d1cc	5743a0df4aa5e3a2
2895872	8003d2e0	0d5d97aed7f3a42e
2899968	8003d3a4	e7e34ae51d4c8821
2904064	800497bc	8e5adfba9026fd7d
2908160	80049808	6534892ca88faf20
2912256	800497e4	aa1502fcdcc1838a
2916352	8002cc54	aa2dbae1a24f4292
2920448	80049808	ccb716edd8c486c5
2924544	800497e8	2c53574e5673bd61
2928640	800497dc	27ff9f14af387452
2932736	8002cc68	bde6de08a6659b0d
2936832	8002ccdc	d0168c11d585a779
2940928	800497d8	1ef3cc9dda72b559
2945024	800497b8	577e995a66c52a08
2949120	800497ec	2adff5bcda8eaf63
2953216	800497cc	69901bbe3ea0e019
2957312	80046228	16ba7940e74f0f17
2961408	800497f8	81e4efc23db3734f
2965504	8002ccd0	53bc01d2d859983b
2969600	800497ec	76053f103829ba73
2973696	800497cc	81dd9eee61b25ac8
2977792	800462ac	3f29b60d31f75b51
2981888	800497e0	1fe3260374842762
2985984	800497c0	2e5c8d0ea2624388
2990080	8004980c	9f43ff2a91eb9248
2994176	8002cc28	8378e782d1e9677e
2998272	80046218	4a248b5ba0f75c84
3002368	800497e8	6cf7d06b6f1d67ce
3006464	800497c8	c5eb895d95b5fcc1
3010560	800497fc	972f6f4ba4791f32
3014656	800497dc	22bc3cd1c136d623
3018752	8002cc5c	470cf0192c3b406d
3022848	800497f0	70de6de93d949b74
3026944	800497d8	5541054e03af0801
3031040	800497ec	3d32790d2155f49f
3035136	800497cc	1cdf392e614f5eae
3039232	800497c0	b208bb56745f1927
3043328	800497f8	1b6724bfb7a19206
3047424	800497d8	a7d7f0ca4d38c372
3051520	8002cc28	fdbcea9b42e90461
3055616	80045498	4dcea93130e6e291
3059712	80046f74	d9a785826971f8cf
3063808	80046268	c8c53695bf5a6648
3067904	800497d0	261b65af3390e296
3072000	80049808	ec1c687b66112bb9
3076096	800497e4	6b877e3949601e86
3080192	800497c4	3770a05292700215
3084288	800497fc	fe2591e8a81b8201
3088384	8002ccc8	b6238cfc7da969b8
3092480	800497d8	4af10b5d7745ecb3
3096576	80049768	95d6957dabec3d87
3100672	800497e8	420b78a7868628b2
3104768	800497c4	e7007a1fda5ee18c
3108864	800497dc	5b916072a5901f9d
3112960	800497b8	4e89d5b674d3fea9
3117056	800497f8	c9d99dfaa89e7926
3121152	800497d4	eb4015b239b07a37
3125248	8002cc54	5703c5d66e52b7fc
3129344	80049800	bad8c134b101c5fd
3133440	800497f4	491d9cd034c7a091
3137536	80039200	344ea0844b9681bc
3141632	800497c4	a2f3d4f4f8f8d065
3145728	800497dc	4817a4da5a84daf3	46fe812cf40445aa	7bed8159bb569479
3149824	8002cc58	1671e2b431c79ea1
3153920	8002ccb8	32d3faa64c2d71a6
3158016	800497c4	a83142714ccf65af
3162112	800497d0	549dab4b889fcb9f
3166208	80046240	0b770e6df96c17d0
3170304	800497cc	752897f8248e33cf
3174400	8002cc48	e73f8eb354bf3085
3178496	8002cc20	e4b7278ace8f9071
3182592	800497e8	4e83a6a2944d539e
3186688	80049308	08b3a45b1926e5d0
3190784	8002cc2c	652a85c3cf831ca9
3194880	80039a10	df2a3fdfb6434f10
3198976	800497ec	1cd41131132cfb49
3203072	800497cc	8967ea5f5b8bb899
3207168	80049800	282aa90ee5f386a0
3211264	800497e0	a9046f6d157721e9
3215360	80046724	2cb3f3cbd4c753b8
3219456	8004980c	284191830d7be7c8
3223552	8003d36c	42c0bbe262367e0f
3227648	8002cc44	747173f770bff2bc
3231744	80049800	a20bb5376cb173c8
3235840	8002cc68	c31bfa50e2047211
3239936	8002cc04	1d9f31777710d965
3244032	800497f0	f2d7e3c0cf6d6847
3248128	800497cc	b6af12f0dbd4578c
3252224	800497d0	3389d38a41b61449
3256320	80049808	e5231359a8f165ac
3260416	8004976c	9b938144d547b1e1
3264512	80049338	8fd1ae586b77546a
3268608	800497e0	7a7677c1ee25d8f3
3272704	800497bc	3940e6c5a659ef04
3276800	800497e4	66f8228c23bed05f
3280896	800497c0	2f43ff068924fb3e
3284992	80049264	25e940c079db48cd
3289088	800497c4	f7f15453da3b5db7
3293184	8002cc38	8d916e808d3865dc
3297280	80049804	da010d83e3b769c3
3301376	8002cc34	931d4eead37a8e6f
3305472	800497b8	eb8bf5f806318982
3309568	80049800	4d7e5b1a299f458c
3313664	8002cc20	2353c78a92b93a2f
3317760	8002cc30	712c0d868c6f4818
3321856	8002cc20	db36009baacac478
3325952	8002ccb4	abba8db82738759d
3330048	80046bac	739ed0425ba2bad8
3334144	800497ec	286ba027a97fa2fa
3338240	80049808	7349dd2e1c1eefb6
3342336	800497fc	6b6512799f15ccc4
3346432	800497dc	33331ec951e2b152
3350528	800497bc	764fbeb806edf6be
3354624	8002cc58	a881c36834994823
3358720	800497e0	18e06dd7938773e4
3362816	800497c0	faf0c60699a94922
3366912	800497f8	b7e447755bdf6c29
3371008	8002cc4c	2dd8f71be96a83a8
3375104	800497d4	a57e6125f500d389
3379200	800497e0	0097afbcbeaf0fa8
3383296	800003d8	60a983e3c98c1dcd
3387392	8004980c	21835b410f43e8ec
3391488	8002cc58	eee82199b039a258
3395584	8002cc38	13a42770f734e83e
3399680	80045404	bb334b15a60013ab
3403776	800497c4	517c06e22cc2432c
3407872	800497ec	49872046065e2871
3411968	800497c8	7570690cbf9746ea
3416064	8002cc20	60216aa7de20dff9
3420160	800497c8	d127231c05a91d11
3424256	800497e4	8ab3d4805acab0bb
3428352	800497c0	ae4556ee6e593b7e
3432448	8004976c	393886b5194b9f97
3436544	800497dc	86ab7f05795b7122
3440640	800453fc	6ae9ef265d8de532
3444736	8004674c	5fe1f36d99d0eab8
3448832	8002cc20	3d39a0098483d293
3452928	80049800	74fb92fac2b4bcf4
3457024	80049720	9be4078171e5b3f6
3461120	800497dc	39c5f7c0d603d9e2
3465216	800497bc	c8047097aa69e0cc
3469312	8002ccb4	6faad9d9c4fc583f
3473408	8002cce0	942505361790da28
3477504	800497fc	09235fb59bf1a1c3
3481600	800497e8	3e094cadc10831f9
3485696	800497d0	d3ad814cf0f2ad77
3489792	800497fc	ec7f89829bb35855
3493888	80039ab8	83c8009f391f483d
3497984	8002ccf8	c5b0867cd8bab262
3502080	800497f4	97e9c5fa1f75c5f6
3506176	8002cc54	3a1a78e80671fc0f
3510272	800497f0	40f896ec3a1766d9
3514368	8002cc48	e2d9e73820ba4cfc
3518464	8002cc58	26cbfec4b23032ba
3522560	8002cc58	ee9d8998c693a106
3526656	8004628c	2cf0f255a7f5cc27
3530752	8002cc58	2b90bfb540c8c63e
3534848	800497b8	634037530ff22e78
3538944	8002cc4c	089f9b4ae412033c
3543040	8004980c	c6dd881043a5f8be
3547136	8002cce0	34981429c111410e
3551232	8002cc44	ee04bc57ca3f623e
3555328	8002ccd0	23fae1d18e033e40
3559424	800497f4	f7f30f0577881893
3563520	800454c0	356cc8267faae7f3
3567616	800497cc	f80a17d4bf123ad8
3571712	8002cc5c	685c44000211cccf
3575808	8002cbd8	073d3d20a17ee272
3579904	8002ccb8	718affbb33f67e65
3584000	800497e4	0e5db03fe3defb31
3588096	800497c0	17067195820ec3d4
3592192	80046e28	d765c5109ee91a5a
3596288	800497c4	7307c9a18a48e6c2
3600384	800497f8	c2c87ac0e9ef1f1b
3604480	80039b30	f998bf0b8864ace7
3608576	8002cc6c	5e66f2e8e00b2722
3612672	8002cc6c	33f0e093f8224a53
3616768	800497f4	74d3eb5a3ffe8ea3
3620864	800497d0	81261150407c0411
3624960	80049804	b4bc00e4ea08d1f2
3629056	8002cc5c	0769aac37c9f3390
3633152	800497f4	e480e63b397d3c4f
3637248	800497e4	da86ed522a967415
3641344	8002cc60	46d9198a5da9aede
3645440	8004578c	4e393a9a8d5c2b5d
3649536	800497e4	749b60ced99931f4
3653632	80049800	d1d8f6b865156a93
3657728	8002cc6c	ab8a17e36978aab7
3661824	800497d8	c4010550b2bf8075
3665920	800497cc	61af0b664dc11a67
3670016	80039b5c	8cdaf6d8c540af01
3674112	80049760	f8058fe2d4ccd6cc
3678208	800497bc	db81124459cb07a6
3682304	8002cc58	dba52e0a3d2b2cda
3686400	80049804	f8813e8555f67fa0
3690496	8002cc40	f20afa6a71be7e75
3694592	8002cc40	be0931cd6486152b
3698688	8002cc40	bcd893c2ff365220
3702784	8002cc40	08703a1603dbceaf
3706880	8002cce4	294df25931340a24
3710976	80000408	927fdcf9cf244b62
3715072	800497d4	3ba50cabe1b52fb5
3719168	8004980c	55bd36018634bb15
3723264	80049800	4e08674a96813d9f
3727360	8002cbd0	703ea12858d7cc6c
3731456	8002cc4c	5f2d0bc4fada7da8
3735552	8002cc54	794fe0ffa453fcfa
3739648	80049800	00386414001f3a03
3743744	80049324	d31d34f5a928d53a
3747840	80039b48	2c6ff85751c88776
3751936	8002cc48	a5fb2baca2d2baaf
3756032	8002cc48	2bbd716059d528b8
3760128	80039ac8	0ac5bb9947550b6d
3764224	8002cc24	f121414e7727e64d
3768320	8002cc70	355ecf4fbcd19674
3772416	8002cc20	99646b7d49be8ef2
3776512	800496d8	8ccb7fe0be23c90c
3780608	800497c4	b1b7c1f11a3f4fa9
3784704	80000378	07e4dee783c584e8
3788800	8002cc6c	4ffb45b53ff86b85
3792896	8002cc6c	aed2096f4c6a5391
3796992	80049800	6a0d26f751b0a5cc
3801088	800497e0	d09d098015940d35
3805184	8002ccd4	0f63c74ba94087f5
3809280	800497bc	db702ea2c78a35c9
3813376	800497c0	1ef01d90611de5dd
3817472	80049770	b5780df42eec530b
3821568	800497ec	103c95529127fce5
3825664	8002cc70	8ffe9d0e532cd75a
3829760	800497c8	e3c81d74f2bebdc0
3833856	8002cc40	49000a0c55b40705
3837952	8002ccf4	ed2ce462ebc782be
3842048	80049800	c5c00e89dc84938d
3846144	8004626c	cb8ad144fb6096f6
3850240	800497d4	aa55c4797db50fa0
3854336	8002cc4c	3cc41fd418971f53
3858432	800497c8	13b01a4be3f37b5e
3862528	800497bc	92bec4e88a7df496
3866624	800497f4	5406690e6068b9eb
3870720	8004547c	8492874ff1ef6790
3874816	80049808	2ad421283da591b5
3878912	800497e8	28c58254caef187c
3883008	8002cc60	ad63297ea683e098
3887104	8002cccc	bed1011ee78a6a55
3891200	800497f4	49ab70dcc99d6864
3895296	800497d4	5dc4bf9902122212
3899392	80049750	47462e503fd4ff88
3903488	800004fc	a32cead7862aa9dd
3907584	800497c0	481d5d1ee87cb2a9
3911680	8003d2e4	2723502c06fee1bd
3915776	800497bc	be0197034ced1fc5
3919872	800497fc	3e81919847c9f3e6
3923968	80046268	093621c33d93d52b
3928064	800497d0	a734144ff65869d4
3932160	8002cc34	62efbb99ef23f770
3936256	80049804	b48cacd9ab16f19f
3940352	80049728	cf409dadd1716b3f
3944448	8002cc4c	627964e060ffa66f
3948544	8002cccc	569ddc59d5a6e7e1
3952640	800497d4	1d89e34a8bc4bf5c
3956736	800497e4	f9cb7608cc4cdc37
3960832	800497c4	c220dd96291b8d25
3964928	800497f8	9938d6ee87793735
3969024	800497d8	cd63003c425b03bb
3973120	8004671c	287b94c4b09e0975
3977216	8002cc60	85fa5709f17ef339
3981312	80000350	4cd107b57d066445
3985408	800497d8	802997783c6829c5
3989504	80049790	d24c5871a0ef72a9
3993600	800497f8	452ab6faddd59f4a
3997696	800497d4	314583fa5f0e333d
4001792	8002cc24	70d2cbddc73b5270
4005888	8002ccc0	206e3d0b160e674d
4009984	80049808	91286f9db6c6d0b9
4014080	8004976c	11639691a26f856e
4018176	800497dc	5757513c547f77b7
4022272	800497bc	e64b4f45541b4bd8
4026368	800497f0	8781ca831e4615d7
4030464	800497d0	bf1068061d7e3d8b
4034560	800003c8	583be49b8892ae31
4038656	800497fc	7860af1f1b849ffd
4042752	800497dc	807ec1f10377df42
4046848	80049810	e97b9e47bf9ad5cd
4050944	800497f0	181cfee6aedf95bd
4055040	800497d0	09f9fefaf62c7b42
4059136	800497c0	d4b7718dc44a83f9
4063232	8002cc30	01649991fd89b053
4067328	800497c8	a2da6473f54b8957
4071424	80000348	e64b315fcd1fc1a1
4075520	80049804	a45bb60ed2970c05
4079616	800497e0	3065cfcb593f5916
4083712	8002ccc4	672abf8b66930aa4
4087808	800497f4	19f2b0d156711dd3
4091904	800497d4	f8925da30f48a1f3
4096000	80049808	2bed904b0457ddff
4100096	80049650	0f71d61aba7c278a
4104192	800497fc	54f8057d84eb855c
4108288	800497dc	c0972662e133fea4
4112384	800497d0	c835e340a571880b
4116480	800003c0	9ccf2e9533f6474a
4120576	800497f4	8f23e9b52015e513
4124672	800497d4	19afdcc5942d2b5d
4128768	8002cc2c	25deb5c3177ee9f2
4132864	800497bc	5ee1c2f862313709
4136960	800497c0	d8c255af930fa734
4141056	80047040	7cda4a0b052878a3
4145152	800497f0	b66e87f7459d55de
4149248	800497c0	343c67cc4a3cd1c0
4153344	800497d8	dfcdf70a77817247
4157440	800497b8	77d71b39e4532772
4161536	800497ec	05a8a17727a81f92
4165632	800497dc	120b1edf3d17ef69
4169728	80046238	de47a77c25dbcaf7
4173824	80049808	4a663ec078b40348
4177920	8002ccdc	44c883e8bc986ebf
4182016	800497d0	d85b44280bcacc8a
4186112	80049804	54fd12c10466d303
4190208	80049800	f95914f15abe8e42
4194304	80045524	71878b534069fa36	24cb2411ca6f26bb	7bed8159bb569479
4198400	800497d0	75d60a6565431bbc
4202496	80049760	3465112987471900
4206592	80049800	c71a4105b3cec318
4210688	8002cc38	85c0546dbc931450
4214784	80046240	5cf51b4d07d3030e
4218880	8002cc50	b0c44051157c8917
4222976	80049808	e7da70a1daf1aa3a
4227072	800497c4	8f46554961823904
4231168	800497c0	849b02b27e5afd6f
4235264	800497c8	a4c9da3815935408
4239360	800497c0	3bf82b4fde2c686c
4243456	8002ccd8	a0111127109729b8
4247552	800497c4	09fe0daafd8ff1cb
4251648	800497f8	97f2ec34ed86ae46
4255744	800497d8	79113643e2a2f793
4259840	800497c8	b9484be512b9b3e5
4263936	800497bc	cf3bf35659c73764
4268032	800497f4	328418ebba4a7427
4272128	800497d0	bf750daee80f32ec
4276224	80045400	705c082a5f7ddee0
4280320	8002cc34	9898c64b1ba4dd7b
4284416	800496c4	f9329c4bfc502078
4288512	80049804	85cc2c879745da92
4292608	800497f8	b2afa9c676fb7f06
4296704	800497c0	ae5346845113cc2b
4300800	8004932c	2a0d5d66c1f018ab
4304896	80045770	213eb19b04159def
4308992	800003dc	cc9eeba79e90427e
4313088	80049804	11834fc9e7fe781c
4317184	8002cc48	580c78874af4e5e1
4321280	800497d8	61a9de219872dfcb
4325376	8002cc28	ea47e8c46de86543
4329472	8003d8d4	5391783b1ff4dbc0
4333568	8002cc48	943dc1608cdb9647
4337664	8002cc48	a03bad087ada7266
4341760	8002cc48	72e2a455fea9767a
4345856	8002cc48	96520e8bcd935b63
4349952	8002ccc0	dfec3c6ea9062b73
4354048	800497e4	df72a4a8c9b4ed12
4358144	80049800	91bba50de205d3a6
4362240	8002cc2c	14f960fd54ee8688
4366336	8004547c	999eff38c250bd56
4370432	80049808	77c798d22315602f
4374528	8002ccb8	7a3fb0bbbf01a2c3
4378624	800497d8	94e8719d1bcabe69
4382720	8004980c	aaa122d0468da44b
4386816	800497e4	c915925d9efe78f0
4390912	800497fc	a3f9ec16fb4feb05
4395008	8002cc2c	dc2f1ac59a7593c8
4399104	8002ccdc	2cf8eebbe1b120b8
4403200	8002cc30	04482a7a3305f421
4407296	8002ccec	8c721bcfd05663d9
4411392	800497d8	ed1f4b314635e53a
4415488	8002cc00	28c3d8663cc1bd00
4419584	8002cc68	54a743200fd9bde2
4423680	8002cc5c	56e3257b2f5a5e1f
4427776	8002cc34	09250ea01bbbfc1c
4431872	8002ccd4	319ca27e801230fe
4435968	80046ff4	5b51244ca90f95bb
4440064	8002cc2c	e1b2f410440dde1e
4444160	8002cc30	9d96a284196b2865
4448256	800497d4	a17d1fedc3be0b93
4452352	8002cc5c	b53570655fe8921d
4456448	8002cc24	3fd0856c80e3c5d7
4460544	80046740	13f0a9baed2341a3
4464640	8002cc54	794e4fb9680bd5e2
4468736	8002ccc0	b6bfb904564312d4
4472832	80049338	a3728d1a078efd2e
4476928	800497e8	150417b291c0efca
4481024	8002ccec	216cf59c5e7ffe8b
4485120	80039b48	0cb57d000ee9351d
4489216	8002cc60	75f73ca174b57af7
4493312	8002cc48	e79803140807e0ce
4497408	8002cc40	8870f8714cdcfb54
4501504	8002ccfc	f1f77d254f9e011f
4505600	8002cccc	92ddaa430739c27c
4509696	80039a94	0a7fb5cd6dcfdc7f
4513792	8002cc28	c5a0e77945c4d3a4
4517888	8002cc4c	a37635f80f2c972c
4521984	8002cc5c	fd801d66febdebf1
4526080	8002cc60	a645a643999b0d46
4530176	8002cc24	a7c7d84c1fe6f395
4534272	8002ccdc	0cc765ea5e5ddbd6
4538368	8002cc58	8bafc92fcb2d96d3
4542464	8002cc50	40577e4cb1bd057a
4546560	800497ec	5a30a4b2698ebcae
4550656	8002cc34	c4d74ad81130a376
4554752	8002cc1c	b70f6c732b625a51
4558848	8002cc64	e868323180934e21
4562944	8002cc5c	38efd54c8359b886
4567040	8002ccf8	c022e5de6d23b85d
4571136	8002ccc0	2a6a367b359923e6
4575232	8002cc44	ddb284c4caba698f
4579328	8002cc28	47ca394fc61870df
4583424	8002cce8	24e5f36d926cff41
4587520	8002ccec	75dfc3fd5d075aaa
4591616	8002cc40	9e3c032522459de7
4595712	800497f4	b2462d90f7d606ff
4599808	8002cc4c	b5513b8cc291677f
4603904	8002cc44	ab3c89d3793b751b
4608000	8002cc5c	3ab9155c0473e366
4612096	8002ccf0	b792cc7c07b9cf84
4616192	8002cc24	eb5632e6310b9cb6
4620288	8002d2fc	9559087661f22cd5
4624384	800497f4	d6117a78800dcd7e
4628480	800497d0	ead66e55ae658992
4632576	80049808	4a6d64a2a138c453
4636672	800497e8	4254c893e53a0fba
4640768	800497c4	e739fc0c97df3dbd
4644864	800497fc	8d1796ca014c2a03
4648960	80049318	4dae498954ab72bf
4653056	800497d0	60b83a3078d82dba
4657152	80049808	ee214847160d559a
4661248	800497e4	0371ec572530f5c0
4665344	8002cc24	31845fc241ff4fca
4669440	8002cc30	5db0ec7a0cdafa8f
4673536	800497dc	40a65caee3147b89
4677632	80049768	f1a63034f6e8d60d
4681728	80049808	b70e9effc3c55f47
4685824	800497e8	3baf2b0beffb01ff
4689920	800497c4	36f9baf12f58d5e7
4694016	800497fc	57571c4854c29816
4698112	8000036c	2d4073745a162704
4702208	800497d0	a28c12dda4cafebf
4706304	80049808	b2221ba65e2b5740
4710400	800497e4	2281e6cab26d8b91
4714496	800497c4	8711e02d24bdf5f8
4718592	800497fc	823daeffea5d82bf
4722688	800497f0	b324b666dfc2218c
4726784	8002cc50	787b15dc1cd0c2e7
4730880	8002cc28	ce34d1e64072618b
4734976	80046238	82f11624d3f69aab
4739072	80049808	d5b0515de1b2245e
4743168	800497e8	c63bd640258313fe
4747264	800497c4	c4a0c769f4afcfc4
4751360	800497fc	304107ecb8dc93a9
4755456	800497dc	2034b125ce40efeb
4759552	8002cc24	72851bed1b5e5f64
4763648	8002cc68	676dfcdb7e37d25b
4767744	8003d2d4	da84ea4a9d5c8cc5
4771840	800393ec	e139f0c59cfec44a
4775936	800393ec	652a202b7b9e92bb
4780032	800393cc	9f0dab8320cb4f8d
4784128	8002d5c0	b57029d413a86141
4788224	800497e4	4bca5149b264b81e
4792320	800454b0	27f22ff4c6de5d44
4796416	800497f8	6ff163a82e7ce1b3
4800512	800497bc	cadbeee51919a127
4804608	800497f4	54cc272018b692ca
4808704	800497d0	2edabae86c864e57
4812800	8004980c	b726e4c70f07cf11
4816896	800497b8	b66c510b360714d0
4820992	80049760	656be05a54c55130
4825088	800497d0	fac31aa30738e1bd
4829184	80049804	42785355fcf2d776
4833280	8004980c	bd8df264fa6df9aa
4837376	80049800	7452b66f4ab0dcb7
4841472	800497c8	c9649ff58ab12c53
4845568	80049800	3b3d95d3ad5555c1
4849664	80049724	521364c64454680e
4853760	800497c0	4c5a2aad84bc3e0e
4857856	800497f4	436d6b21e03a8af2
4861952	800497d4	76f43a04426bd33b
4866048	800497ec	6d73dd6e8ddc6bbc
4870144	800497f4	8f8a2368cc93ca5a
4874240	800497b8	28e7e1bcae9ce057
4878336	800003fc	4ffcb05dbb0b0b43
4882432	80046280	f9fbd95204302777
4886528	8004933c	c527ea6917c42ef9
4890624	800497ec	cd0d34a286f52b48
4894720	800003fc	e5bb791d10f7749a
4898816	800497f8	f49ecfad718546e9
4902912	800497bc	96205baca3aed52f
4907008	80049808	17aa000945691aef
4911104	800454d4	b2636469c1e1b56b
4915200	80049804	6c2fe08b71747c15
4919296	80049804	f3a1579fabb598be
4923392	800497c4	b51266a8556e15cb
4927488	800497f8	bb92a3fac72e8d3a
4931584	80049800	f8729808ee81f1e3
4935680	80049764	7d687ebcc890062f
4939776	80049754	bcd72827f846301b
4943872	80045494	2887fdcaf0f651d1
4947968	800497f4	aafb3a0f7ec051e8
4952064	800496c4	76a54581f0928ea3
4956160	8004974c	4d88725c6aeb7a07
4960256	800399f4	4c0a734cc8597048
4964352	80047004	aa3f73ca50e03778
4968448	800497e4	9562ac9be591bc16
4972544	800497c8	093ebc0912e6d2f6
4976640	800497b8	de677f4d2e3fe12f
4980736	800399f8	40805fce07866380
4984832	800496cc	3943c2ac996d1764
4988928	80046d0c	7564d365ed5dfc6b
4993024	800003ec	97febb4fe4028735
4997120	800497b8	c6379c7f46a9815f
5001216	80046b6c	21571c4e4ab6788c
5005312	8003d2e8	93f9612d3aebffa8
5009408	800497c0	b66fb090ce429704
5013504	800497d8	90c7395b2de61049
5017600	800497d8	18a11bcfcdeffa3f
5021696	800497cc	4977943b1c81a934
5025792	800497d4	d37942919f8ba8d8
5029888	80049338	197535f42e030f18
5033984	8004671c	af3daeffa4f4b871
5038080	80049804	66369ebc447d894e
5042176	800497cc	fe3445d422e204b5
5046272	80049804	7d3742c45ede5fc7
5050368	800497e4	f93077866c98434e
5054464	800497e8	60d553c88fd40acf
5058560	80049800	b8d3f4bdc7315878
5062656	800497dc	99d823b7cd73a2f8
5066752	800497f4	9875528235e7bd74
5070848	800497d0	1426040574965ae3
5074944	800497d8	59bf4f005425e545
5079040	800497e0	e3d49fcbd6794f56
5083136	800497e8	ede2a3076bd19ed0
5087232	800497dc	77b74acb0de6373d
5091328	800497bc	dc12bf0c454d7755
5095424	800497f0	e3271f1f423b240c
5099520	8004980c	28e77409437152ee
5103616	800497ec	71326b03c82c2e3f
5107712	800454b8	94f3fe9437fc9cd0
5111808	80049308	5bfede308b534c47
5115904	800497c0	76af28d64738deac
5120000	800497f8	a228fb27c96c64f9
5124096	800497d4	44f19af8f2f047ab
5128192	800497e8	687f89ca02c7e526
5132288	800497bc	2c7b6e567a7461ac
5136384	800497f4	eb2d33763893e406
5140480	800497f4	7b3d0ace9872f262
5144576	8004980c	d6a54999d44c3e60
5148672	80039a1c	b301876480a4b64b
5152768	8004980c	4860dfdb8f01b665
5156864	800497cc	a45a9f19f1ef8dc0
5160960	800497ec	29aa42d496981706
5165056	80049800	fadd1a9900486d85
5169152	800497d4	18dd722a96b4217f
5173248	800497e8	3d750627b369583c
5177344	800497d0	39a4abb9b152b9d9
5181440	80049804	a37be421a0503c4a
5185536	8002d6d0	6dde480109bf591a
5189632	800497f0	c989bc0a4a24129a
5193728	8004980c	f432590df6c885f3
5197824	800497b8	cf3437e5e0c6e4a2
5201920	800497cc	42e28ada53c61ac7
5206016	80049728	65a7e3d9d2ea9ac0
5210112	800497f0	3b5bf4f20fb873ba
5214208	800497d0	2a198f18ac3c2eb6
5218304	800497d0	931330f660b70f46
5222400	800497e8	64a87487396f8bfe
5226496	800497f0	cb7e89026300825d
5230592	800497f0	81582874d5999bc2
5234688	80049808	49caa8c1b85d4978
5238784	80049808	04c913bff2e80c64
5242880	800497cc	8923d65ca11fb940	c7427edfa5120fce	7bed8159bb569479
5246976	800497d0	3989eafc8427fcb8
5251072	80049804	6dd73b669c1fc9c8
5255168	800497d0	0fedc8d00d8d5525
5259264	800411e8	09fddce53f3156e1
5263360	800497c4	40936dff2be4643e
5267456	80049804	4523897fb16f106d
5271552	800497c8	1b8ae9626526c07b
5275648	800497c8	9b96caba7d71b579
5279744	800497e0	f89369e3fff7d80b
5283840	800497e0	067246b62dfc2229
5287936	8003d2b8	3d64f89d77806a2b
5292032	80046290	c10583c673c68bd3
5296128	80049774	20920bed371f6d03
5300224	80049518	0c1596d170edd78b
5304320	800497c4	bcf67fb96153a6c2
5308416	800497dc	d044bec9ca0adda9
5312512	800497e0	f912a81785a774f0
5316608	800497c0	b25cf3d16929080a
5320704	800497c0	710ae4ca6452cbb5
5324800	800497e4	3269a48da055e667
5328896	80049800	c394ca374426bd27
5332992	80049804	711042d395dce5dc
5337088	8004674c	5d91d98acc32696f
5341184	800497e4	bc710cfbfb5b9325
5345280	800497e8	5ff0ee7a53666082
5349376	800497d0	06e7e68f7240539f
5353472	8004980c	bd01ccdd66a6e8f9
5357568	800497c4	0ea1d159bb1646df
5361664	80049808	3fcabf26016475b9
5365760	800497c8	5002e358093096ba
5369856	800497fc	9acfa9f0d2ed7f0f
5373952	800497dc	2e27a0d4e9c6a531
5378048	80049804	37e967103c3e1429
5382144	800497f0	3eabae43fbf10904
5386240	800497d0	55479265255f3825
5390336	800497d8	deb7b51cdb10fbfe
5394432	8004628c	f20331623606b245
5398528	80049770	3d78bef758644b72
5402624	800497bc	3b7ab96d4cbc895f
5406720	800497ec	5912b913bbf4334e
5410816	800497c8	ca452da8d0440468
5414912	80049804	6ee5fdb311dd4b83
5419008	800497e4	6423b807b3e67c27
5423104	800497d0	578b407940a14682
5427200	800497f4	3e60ad5f439b9689
5431296	800497e8	75be2cf4cb8a00de
5435392	80039ba4	c080117035dc71f1
5439488	80046238	91c09ca53b1472e7
5443584	80049768	1965b49cb43ea589
5447680	8004548c	9c3146720ee9b837
5451776	80049760	52d7cbacd1c6b351
5455872	80049764	5c7bc9de9682d48b
5459968	80049808	8bfa5066415bbcf5
5464064	800497ec	3ed849b8fec4aa8e
5468160	800497f0	34ea1d2439849b8f
5472256	80049804	06941a36bd1f78b3
5476352	80046e34	560eaf032f4c6b7e
5480448	8004980c	9a43a1a847783c81
5484544	800497e0	be47c57e63486220
5488640	800497cc	302e88d0a841114e
5492736	800497c0	2b7c5de3e7ba11b9
5496832	800497e8	0c9c84c084f87509
5500928	80049800	d90d2a4f8f71b7f2
5505024	80049804	4b46fb0b679d0061
5509120	800497e4	e3dc3a92c9ba0c34
5513216	800497e4	143356d6b3b2c2d1
5517312	800497fc	061520ab454d0730
5521408	800497ec	6ef27758722e1ff5
5525504	800497dc	fec4f124f9ba578c
5529600	800497e8	f679c5e762a98317
5533696	800497e0	1cd123cb1837a4e9
5537792	800497f8	5fe63bb4dd4b8a8d
5541888	800497f8	dc6329e3df888e79
5545984	80049800	b2eef2389b9e1804
5550080	800497bc	5ed8c2cd161bc089
5554176	800497d4	f05fc2ae5c92d90a
5558272	800497d8	2c9134b2c31f047a
5562368	800497f0	424e13f7344a63d5
5566464	800497f0	573b52fd963fa800
5570560	80049808	226d0f91f767d3cd
5574656	8004980c	c4dbefc64829b95c
5578752	800497bc	145744abbd2e35c1
5582848	800497d0	c9639e42391f1fba
5586944	80049808	c9670101dcefc761
5591040	8004980c	2c1261cb7ef4d476
5595136	800497cc	f69249eedeedb1cd
5599232	800497d0	d479568b9becb4d4
5603328	800497e8	b903cbad8b0eb8fc
5607424	80049808	fd3676aae34e6632
5611520	800497cc	859c9b050203cd85
5615616	800497d0	2d084a90cb0f7fd2
5619712	800497e8	30dccc77b5cc7249
5623808	800497e8	d3317b2fe069bc1d
5627904	80049800	f456e2d73d1e7755
5632000	80049808	91bf35a4b2796c09
5636096	80046e7c	0829e6a082b25d0a
5640192	80049768	4447f33c2c5b3bfe
5644288	80046e3c	735bd4744757c38b
5648384	8004975c	5568950265e5e297
5652480	800497d0	ff07e328426f519b
5656576	800497fc	dfa876850f467cd5
5660672	800497ec	0aa8cef7ae768e85
5664768	80049808	f0d02a36a64343f5
5668864	8004980c	c757f4d029f44d37
5672960	800497cc	20d594a524336417
5677056	80049804	5cdcd480445e61bc
5681152	800497e4	fa371694093002ae
5685248	80049804	bd97c90dfa204d38
5689344	80049808	9931c1a2d9361f17
5693440	800497d8	7139ae5a687eb5c9
5697536	800497bc	9b24dcd94b6d8e33
5701632	800497c0	5a4d42ab4f2a01e9
5705728	800497c0	308c29d6a8079c8c
5709824	800497d0	7fcbad55c1b7ef3f
5713920	80049690	2499b46cde95770d
5718016	80049804	11f4b8773b156bd7
5722112	8004976c	5bfd17a6adfd64e6
5726208	80045400	6d8214991053f554
5730304	800497b8	87c7e078ddf7ff1d
5734400	800497f4	2125a01a3fda04fc
5738496	8004540c	a6b7d2caff118262
5742592	80046e78	82d45452f1ec1ad9
5746688	80049800	ace4ac39e4be3cc9
5750784	800497e4	ac192530db0e3d24
5754880	80046d20	e2361a44f595bed8
5758976	80046c44	b1cd12cc62229092
5763072	800497dc	b40a83817f66c428
5767168	80046bc4	f41f2af9146ad0eb
5771264	80047038	95e8f9908568555f
5775360	800497c8	c9c70b16a1449a35
5779456	80049800	8e11bb99cbb1f2b6
5783552	8002d724	dd0486dd9f46d179
5787648	8004627c	29c61a9cb88d92a3
5791744	800497d0	77553a024227f9ed
5795840	800497e4	bf39e2ff4950bc4b
5799936	800497e8	acb6590e4db5a692
5804032	8000034c	a390dcbc7c964b0c
5808128	800497f8	9b09415bec623592
5812224	800497bc	f7ebb02e769a6116
5816320	800453cc	5e807626f7376a6d
5820416	80039bac	85a950198d9f7489
5824512	800497d8	c02a4244ea2539ca
5828608	800497e4	22111e81870fd212
5832704	800497f0	0287d6a7cc474e28
5836800	800497bc	9e0f5ca0e3008b8b
5840896	80046228	ef2e4d161391fb62
5844992	80049794	247a8d0a14cf8f05
5849088	800497c0	08b9eb707d5eca74
5853184	800497e4	466578b4ac32ecda
5857280	80000380	4cfc769abf19f4f8
5861376	8004974c	95fea7ce85f9f9ff
5865472	8004980c	a66b178100026d05
5869568	800497e4	d035654cd27f4343
5873664	800497f0	4c1dc87f104b885a
5877760	800497f4	4e0cf3bfb9ed0fe0
5881856	800497fc	2eae149d43b0a584
5885952	80049808	6c9141868436ec56
5890048	800497c4	02c6792c60f418ee
5894144	800497e8	cfbcf8fddbccf0c0
5898240	800497c8	de8654f49ae2d49a
5902336	80049724	d942eb8dcca9809a
5906432	800497f8	8b9b2b8c058f4513
5910528	800497e0	a1ebc11c10e66267
5914624	800497d4	3ec3d2f08e2a9255
5918720	800497e0	c120e2c75e51af4d
5922816	80049804	1b1b09da8cd391d2
5926912	800497c8	0c154ab120398a9d
5931008	800497b8	8f073052f532d89e
5935104	800497d0	7aa277eb07aac0e7
5939200	80049770	3b70358c364ce0fb
5943296	800497e8	b2f7e9399cf7fb96
5947392	80039ab0	c254ff0968f17f57
5951488	800497ec	7cca2d5a04c87d90
5955584	80049804	d3a13e0ad79c9dc9
5959680	800497e4	b9559ad2f9505ebb
5963776	800453bc	e42a109abe93e180
5967872	80049804	02b0f6f180641d93
5971968	80049804	16efb7fa0146fec9
5976064	800497bc	1dd93dfafb09960c
5980160	80045490	454b017da7381fc1
5984256	80049764	352c630e8a4fde01
5988352	800497f8	813d7d53ca32babf
5992448	800497b8	9debea372aecb3e4
5996544	8004980c	5af9a7347fa4bb34
6000640	800497fc	b21464cd26d3eb3c
6004736	800497e4	db041908c834f2b4
6008832	800497e4	95ff79404d3b7a34
6012928	800497c8	08190f1112b4d040
6017024	80046230	cc6f7e9c2bc7d36a
6021120	8004980c	b014365de5945fc1
6025216	800497c8	99c824f5822024e7
6029312	800497d0	a2b4893b4bc76a50
6033408	8000036c	9c77b07fc0bef571
6037504	8004629c	35ae6d8ca85aef9a
6041600	800497f0	28abdfccaf4b5597
6045696	800497e4	1e8b3d2a617208c8
6049792	800497e8	bf1d113be9846566
6053888	800497c8	9fb2ab216988c3a6
6057984	800497e0	42177c6e7822c291
6062080	800497e0	6a3a6787fba08978
6066176	800497f8	7295e46815289c5e
6070272	800497c0	a233b18fa1e09e63
6074368	800454e4	f79196e339357a55
6078464	800497c0	b9781cd26c70af4e
6082560	800497ec	b7018f5207062aab
6086656	800497e0	a1a8827a55ca247c
6090752	800497f4	6ed5a53098fee269
6094848	8004980c	b1d14568a0e91b2e
6098944	800497f8	5ca45bac69b860ab
6103040	80045554	9ec3e5c2a4b56eb8
6107136	8002d704	b7d7fd51020e741a
6111232	800497fc	1696af4f56960b67
6115328	800497ec	5517b6ca0179a1b5
6119424	800497cc	43ca2545dbfb59c0
6123520	800497c0	3d5aa7c96037e489
6127616	80040e9c	3e2845f1e8b51650
6131712	800497d4	5c16c57d5ed3ea25
6135808	800497fc	2a1bef28f99e70ec
6139904	80049800	6e6c95da934fc00e
6144000	800497e0	4f53dc168e2bc73c
6148096	800497e0	99a7e7b5141fcf79
6152192	800497f8	24ac6516d94c1050
6156288	800497dc	8909b7e6813f3d36
6160384	80046cfc	f4cf963853b943bc
6164480	80039ab0	5226def603f5af06
6168576	80049808	0aa513d7612db644
6172672	80049780	cc466e459bc1be0a
6176768	80049784	f336ad3bf6735e9a
6180864	800497d8	3d4b132a4fc24987
6184960	800497f4	6dad895714103f37
6189056	80049800	392c9679b07128be
6193152	800497e0	5fc9fec8c59f400d
6197248	800003d8	8681b3395ce60098
6201344	80046024	e71a615a2a697cbc
6205440	8005b07c	75e4f300863274c9
6209536	80010b58	33d254579361e2d0
6213632	8005b0d4	e56937b15bfeb13c
6217728	80010b58	b3624590a9992ada
6221824	8005b0b0	69d006f30f875890
6225920	80010b6c	ae813b06d299bcaf
6230016	80010bc8	c79428adf7d63b77
6234112	8003d9c0	f16bf1e4f65be690
6238208	8005b108	dcc0eddd1ea99b9f
6242304	8005b014	9bd35974e7154488
6246400	8005b0e8	3c59d602fbabd0a0
6250496	80010bbc	a497b6e51585e3da
6254592	8002f6dc	6e45c5416a7fdb1b
6258688	8005b03c	b9a2bfad9be01bd4
6262784	8002f6cc	a7ac038398fd3d06
6266880	8005b04c	940c9fb9767060ae
6270976	8002f6c0	3b35bf050c1cd304
6275072	8005b03c	02ffbea8183a4e2b
6279168	8002f6b0	2072d516042048bc
6283264	8005b084	d0ce4edfb76f11f3
6287360	8002f708	398d04efcda1fe96
6291456	8005b074	841ec967d1732a60	bf1aaac7c6967017	7bed8159bb569479
6295552	80010b50	eae0d638679fe005
6299648	8005b0cc	f14a9fbaa1265edb
6303744	80010b40	f8d6bc2305c272c0
6307840	8005b0a8	47929cd6a39e60e5
6311936	8003d9c8	ff73eb0c518f5e6b
6316032	8005b098	dcfefc63450cb03a
6320128	80010b64	b3a8956530f54937
6324224	8005b100	3ff74aea7c079c70
6328320	80010bac	b9ffd0e6a5561855
6332416	8005b0e0	4044f1cfbb2506db
6336512	80010bb4	91b5ee25c94c1437
6340608	8002f6d4	b5a2587ce2e15615
6344704	80010ba4	0e3599941b28a9ad
6348800	80010bd4	9ce9fe2fc17dd5db
6352896	8005b044	720e9acb36cc7e3e
6356992	8002f6d4	4d9c62223fc5f543
6361088	8005b034	7382fede63226264
6365184	8002f6f8	e69c1bd4f8326cf3
6369280	8005b07c	e19d5fc51de2aec3
6373376	8002f6e8	a4073fbb6ca28479
6377472	8005b06c	ec244edb13049571
6381568	80010b48	977fdcab9f1ecc2c
6385664	8005b060	04afd725c95d15ce
6389760	80010b38	e628fd9aba8d1b74
6393856	8005b0a0	492d3532759f150f
6397952	8003d9c0	13d8a1e3f98cf389
6402048	8005b090	a8f4501b967ee074
6406144	80010b5c	e8713bad98ff7fd5
6410240	8005b0e8	321f82dc59047527
6414336	8003d9c0	40a061b79f7c6cb3
6418432	8005b0d8	99b109cf872c4148
6422528	80010bac	0ccd94f3bd2b5e4d
6426624	8002e5dc	1c0fcc7a9c8d2f70
6430720	8002e5dc	25104048bf306cbe
6434816	8004758c	a1d202839da2e028
6438912	8004759c	813d8a8f48637e97
6443008	800393cc	e4c27535ffb23983
6447104	800397c4	de9f55b1bc340e12
6451200	800393dc	39d2afd4785bdcf7
6455296	800475a0	8939c844432ed2d5
6459392	800475d0	c8c3a5875fe2892f
6463488	800319b0	103d43c7a3a97c47
6467584	80031cc8	c39b78573bd74e64
6471680	80031ca8	cc3c17a46c09b49e
6475776	80031cac	15a313fab2fefb0f
6479872	800497f4	4ab589ca6d41e253
6483968	800475c8	e193251f66acb42f
6488064	800475a4	accff4b5e79b269b
6492160	800475a8	6d5cc67cc49214a2
6496256	800475d0	1b7416ce6cb888e3
6500352	8003d2bc	cc59ffe0c0aae9ec
6504448	80031cb4	809ca22569ce913d
6508544	80031c8c	881e222a62b0cf95
6512640	800475b4	f38eda7b89262eae
6516736	800475b4	0659a678a236a177
6520832	80049670	35aa83eb0e5b3f16
6524928	80031c98	684e07afa2f46eb8
6529024	80031c9c	aef96dffd3432571
6533120	800475c0	96d1d243b0df5230
6537216	800475c4	bdbcc6ed5c62ec74
6541312	8004966c	a80799591e6c60bf
6545408	800475a0	e670fcdad23dbd03
6549504	800475a4	f3602e41cc96e926
6553600	800475a4	62a746a6d8a4d121
6557696	80031ca0	3ec82ac5b5223e61
6561792	8004758c	fd8cca1ba3cb8639
6565888	800475b4	a68e1ed910d8c5cb
6569984	80031cb4	4fd4a2960410dd3f
6574080	80031c8c	d6119164fb7131ef
6578176	800475a4	dc32a278e70a4a65
6582272	80047598	cd2eb7ccf7bc80ac
6586368	800475b0	b9da4364b73be3bd
6590464	800475ac	ba472ae513f4bf6b
6594560	800475b0	5d0d9713a1b66f8b
6598656	80031cb4	13171609ea462185
6602752	80031c94	5776fffa90fa20f5
6606848	80031c98	d1e32e62a2bc21a3
6610944	80031c9c	daad4e5c79b588f3
6615040	80031ca0	d267f804a77ea432
6619136	8004967c	25beeee6ec19c93f
6623232	8004759c	5d427062854e983f
6627328	800475a0	4ca519c0bc72ded4
6631424	800475a4	f9028b5efa55278f
6635520	80031cb4	deeec188e3cc24e8
6639616	800475b4	0f6054de8e8e7522
6643712	80047584	1d68e15604b76784
6647808	80047588	036fcdc6d6734c06
6651904	8004758c	8456592e05f12dd5
6656000	800475b4	d153657166d06880
6660096	800475f4	72675b0c9253d597
6664192	80047590	1ef9ad7a166d568f
6668288	80047594	c7a8cac705bb8419
6672384	80047594	d9edda5eebc8ff4f
6676480	800475d0	db01a7b4863cb01b
6680576	800475fc	36beefcf322f8d3e
6684672	80031ca0	c93b131ab8277370
6688768	80031ca4	086c236c46a35547
6692864	800475a8	71c6ec6b1c8a44cd
6696960	80047594	4a539682ce176728
6701056	80047590	2d326ab46bc1a56c
6705152	80047594	c65c8ad0be8de317
6709248	800475a4	097982d12d766e57
6713344	800475cc	6f99423427455e92
6717440	800475c4	1b02f76a3e418fc2
6721536	800475c0	3820a24983a5eff7
6725632	800475c4	cc13dca2493fd905
6729728	8004758c	a2d8f37c8329daed
6733824	80031ca0	3e21d22085415352
6737920	800475b0	21d937fc8d26606e
6742016	800475a4	49c781de78b68eb5
6746112	80031c90	c8547d92a00073bc
6750208	800475ac	229bfc13d3424fe4
6754304	800475a4	0807b06c20c6f76b
6758400	800475f4	9e21b3a13ee96bf8
6762496	800475f0	752d4dcad92f8623
6766592	800475a4	f68070e66b46e19c
6770688	800475f8	78b373f03a82f834
6774784	80031ca4	93c74cab08039cd1
6778880	800475b8	5cf4149be28ca3a9
6782976	800475b8	cbcf2645ae849672
6787072	800475c0	bb129c9cbeb2b6a5
6791168	800475c4	8f23e44113e05ffa
6795264	800475bc	8e1cf1a78093719a
6799360	800475cc	12f63f8ae94ce5ae
6803456	800475d0	bf16165156a92de6
6807552	800475c0	966175ebc2c92d4d
6811648	8004759c	6822d2378c2223e2
6815744	80031910	3d426b51616ca768
6819840	800475d0	61d8b16399e36fd2
6823936	80031ca4	d2dbc903b8bd7b8b
6828032	80031ca8	1fafdb524625a929
6832128	80031cac	4691b0bccc23421a
6836224	80047590	dee68d244fb0af02
6840320	80031cac	fa5df8def54bc7b7
6844416	800475b0	d2cc19bc8f6579c1
6848512	800475b0	e3edb45e01f00d6f
6852608	800475b4	c647661d27989c8d
6856704	800475c4	a169992b02f28e82
6860800	800475b0	9c3497899d04fc43
6864896	800475b4	4231fd852322b55c
6868992	800475a0	9e53f355f0e4fca4
6873088	80031c90	7e40af083ea503f6
6877184	800475ac	c3f1be162dec4546
6881280	800475fc	3396cccdebe17b81
6885376	80031cb4	28163c0dad1de890
6889472	800475cc	ecf7cb15e43b83d7
6893568	80047590	e9da74a1e7c593d5
6897664	8004759c	9e05c1283fbdadc8
6901760	800475bc	201013a38abbcf66
6905856	800475b8	af0559098073767c
6909952	800475bc	8040647379522d6e
6914048	800475bc	bb50218351a15511
6918144	80031ca8	cfa6b98f5eb3011a
6922240	80031ca4	d05a683eeee9bc59
6926336	800475a4	574779500cd6621f
6930432	80031cac	cce6f66ab0d92179
6934528	800475b0	758b5137ebe108fb
6938624	800475a0	3a9254196cc978e8
6942720	800475a4	babc9433e8551682
6946816	800475a8	a2a4b0746e9bee85
6950912	800475ac	b7e0bc834abde9fb
6955008	800475a8	662640e09e3b52bd
6959104	800475d0	5844a5b92a63480f
6963200	800475ac	9a9b597d56dbe4da
6967296	800475f4	7fd975577728cdd4
6971392	800475f8	26a878aedaa7d1c1
6975488	800475a4	caa77169c718cb76
6979584	80031c94	294dc27d497d148f
6983680	800475d0	e442756dab879568
6987776	800475f0	73d8c1e8700d75f4
6991872	800475f4	b2fa40b975748e8f
6995968	80031ca8	4aac4324b021a8da
7000064	800475f0	e2b82b1a7dcd0d40
7004160	800475f4	3cf5c5fc1718d9bc
7008256	800475f8	c6b702fb936b6d70
7012352	800475f0	ed160b051aaf2f64
7016448	800475bc	6ef8fb0fe8e48b74
7020544	800475c0	abfd4d19ee2fb3bf
7024640	800319dc	466eb69bf980387d
7028736	800475f0	d7341deafb4538fe
7032832	8004759c	c182f125c1dfe5a3
7036928	800475b4	a3cbf24e75dd9ee5
7041024	80031c98	03986582fdae9266
7045120	80031c94	ef5837a35cd3cc9c
7049216	80031c98	5d2640be3fc27a48
7053312	8003198c	c3ec1ddc85fcaf0c
7057408	80031ccc	98f139cad619f9b2
7061504	8004758c	5df08ac309d08cb8
7065600	80031d6c	66f320f4fbf54245
7069696	800475b8	75729eaeba67c106
7073792	80047584	a418c875a3e32108
7077888	80047588	9336ac3517439da8
7081984	80047584	65044f1dcb5f1d40
7086080	80031964	e6013c753d7790f9
7090176	800475cc	c2a7d8aaac5957a2
7094272	80031ca8	c59d953b3d696032
7098368	80031cac	e0f9f853e60d4a16
7102464	80031cb0	9d2b58b57bbe6512
7106560	80047584	3a594790676dab91
7110656	80049674	24833941d07f14fa
7114752	80031c94	609f1e04b782e377
7118848	80031c98	08315a0ee8b3af4b
7122944	80031c9c	7a586c11080ae7d3
7127040	80031ca0	d9986c94ea571790
7131136	800475f4	6414c074e2ac8413
7135232	800475f8	b1717a1c6055b400
7139328	800475fc	4e6d4e0e01333406
7143424	80031cb4	d84dabd1580e89b1
7147520	800475c0	d1c67b5dcb984adc
7151616	800475c4	fc4cd364e91929d9
7155712	800475c8	7a845f0b4b68ede9
7159808	800475cc	2378c0add8f94d2c
7163904	800475a0	c2c75c8ec07a48d4
7168000	800475f8	1d7a45ab4aafaf57
7172096	800475b4	b22c4456d045117a
7176192	800475b8	698dc2c478abc814
7180288	800475fc	f80d1e9731efe325
7184384	80031914	8e592dfba3cb025c
7188480	800475ac	f1139ded7c9cdcb5
7192576	800475b0	47e594c1cc42abe9
7196672	800475b4	cef240364c12f820
7200768	800475b4	8ccb1537d22a8a51
7204864	80031c8c	960ba698e4370cd7
7208960	80031c90	2adca4041e8dadae
7213056	80031c94	ca1b87f2c8e62f90
7217152	80031c98	bb665816393b257d
7221248	800475c8	bf87de199e3daaec
7225344	800475cc	efb2a6fadf6f615d
7229440	800475d0	f6e0827a36e818bf
7233536	800475f0	df2bba2ee8838a5f
7237632	800475f8	9ab4a2dfdb0ef61c
7241728	800475ac	5a4ae6683a62bb84
7245824	800475f4	9694365359fa55bd
7249920	8003194c	14c921d082c10659
7254016	800475cc	5cb7f27252d2754f
7258112	800475c4	c2ad1a51c1d0e4f3
7262208	80031c98	843628c0d19f0870
7266304	800475c4	0d0b7a8be856e16f
7270400	800475c8	bf955b35015c74fe
7274496	800475cc	c2b48812819f9a1a
7278592	800475d0	47ae20d523ae138c
7282688	800475b8	a3df0c5e23d8f556
7286784	80031ca0	51b0401010885096
7290880	80031c9c	85c6e64d2cadfa95
7294976	80031ca4	d2598e0a319ec83a
7299072	80031ca8	72d76da0b3efa7b1
7303168	80047594	be0f7227291961ff
7307264	800475ac	63bc96e7230d6df1
7311360	800475a8	a70be53b903def40
7315456	80031c98	5c30642c1d02e4c8
7319552	800475f8	88215ea1e0527150
7323648	80031ca8	b8a4c145dc5fd1e3
7327744	80031c98	12fff925754186e7
7331840	800475cc	d95024c6602a3f4f
7335936	800475c8	278fbf09c36a3f31
7340032	800475f4	7506e16749b17428	a8b110b8db8720fc	7bed8159bb569479
7344128	800475d0	4a2241b540f9df97
7348224	800475f0	367a2df29b36dd60
7352320	800475b8	f9b7dfcf65da9690
7356416	800475c0	04233076739ad7d4
7360512	800475cc	589b5cf4c06c0cf9
7364608	800475d0	c62d4308dac7180f
7368704	80031ca0	d41d7b09284c332f
7372800	800475c0	9726f19ac8a92f0c
7376896	800475a4	12e20c333dba43a0
7380992	800475f0	94bb7e84a9873ef9
7385088	800475f4	ce8884a931201efd
7389184	800475a0	09fcdfe89f0f2de4
7393280	800475fc	b2c178653c4b77ee
7397376	800475f8	0ffe7bf544238313
7401472	80031cb0	9daa8625abdc5d78
7405568	80031cb4	9cabf4b9d093d5d9
7409664	8004758c	b8775c8046beb72c
7413760	8004759c	bf1a2b4317d1fbce
7417856	800475a0	6ab544a41ad6a5ee
7421952	800475a4	0f91678c163dc6d1
7426048	800475a8	992d59e68d57fa31
7430144	80047584	53a64ba1eaffa8a2
7434240	800475d0	2ea030454110c082
7438336	800475f0	1c091d815ff1c69f
7442432	800475f4	360d52e650c02514
7446528	8003d388	2610adbf8dbc3f91
7450624	80031cac	d2ac2a5479d05fe1
7454720	80031cb0	a7da762b46715890
7458816	80047584	435e337b498ab344
7462912	800475c4	c5b6574a873c2342
7467008	8004758c	897090f21eccf3cc
7471104	80047588	bd62f61667bd14c1
7475200	80031c98	5788ba1dab9f6049
7479296	800475a4	f88f7ced1718532c
7483392	80047588	6f058827c3ad25d9
7487488	800475f4	7fa96c6ceea68c04
7491584	80031c9c	4b57f1a2509db368
7495680	80031ca0	5e59607c26cb34a4
7499776	80031cb0	0e68b34f09d6b8d2
7503872	80031c98	984a85db735338cc
7507968	80031c9c	1582b36aa18e5281
7512064	80031ca0	fc2f79f24b759400
7516160	80031ca4	22fa9bdbec9c94f1
7520256	80031ca8	99acbe25d5cca2f9
7524352	80031ca8	5b31535cf11a8745
7528448	800475b8	f7ef43cf16c2428d
7532544	80031cb0	aaa2172a9d058ef4
7536640	80047584	fff56f45ee15729d
7540736	800475bc	116c8d00f6ab80fa
7544832	800475f0	493d8696e5bdbbc1
7548928	800475d0	816ddce7e48b1d0f
7553024	800475f4	9a8b30171812ca46
7557120	80031cb0	5383382d809fa6b8
7561216	8004759c	39750134365dc7cc
7565312	80031cb4	7504c984eadcb2fc
7569408	80031c8c	fa62e0394a7c2891
7573504	80031c90	80b1e127217bbc9e
7577600	800475dc	c9d5625e4587e97c
7581696	800475b4	bc648b1d3f4fabdd
7585792	80031c94	ac0ca71662a52013
7589888	80031c98	1e07139843b555cd
7593984	80031c9c	605ab6ffde1f1959
7598080	800475bc	b0ded61b4a4d8e74
7602176	800475d0	a96aa3d1097acdf3
7606272	800475b8	dcc92d1efe938049
7610368	80031cac	35701302a13bc626
7614464	80031cb0	52c45e51b7294abb
7618560	800475a8	58e6d222e25662a8
7622656	800475f0	24f5215c42b47ee6
7626752	80031c8c	e4aeb00412144572
7630848	800475f8	568d7e316a28b71e
7634944	800475f8	f2151f4b6bfabe2c
7639040	80031cb0	ea8d8ad69b9652a1
7643136	80047584	5900a3fc18edc6f0
7647232	80047588	c4e4874b667accf4
7651328	8004758c	a8a0b0656526e8b6
7655424	80031c98	9905b7b6e87659ea
7659520	80047588	2d8e6ffbe9e2690c
7663616	8004759c	a15f3f91f73ad678
7667712	80031c90	96aa69f5b0ed310a
7671808	80031c94	2d402bdd4c8746e1
7675904	80049804	3c018c0a57a5d6ea
7680000	8004758c	d15ae800652b075b
7684096	800475c4	f30ed1fe14e7e8e3
7688192	800475b8	a52267076ac174e0
7692288	80031c98	9e4688297044322d
7696384	80031cb0	1a9b09aa672c27ba
7700480	80047598	25d9260ced954904
7704576	8004759c	707cde99338a2b0e
7708672	800475a0	550b4330db08abf3
7712768	800475a4	533a11329b597a1c
7716864	80049668	a5f3a951ca3dfc36
7720960	800475c4	64a010d248a504b5
7725056	800475c8	bdf66381ca2ebee4
7729152	800475cc	eca9d15df24e830d
7733248	800475fc	9dfc53f6444e1997
7737344	80031cb0	e9fea40d076800a3
7741440	80047584	78c64af8c14a0443
7745536	80047588	fe4141fd2fab7a21
7749632	8004758c	ef7422947a493d75
7753728	80031c9c	11d72e81fd476005
7757824	800475ac	e0c304ff60042589
7761920	800475a8	b89341cd9220ac51
7766016	800475b4	04e14f382e036bc0
7770112	800475a8	1891914d1a0f06b1
7774208	800475b4	81e9330245484040
7778304	800475b8	d80798df123af377
7782400	800475bc	6735fb160a7a7815
7786496	800475c0	ab942789a430acc0
7790592	800475f8	978eddaa120c9d7c
7794688	800475fc	f0373407d4826668
7798784	80031cb4	88170fdb56e0405a
7802880	80031c8c	d64006b886a6bf6b
7806976	800475b8	8fd914b1454433a4
7811072	800475c0	3bc57ab11eae76d9
7815168	800475cc	d699da18576c1332
7819264	800475d0	4446515ea57ac208
7823360	80031ca0	df0a16c1329bdec5
7827456	80031cac	1dadd663f9832c9a
7831552	8004759c	c98e063e4d522285
7835648	800475a0	e4001e809b2a5838
7839744	800475a4	6d681d30676b18ff
7843840	80049674	0194f22e59b78630
7847936	800475a0	0d24ab6c2e1f0eb3
7852032	80047588	31c40dd8f1a8048e
7856128	8004758c	f2d4f7220e8bf06e
7860224	800475f0	1e0884989de8dc0b
7864320	80031c90	c07de7612a779efc
7868416	800475c8	4b2476ad2a3026d7
7872512	800475cc	1a8b824cbb86d549
7876608	80031ca4	d93bbca6a03ab57a
7880704	80047598	9de5bd4eafae298b
7884800	80047588	dafb09f0e16b4c68
7888896	80031cac	cc79eb1b4afc72a8
7892992	80031cb0	6c7bcd2572a9f2e5
7897088	800475f8	d3c07de4e36836ca
7901184	80047590	79331e9e1a5d5dfc
7905280	800475c4	368cd92ce5d6a379
7909376	800475c0	e92242138a9deef6
7913472	800475c4	b25e0075d71710d0
7917568	800475b8	d7430bbdd69dd4d7
7921664	800475d0	30491b14da7e71ae
7925760	800475b8	e4ad65862e0fd303
7929856	800475f4	9e957e50f6f1a00d
7933952	800475f8	e3c89246c3b8354c
7938048	800475fc	6b975f7e62c22f20
7942144	80031c98	5bae1bd05f3f71b0
7946240	800475bc	632f629cea1d96dc
7950336	80031cac	60093c52d17cd3a8
7954432	80031cb0	55896e10b16742c4
7958528	80031c98	c1af5d379a9b5f17
7962624	80031c94	d43a387310edddf9
7966720	80031c90	1259c75ee4934343
7970816	80031c94	0dddae1c74f2bf25
7974912	80031c98	91e31b2441420c7a
7979008	80031ca4	c54572583bfba32b
7983104	80047590	7d0a6ccf89f07e80
7987200	8004758c	43d55d0e4b1fc0f5
7991296	80047590	e866f0a0d4a85fae
7995392	800475d0	e5262717a26d6e23
7999488	800475a0	1feedd6b11e54a2a
8003584	80031cb0	7cc48f1a823c2baa
8007680	80047584	968ef40c7ef0c844
8011776	80047588	1f8c7ee90fd5600c
8015872	8004758c	b021146e118edcfe
8019968	800475a4	4e0de7d2d7011065
8024064	800475fc	82609e0f2cbe0cec
8028160	80031cb4	4837fa558aa21600
8032256	80031c8c	8425c83a9f16199c
8036352	80047584	d5901454588006ec
8040448	80031ca8	46c3076b597484aa
8044544	80031cac	8074e5adba5ecb31
8048640	80031cb0	034bb52685135bfe
8052736	800475b0	eb885b31efa1d800
8056832	800475cc	a89e17fea9e92d5b
8060928	800475c8	abc2c62731c976aa
8065024	800475a0	f9fe47c6f597f998
8069120	800475d0	325ab6f88ab6e0cf
8073216	8004759c	fb90caa5eb25f05e
8077312	800475c8	55bd6c9f340b4c56
8081408	800475cc	1c88d9bcd3ad7aac
8085504	800475d0	4fea6c3e7ccbcb3a
8089600	800475cc	c572c3afccbacfba
8093696	80031cb4	2e731ff733336740
8097792	80031c8c	89722815576809db
8101888	80031c90	c34a1a60678b1057
8105984	80031c94	e8d784b32b23fdbc
8110080	80031ca4	ec4e4cf505154bc6
8114176	800475a8	ba59dde08310fb19
8118272	80031cac	b284940bcbf94a39
8122368	80031cb0	655a7eb2f3ef481b
8126464	800475f0	1969895aba053f1a
8130560	800475b4	1d9aa1edb20c969c
8134656	800475f8	372bb25e5ae58ad0
8138752	800475c8	33922a3a3e7b5b8e
8142848	800475cc	240658a58a865212
8146944	80047594	51c2c92e2f173183
8151040	80031c94	877687862431e28b
8155136	80031c90	9963bd0dc1166468
8159232	80031ca8	c3ea8419c02dea52
8163328	80031c98	6ebbfc09e0841d3c
8167424	800475bc	82f0150bad424a0b
8171520	8004758c	a34b9760967c8ca7
8175616	8004758c	de29980bc86d41f9
8179712	80047594	86c74387dfa95d1c
8183808	80047598	f13de28b9cc941d3
8187904	80047594	278a6967f0fd198f
8192000	80031c98	87e3bcbf75fd257a
8196096	80031c9c	baaee0ecabe7d219
8200192	80031ca0	f62c968e1b6eb2d0
8204288	80031cb4	b9b6f789227ba69b
8208384	800475d0	29d53c1f3c2ebeb2
8212480	800475f0	48eea0bdf2c674d7
8216576	800475f4	9997040712f2047a
8220672	800475bc	6670f3c33e3e0a8b
8224768	80031c98	9f2a1f0666afe97b
8228864	80031c9c	ba4159fd85756617
8232960	80031ca0	9681ed892d709f05
8237056	80031ca4	3c6bad770eba69e4
8241152	800475d0	ae9e900c5ea9e627
8245248	80031cac	480edc6c679c7e49
8249344	80031cb0	ea75470e8930b80c
8253440	800475cc	ff42ef393697ece9
8257536	80047598	e345fa50cd800af4
8261632	80049674	f84043e14c66a59c
8265728	80031cac	fc8e0db770ce9a98
8269824	800475a4	388b61c27a36ef22
8273920	800475a8	49051d832965e413
8278016	800475b0	aac2ab045c0efd6a
8282112	800475fc	866d3a08d0f445df
8286208	800475b0	823d60be15b05506
8290304	80031c94	4cac4d2a46a73ced
8294400	80031c98	44174a4825dd1d3b
8298496	80031cb4	c72bde5e893223bb
8302592	80031cb4	84adfb0588decf95
8306688	80031c8c	f494358bf5e10fd7
8310784	80031c90	80e1f7690047ee81
8314880	80031c94	82270ecc1f93d6c1
8318976	80049668	f20ce6204d8a666e
8323072	8004759c	57cfc1238fbcb0f5
8327168	80047588	f788c25dc3fd0303
8331264	8004758c	cbc7ab14ba4c6da5
8335360	800475d0	5ecb3432a5a1bc93
8339456	80047584	b284f18925474fe9
8343552	80047588	ce0fbfe2a7497c9a
8347648	8004758c	a9f34b2d0358f5fb
8351744	80047590	620ff3db99e0b487
8355840	80049668	8bdd044520970ebe
8359936	800475fc	32abcc2b1f71f3e9
8364032	80031cb4	87c1eda0299805ea
8368128	8004758c	6d03e2bcce7516ab
8372224	80047594	5031930dbba9a708
8376320	800496ac	9b301f037256c529
8380416	8004758c	e1e0de16788e4e44
8384512	80047590	d643ce6bc0edbfc2
8388608	80031cac	052e1ae373431186	7bcb0e837691cb77	7bed8159bb569479
8392704	800475cc	a62b64d13e6b4391
8396800	80049678	a2b3f2ca84af6848
8400896	800475c8	5a1042bc13c19ed1
8404992	800475cc	95a6757e256fa079
8409088	800475c0	5db6fc7ecd4ae28f
8413184	80031cac	fca4e28a3ee0029f
8417280	8004967c	abddad1b0438b97e
8421376	80031ca4	b3c8b69b1b2a1832
8425472	80031ca8	a8cd242f8bafce76
8429568	800475b0	d87268382faa75c0
8433664	800475b4	f46382017f1a4a7b
8437760	80049668	0be81f00b265ec5a
8441856	800475ac	fd8e88026227bde6
8445952	800475b0	7933878f4564e698
8450048	800475a0	ecf3c12f81ca1457
8454144	80031c90	f7afce53183689e6
8458240	8004966c	40e6e0400e64c423
8462336	80031cb4	0344add3dbf42445
8466432	80031c8c	ad23a84ed9d14f05
8470528	80047590	44d8ff2683e854cb
8474624	80047598	948e9e5185481e4b
8478720	800496b0	3bb5bd286a2d34e3
8482816	800475ac	b9c0c48967d7417e
8486912	800475b0	b37fb04f6a1d2a80
8491008	800475b4	bbe4a17eaa520588
8495104	800475b8	c58f49f646702f4f
8499200	80047594	4e46edb89c58838c
8503296	80047598	f67dc279cdb34788
8507392	8004759c	4b859e8ce80a535f
8511488	800475a0	16e588f32ed3f0e9
8515584	80031cac	7882b234d1df4fe0
8519680	80031cb0	dde4120359c38502
8523776	80047584	068818461adfcc28
8527872	80047588	e50fbc58b82aaa86
8531968	80031c94	80973a0c89026290
8536064	80031c98	abed28536bd40999
8540160	80031c9c	47259541ab2b49c3
8544256	80031ca0	2717168c391e0c46
8548352	800475d0	311c5ab9fda1835c
8552448	80047598	9acfd7458ad6f734
8556544	80031cb4	6c8ffd0f83758aa9
8560640	80031c8c	a5017be0324c4bfb
8564736	800475d0	3afb5dc7898dad75
8568832	800475f4	856b3b839c25178f
8572928	800475f8	a22519b4b1e7530c
8577024	800475fc	f96ab8cdcf6f4e38
8581120	80031cb4	9e000a4683761c4d
8585216	80031c98	c2ffdcc88ee01dc3
8589312	80031c9c	094277a122da8f25
8593408	80031ca0	c3682bb03099ab1a
8597504	80031ca4	d8860f61cb49bc9d
8601600	800475b4	76b99930fef4e0ee
8605696	80047588	1d82f3b593ad5206
8609792	8004758c	2892aa7df34ebda6
8613888	80047590	906c27f00633bed7
8617984	800475d0	3635c89072ce9ff2
8622080	800475a4	ea4a75fa450d9f86
8626176	800475a8	bd16f2fccce73cd6
8630272	800475ac	3c4c5ef366bb1608
8634368	800475b0	07b2baa99c0c3598
8638464	800475c0	b02edd9fc61817a1
8642560	800475c4	9edb3b5345ed9178
8646656	800475c8	5ca9cb21f72fbe45
8650752	800475cc	3926faa655bbb1ac
8654848	80049668	bc53079587094dcc
8658944	800475fc	32c8e700014cc2f9
8663040	80031cb4	614b92ce13e202e0
8667136	80031c8c	b9ef233f344ff49d
8671232	80047584	655c11f1a854fbc9
8675328	80031ca0	e3fbb43a74f06c40
8679424	80031ca4	e6b5e9bcd361992d
8683520	80031ca8	9dea66575eab9e5f
8687616	80031ca8	754b9f275912581f
8691712	800475c8	f453cef648832e5b
8695808	80031ca0	be4818cd193f5e14
8699904	800475cc	d327516cc5d7971a
8704000	800475d0	d0c1edc7ff17960e
8708096	800475f0	83b0db21571e5288
8712192	80047594	88158f635a859621
8716288	800475f8	892eb22eb3d55e5d
8720384	800475fc	7fba77978298eca8
8724480	80031cb4	5eb1424555e66be4
8728576	800475a0	6fe74afeff90569f
8732672	800475bc	95839cf4dbedc715
8736768	800475c0	d87199e95b3a6819
8740864	800475c4	10c3bd6f78ac65fa
8744960	80031c98	7d872f6f2d662a45
8749056	800475fc	e151c3180044dad8
8753152	80031cb4	b2fb6b97b20aa25a
8757248	80031c8c	677513890007b4e8
8761344	80031c90	7d555ac2658248a8
8765440	80031ca8	33c889bf671a1bd7
8769536	80031cac	2dc035ab4c3e2a8e
8773632	80031cb0	9b9b71861f6d453a
8777728	80047584	6d5c13d7c245958e
8781824	80031cb4	562b1fd96cea68ae
8785920	80031c8c	5a783de829d743a1
8790016	80031c90	fa703e8f8efdcd1c
8794112	80031c94	3a2052948e95f97f
8798208	800475a4	5773581256537600
8802304	80031c9c	569a4335f04b5715
8806400	800475ac	6b9dd9fc2a4f3a07
8810496	800475f8	a8fbc0d2236b9f7a
8814592	800475fc	fa41cfaf50774483
8818688	800475b0	d15cce49310d7193
8822784	800475a4	758358ec672e6f9f
8826880	80047584	79d71d75d87ef715
8830976	80047588	80e99707fc8f9fee
8835072	8004758c	acce7adf6f9105c2
8839168	800475f4	e3cd716dafb3246a
8843264	800475b0	fcb5f18e2d00b24c
8847360	80047598	5bfd1b4cdf4b5354
8851456	8004759c	5b6c045cfa1cfafe
8855552	800497c0	f358a5be1075e36d
8859648	800475bc	d3e34a0d91444fe7
8863744	80031cb4	706b5b29449917d3
8867840	80031c8c	966177b9bfb8ea84
8871936	80031c94	b1e984168f05b9f5
8876032	800475f4	76d019387bb22f80
8880128	800475a0	48c9cec6440e29c2
8884224	80031c90	5d2337ebe620f4e8
8888320	80031c94	8063dfb607de172f
8892416	800475f4	092d7a2393515b1c
8896512	800475fc	8a758005e85bd3f9
8900608	80047584	b1ddda052809a8e6
8904704	80031c98	441e742a0673820e
8908800	80031c9c	11c28a71747d4158
8912896	800475f4	d17b84421e0ac1b1
8916992	80031c94	88f62ea5dc4ed026
8921088	80031c98	703fb577a5c875e8
8925184	80031c9c	119829b2a4e2b6bb
8929280	80031ca0	7dddf9e8a206cd4c
8933376	800475f4	d5ab17d859fa792b
8937472	800475f8	207319fc37c43506
8941568	800475fc	0278380f90aa19d9
8945664	80031cb4	6f219609d475ae42
8949760	800475c0	6ded43d0a64ea14c
8953856	800475c4	398594446bd1a298
8957952	800475c8	8b4f953035fc790c
8962048	800475cc	0513675b291aa66f
8966144	8004966c	e484d37e0a3b58ee
8970240	800475ac	f03fc2c76308aa66
8974336	800475b0	b303e0f8b80642d7
8978432	800475b4	b94472ce156f59d2
8982528	800475b8	a3ee707f78ec46be
8986624	80047594	ba67f4ebd8131e2b
8990720	80047598	936e7d432ee1a54e
8994816	8004759c	e6ea2ba6cf69214e
8998912	800475a0	60aa2742a1bb14fe
9003008	80031cac	7c25cf725f359d8c
9007104	80031cb0	f211ce52cf72d6e7
9011200	80047584	18ce71c04135eec2
9015296	80047588	1895ed3fd63596e3
9019392	800475f8	dacc5cc6201f8e10
9023488	800475f4	87aff9e0de645031
9027584	800475f8	95693b4d30e04e10
9031680	80047584	5e59b7530c50377f
9035776	8004758c	476a0de20cdfab8e
9039872	800475c8	7d8e943568835a4d
9043968	800475c4	bc126cd08b9351dc
9048064	800475c8	fbc8dc6afad831e2
9052160	80031c9c	0e75b8355053dc2f
9056256	800475bc	d5369d75573287d7
9060352	80031c98	bae7349bcff0ce6e
9064448	80031c94	381d45b5dc31f62e
9068544	800475a0	5ec5830911253ff7
9072640	80031c9c	d32545fce4c282a3
9076736	800475a0	c31feae65f66787d
9080832	8004759c	9c149eeb2234b95b
9084928	80031c9c	71c27eaea1b8d757
9089024	80031cb0	86732724e607be7c
9093120	80047584	b50bd1f392630ebd
9097216	80031cb4	649ac73823751aed
9101312	800475f0	7c626d162c693315
9105408	800475b4	3c80595495b40e52
9109504	800475b8	8cd1f8da53f63331
9113600	800475bc	b4565c45c253141b
9117696	8004cd20	66883a2160d867c7
9121792	80040f54	4ada0328136e4571
9125888	80040f38	8368689d2905d57b
9129984	8004984c	1d6febc2a799333a
9134080	80049770	e84c858eacba4696
9138176	80049570	a219f591dd01760a
9142272	8004fcbc	0f9ffdf98fd388f8
9146368	800475d0	1c5adbf89080d05c
9150464	8004ee3c	8505ea82c2eab27e
9154560	8004ee40	c5c616b3b0921e18
9158656	80046d00	4ae19aff37d6d6c7
9162752	800399d4	ad3ccfb97f59ca7e
9166848	8004ee44	3864e1c8e5901745
9170944	8000b940	13b9e56e4c75bba7
9175040	80049570	30eb1e00302ab357
9179136	800496c0	46cc69928bbe2cee
9183232	8004f710	b6381458a3c58f32
9187328	8003d2ac	a4233fa7c727ac29
9191424	800497f4	c55fe2e72c32ee5b
9195520	8000b920	c62a8bb832d2d1c7
9199616	80049574	04835be4051722cd
9203712	80039838	409a594b74c6ab4e
9207808	800475dc	33d18aafb095ca73
9211904	8000b928	91909bc6ff996704
9216000	80049548	971f64e02723576c
9220096	800399dc	b5bc88ddc920c128
9224192	80039c2c	2fa0bce1a48128e1
9228288	8004cd08	7171b85a7d14e077
9232384	8004f038	100c174d4ae11181
9236480	8005a4e8	eb21bb9b0c4899ff
9240576	8003d3c4	52a3dcd2c4933b40
9244672	80040f50	611d9af1817a3312
9248768	80049038	ed1d1dfecfd80e73
9252864	800497b8	b2826aefc15cfee5
9256960	8004987c	8b8ec7505e3d2218
9261056	800397c4	7a57ba7208c2acdf
9265152	80045518	1fcdaba1c7ba14fa
9269248	800497f8	198a720ac583c8df
9273344	80047584	28cd07b8c0a0bc02
9277440	800497c8	0549507596c5bb10
9281536	800397c0	722ed52f61f14d27
9285632	8004ed84	d6d36338e5ee5cc5
9289728	800497b8	49ddb3e1ba5830d9
9293824	8004ed90	c4c6db794ba68099
9297920	800497e4	0aa1f63a38cbceb1
9302016	800497e0	ecefce69ba9df053
9306112	8004ee54	3e876f44230c8c60
9310208	8004cd0c	7477c1ff8e06f085
9314304	800497e4	f9e741642fa019fc
9318400	8003d370	21847bbb5f719409
9322496	800497bc	5797b6faac4a0ac7
9326592	8004f11c	0679c5ba35454a48
9330688	800497dc	3e51ee90122297e1
9334784	800497e8	38f211ecb6bf51e7
9338880	800003e0	36dfbe8acc13a270
9342976	800497bc	970bb454320a6927
9347072	800497f4	a02d80e0991dd51d
9351168	80039c0c	3ddd7b6e29cc3995
9355264	800475cc	c32baf3cab28d6a8
9359360	80046814	63b3ea894f5074a0
9363456	800497f8	9acb8cb8742fab4a
9367552	800497d0	7d056211f546673e
9371648	800497c0	49a4196d5afe4182
9375744	800465b0	3e8398e1f4258902
9379840	800497f4	4c881fb209894934
9383936	80000414	112d5a63b0496fd4
9388032	800497f0	32b557d326119205
9392128	80049800	9452de298dd7dd66
9396224	800496cc	30d976823b350e04
9400320	8005a53c	3b9056899260614e
9404416	80049764	2828162dabe1a1c3
9408512	8004ee48	54a4cbb904fa4a30
9412608	8003d314	a826ddfce91f6657
9416704	800497ec	fde0bb004e4c7a39
9420800	800497d0	8678a3e75fd5117f
9424896	80046d0c	56661ba966ccf653
9428992	8004f0d8	4e8f311817d2cd48
9433088	800497e4	f67915194037e053
9437184	800497d8	290d9cc7cd9d11de	b9a308a97a9426aa	7bed8159bb569479
9441280	800497d8	bcf65df5b993d5c4
9445376	800497b8	32c896716565fb3c
9449472	80047588	362756711f62dbfa
9453568	800453d4	d1d87880e5605414
9457664	800497c8	0ef2ee201e36301d
9461760	800397b4	f824eccd99310d3e
9465856	800475c8	6af62ed9b27e00c8
9469952	80049764	9bdc2358c126f14f
9474048	800497cc	dfacaa4b46911ed2
9478144	800497f4	83fdaf27925c5803
9482240	8004fbb8	c0814d9110d3fae5
9486336	8003d398	aa96df4a2bcbf0c0
9490432	800497ec	4d5a3b763a86e29a
9494528	800497dc	f4799aae922c0b84
9498624	8000034c	18bf13a87549f912
9502720	80049804	ad68f8a9ef5b70f8
9506816	800497f4	bfdcc3ee058ee7e4
9510912	800462b8	37b5c7d02eacfefe
9515008	800497c8	b2899719b7d9d658
9519104	8004976c	cd9ee72d1d3c544d
9523200	8003d488	ab766750e34de056
9527296	8003d478	1c37bda7cf3b3b49
9531392	8003d47c	9a9ce12aaa165f1a
9535488	8003d490	74586bc4913e538f
9539584	80049800	7f17df5b11718ed5
9543680	8004931c	f31b894097c4d73a
9547776	800497d4	9e74fabe560e5548
9551872	800497bc	d5d7d8ef732f3331
9555968	800497f0	ad8af3b46dc49f61
9560064	80027a9c	7ae1cc9e34cbee44
9564160	80027a9c	1dd631ee334656a3
9568256	80027a9c	af809506a08f787a
9572352	8004967c	a61f4d1e1b90352f
9576448	80049674	e93a17443d8e20a2
9580544	800497f4	6bdd10b33c4ad4c4
9584640	800475b4	b647de1780e9ab98
9588736	80027fc8	7ff3b8ee3313593d
9592832	800475d0	74a4a0854e77bc06
9596928	800397c8	054384a3b3903cf7
9601024	800397bc	043598f8fa750ac5
9605120	800475c8	a27472b4a1b7e8a1
9609216	8003978c	399ed7896aeb4634
9613312	80039844	aa1957f8fc7c79e4
9617408	800397c0	69dcece5d0c2c10f
9621504	8002d838	4c552e6007cc5113
9625600	800397ec	796b7afdfe2ef9f1
9629696	8002d82c	7c91e0ba78b49f2a
9633792	800397d4	981ed036d0fa7e77
9637888	800475bc	ee267dcde9cdbd9d
9641984	80027fd8	6abe0d5f5a7aa5cf
9646080	800475c8	40d768fe35b9ca21
9650176	800475c8	22bbc69894256fcb
9654272	80039804	d49457a0de80483c
9658368	800475b4	04be1e5a66fcae58
9662464	80027ff8	bd3fe5b73c8226a8
9666560	800397e0	a87e0a3cf4c4792b
9670656	800397b0	2829d2e5e6ed140b
9674752	800475c0	93f8bc4f3365cedf
9678848	800475dc	d9bce3c33554c085
9682944	800475a8	a5b37895ee592b33
9687040	800397b0	0cc8285bdae904f7
9691136	8004967c	ab4168e520db4832
9695232	80049674	bef56813b2210c1f
9699328	800497ec	3332f996d6fba40c
9703424	800497cc	76675deb9df5aee1
9707520	800497c0	3184861e45cdb656
9711616	800497f8	e8885ee76f2109f2
9715712	80045480	60fc581e52cee5a5
9719808	8004980c	19d61c6188c83c55
9723904	800497ec	c046dd49dba33fcd
9728000	80049764	0404938a637d58e3
9732096	800497c0	9492c8c6bdb51689
9736192	800497f8	6fbd1badd4cf5142
9740288	800497d4	a839ecc4c5b9cb08
9744384	8004980c	6880a801e8d0b7d3
9748480	8000037c	5cfaba0ac6058a12
9752576	800393f0	801c44a4f1b97a63
9756672	800475f4	eb13b4114f049382
9760768	800393e0	746cd793009701c1
9764864	800393ec	f5bb2ac957da5850
9768960	8004759c	f0724b92de294797
9773056	800475d0	43a77678d8d003a1
9777152	8002d8c0	b2966db3266f3277
9781248	800393c4	d9e54535f38a7578
9785344	800393e4	d497c5797dd20139
9789440	8002d8c0	6ea382bf8fbf1c44
9793536	800286cc	027963d53ac974b1
9797632	800475a8	52fd698f4755ba24
9801728	800393d4	bd96f22134d68869
9805824	8002d8c8	1b888f558c872b3d
9809920	800286d8	5b61ff43640019a6
9814016	800393d4	1c3f3d52225a0a51
9818112	800393e4	42b75065d41dd9da
9822208	8002c83c	59a7be183810d5b0
9826304	800393ec	ee53269fc59696a9
9830400	800475c0	596a5d8254525d19
9834496	800475b8	93f4c05e3423cad9
9838592	8002d8c0	f3ba159a0bf2339d
9842688	800475dc	17baf8281be36ec7
9846784	800286dc	4cfb63d26f948f18
9850880	80047584	ddb2acc970849500
9854976	800286bc	c472f4c2e59fd0fa
9859072	800475c8	63245b1c0622733a
9863168	800393ec	e9c1e5487d8e9a15
9867264	80028680	8ca869c661967af8
9871360	800286dc	07d1bfd19480c5a1
9875456	800393cc	1eb47698f8267538
9879552	800286ac	5469ea1504b2ddb8
9883648	800475ec	4d1657552ef35d80
9887744	800286ac	dd9673183bd8ad19
9891840	800475f4	fa40c5858a870bac
9895936	800393c8	b00cf8f6143aad11
9900032	800393d8	82aa1ff05134bca3
9904128	8002c870	228377d3f2ab0348
9908224	800475a0	a233f13b7a43ffde
9912320	8002d8c8	88ab127092d1ae00
9916416	800475b8	4f02ce426c2f6321
9920512	8002d8c4	457933246c0343ba
9924608	8002c880	963cf47061d93188
9928704	800475cc	73df87b60434da7c
9932800	80028664	a1daf9a5877633b7
9936896	8002c848	ee68025afed5e35e
9940992	8002c848	1f2827c4c9e34e9e
9945088	800475c0	6055b5466c16b720
9949184	800393d8	d245686d0496f6a8
9953280	800393ec	945101cb3a771bd1
9957376	800475d4	6b5eb8fc0baf0e35
9961472	800475b0	c445870578da49cf
9965568	800286ac	13b9fd1b7dddd2b3
9969664	800475dc	45b3080a21da91ab
9973760	800393c0	750285796447dd53
9977856	800393e0	4e72168bbcb4f26f
9981952	800475f8	7f7229802eddb27d
9986048	800393c0	cfe4fc5bea4132b6
9990144	800475c0	b9cd8321cc8d40b7
9994240	800393d0	ec4bc85c18384dce
9998336	800286f4	f84e31b06f83b5f1
10002432	800393d0	5dfae560f1aacd8b
10006528	800475c8	be94e788f303b146
10010624	8002d8c4	23a6664a956fed80
10014720	800475b4	02aeb133271cc4f4
10018816	800393cc	48b80aa3493b6bdd
10022912	800475f0	00015c552840ce89
10027008	800393cc	abf0a9753a97194f
10031104	8002c834	2f77c640e3321e2c
10035200	800475a4	8966c7d54329f363
10039296	8004759c	7eb39aa9da2733af
10043392	800475f0	1e08506df4c7e9bb
10047488	8002d90c	7834ad7b600831d4
10051584	8002c858	b1dee523542497fe
10055680	800475c8	df2fcbb4e8e71b67
10059776	800393e0	53dccd7f42f9ffbb
10063872	800393dc	29bf25d0ea330b63
10067968	8002d8fc	a59468353f1644ca
10072064	800393cc	c846652fbc2e2156
10076160	8002c824	bb4675960198f755
10080256	800393b4	87e36fc2b066944a
10084352	800475f0	7b685c7cad28d28f
10088448	800286d4	4016aed64eb753d9
10092544	800393d4	cd3b82c7c1da4ead
10096640	800475dc	548e8aa56efa8fe8
10100736	800475d4	66e8453ffed9129b
10104832	800393d0	1ba4e56de746bc3e
10108928	800475c0	75f57f83f6f850d9
10113024	8004759c	092489306e33f3e5
10117120	800475b4	ae1543409c56716b
10121216	8002c870	00d93858b9e0d490
10125312	800475d0	dd6accfd74714f07
10129408	80028674	90193a9ebe2bca15
10133504	800393dc	b3f9ddf5e9c99e93
10137600	8004759c	4eef6768c4aecb01
10141696	800393c8	51111ae6d53eac92
10145792	8002c86c	c08fc7472eef2f3c
10149888	800475c8	d134fe422f3db6f1
10153984	8002d904	a184a2340450c1ca
10158080	800475a0	d0f5b16d9c04f34f
10162176	800475b8	3ec0aa7d12cad557
10166272	80049668	403f4d0e076dc2db
10170368	80049678	103f90da8123bd56
10174464	80049670	d5795ef0a13478b3
10178560	80049668	1c260750d95ac754
10182656	80049678	8ab572ecc93759d9
10186752	800497bc	dc4fe80ec83d11a7
10190848	800497f0	68678f867c99dd80
10194944	800497d0	ea2e1069ce3a8842
10199040	800497c4	da6294e2152b9689
10203136	800497fc	4bffe250e8ceaa5f
10207232	8002843c	5935183ab6da4dd4
10211328	80028584	549f448c2638574a
10215424	80010bb4	9051fc19b9cc174b
10219520	80028400	e79bf979398ed6d4
10223616	80028434	792268be7e1c87c2
10227712	80010bac	59e7a3e41d43814c
10231808	80028470	4fe4c8df71107964
10235904	80028400	4a25da017bbe1ba7
10240000	80028538	4e750a4c989deb5c
10244096	80028468	09478747f805aadd
10248192	800284d0	e04d40ab61fe33e1
10252288	80028464	d510601b959c2e88
10256384	800284ec	8f6ffd3e404f6fb9
10260480	800284d8	7e8a9f0fcb9dae19
10264576	80028428	3be5885a0571d774
10268672	8005b060	a42d8013ef583733
10272768	8002847c	120af7bc9c2eb66c
10276864	8002846c	17f5fcd7c434791d
10280960	80028464	6e720ac597050397
10285056	800283f8	8b44f8a76a2334f4
10289152	8002843c	dd42870a1c2ce520
10293248	8002849c	f06178862b3c70b5
10297344	80028460	f9e74e38118e1c2e
10301440	8002853c	47a37852ab9d551c
10305536	80028410	85c0d4b2dd2d5ebe
10309632	800284d4	c474625464467812
10313728	80028418	f1abe8ad810b215a
10317824	80049800	08344f80595c9433
10321920	80027e94	2a477081c81d7a9d
10326016	80027eb4	43457a50f2edfe10
10330112	800497d4	a7f11df376b1c0de
10334208	8004980c	6e153ba364843443
10338304	800497e8	3a169245c3bc62eb
10342400	800497c8	0cd425649bb180d5
10346496	8002816c	8485eb7a7adcab35
10350592	800281a0	42aa6e154b1a67bf
10354688	800280fc	d7443f8aca8cc4b1
10358784	8002815c	b73e312484f7e02d
10362880	80028190	9136c8b329abada0
10366976	80028198	d72ba25ed54f76c1
10371072	80028120	e08d4807b46bb348
10375168	80028154	911bb89fc9d16412
10379264	80028188	29aa1e2cc09c4e57
10383360	800280b8	5f27c884af4a6028
10387456	80028144	4f401946cbe2476f
10391552	8002814c	1c2e27152bd89daf
10395648	80028180	4f7ebf0ef7d176b9
10399744	800280dc	696511f438409f0c
10403840	8002813c	17af8536a821fd33
10407936	80049670	2617e91c35a00869
10412032	80049668	9f4f0bf36cfc7caa
10416128	80049678	f6a06435e82ad526
10420224	80049670	596b9d1a9f4eb88b
10424320	800497c4	db74a5cf12761943
10428416	800497c8	35d159842d17e803
10432512	8004628c	adf74d14888e53c6
10436608	800497f4	94fc8aa6c392312c
10440704	800497d4	89db6026da6050a1
10444800	80049808	8607474360da8ee8
10448896	80027ce0	1d8a059cd8029256
10452992	80027d08	a6a20dbda457ae40
10457088	80027d50	aed3efe03b8e24d8
10461184	80027c58	2acfccadb7678c20
10465280	80027d50	8d4375b4cb590252
10469376	80027d28	ac0fc56417212efc
10473472	80027cd0	e7b10b60d8beb725
10477568	80027c70	b3704a132e7fce75
10481664	80027ce8	566c24edd9c9ff88
10485760	80027c38	19948c69300968a1	36498345b44a1ac9	7bed8159bb569479
10489856	80027cd8	8d6f48ca29e316b3
10493952	80027cf8	81d6408ab2c2e1c8
10498048	80027c80	09dc43c2a5fc54d5
10502144	80027cc8	fe48bbe614fe98df
10506240	80027c48	ae2ed2ee2e8b69f4
10510336	80027c40	ab1f23516acbf30a
10514432	80027d18	ecf89d0874630a11
10518528	80027c70	fdbab64abf228591
10522624	80027cf0	b202d3856ba690b0
10526720	80027d38	deef389e18dd9d05
10530816	80027d30	5dd28bf5eac15016
10534912	80027cc0	04f1fcbc429248b0
10539008	80027d08	6a4fb22a6b3027c5
10543104	80027c50	aae816f4bfb0d3fe
10547200	80027cc8	aba43253039fa3e1
10551296	80027d10	484996a57eb36208
10555392	80028810	93c4fa3dd7c2bc09
10559488	80028894	300b02a6447fd0bf
10563584	80028878	8eb05f583942b2fa
10567680	80028890	ae1b537f46e57c1d
10571776	80028914	6dbd423cae658f86
10575872	80028914	9ab2a9b82066f30e
10579968	80028910	bcafbac3f90c5d17
10584064	80028948	f5369d6dabdb78d5
10588160	800289b4	903c1d937745d454
10592256	8000f8bc	80aa4182b9d340b3
10596352	8000f8f4	370c5f7eec8eb206
10600448	80028a1c	2b2619d6c26a6655
10604544	8000f8b8	3fcd6349b3ec2707
10608640	8000f8f4	f65f7466921bf413
10612736	800289d0	a9c72deec791ef6e
10616832	800289ac	c4cce5efae008ef7
10620928	8000f8c4	65d735fd5eeb3820
10625024	8000f8d4	0d2db8eb66ede028
10629120	80028a50	5b1a282c14e4fd9f
10633216	800289b8	5af2c9ed6d333e56
10637312	800289e0	0060b87370e37450
10641408	8000f8bc	76cbbe77369987f2
10645504	80049764	128822832a839831
10649600	8003d30c	d4b5305e10650ce1
10653696	800497d0	2c1555fad636eae4
10657792	80020a2c	93598dfe7211f02a
10661888	8002fbc0	9221255a857f679f
10665984	80028274	a2ea4833ec3eadf9
10670080	8003d344	14754e20e16a9a8f
10674176	800282ac	913be25cd4c98b74
10678272	8002fbbc	4b92993f5adcfde7
10682368	8001f8c0	aa8f92d2062f0a1f
10686464	8001f954	20a7334fc2434102
10690560	8001e840	c0316b3a80c6d624
10694656	8001f8b8	34f88dcfc238bb80
10698752	80049670	2de90c5ae581fc85
10702848	8001e828	dc68a6011385b845
10706944	8001f8bc	56e257a7c6d4832a
10711040	8002fbd0	de397953070c6acc
10715136	8001df4c	a7467397fcf4269d
10719232	8001f8bc	fbf7ef992f9a8a41
10723328	80028264	24ec21220fb19a8c
10727424	800496b0	808974ed709523b2
10731520	800282e0	738279d94c303d6c
10735616	8002fba0	cb0ca967d60dfa5e
10739712	8002fbc4	0473f1af73d7dabe
10743808	80049678	e376955af96f91a9
10747904	80049674	0d8ecc85c05d55d3
10752000	8002ef68	db6cfe0768f11159
10756096	800144f4	a55926da2557e06e
10760192	8001e75c	3ac930a2f9846fc8
10764288	8002ef1c	849f9930d1810463
10768384	8003d368	df338f1a3bd66eb1
10772480	8002fbc8	e3f800fe38bcaff8
10776576	8002fb9c	08de172e593d5e89
10780672	8001fa28	d660cca028a46240
10784768	8002fbc0	30fbc6602eccd313
10788864	8002fbdc	cdc6ecbade520afd
10792960	8002fc00	038e0bccc5f03026
10797056	8004967c	52462e10c7c6e343
10801152	80049678	daa1e215b1001432
10805248	8003d2b8	6ea8b4abdddaf564
10809344	8002fb58	e85574e8e34777e9
10813440	8002eef8	dc2e1462366269f3
10817536	80049670	bff02c59820f907e
10821632	8002fbc4	914124553d679288
10825728	8004967c	1e7827dac2480936
10829824	8002fbd0	08563871c3e2e232
10833920	80028278	5cac58d82ed71ba3
10838016	8001f9e8	1e1249a1013dd364
10842112	80028258	2871e1a6fdafd7de
10846208	8002fbbc	1fee8626335e614e
10850304	8002fb9c	87551546f4ef43a7
10854400	8002fbb8	dc604f548781f0bc
10858496	8002fbb8	ffb2515cea6645fb
10862592	8002ef24	4b10bb4727ee2e61
10866688	8002fba0	96f3250645afb1b0
10870784	8002ef00	c12797d63ec654dd
10874880	8002ef04	aec936946bcbec41
10878976	8002fbf4	b7d26e2c6cca4509
10883072	8001e868	1e0db8a91c12a3c2
10887168	8002eefc	52d641f1e850eb09
10891264	8001f8b4	ee400be764a0e7aa
10895360	8001f8b8	742698d49f125c08
10899456	8001f968	edbc71046fcb6d7e
10903552	800282d8	da127882292b5836
10907648	8001f870	e257d703ed6062dc
10911744	8001f8bc	15097bb45bd1eca5
10915840	8001f860	1f29a99b115f3a9a
10919936	800282d8	c0524f4ffcc14e00
10924032	8001fa48	a82b0501f6c9a49a
10928128	80028280	42c6028c6208dedf
10932224	8001f8b8	83606a873b335a88
10936320	80029ab4	8697cb08fe137f9a
10940416	8002a9b8	3cbc7d1a9adc7ee1
10944512	8002a9b8	e3d2250c6e287c7d
10948608	8003d7e4	cbb94d1df678d06a
10952704	8003d7e8	3c6dc5d884b29319
10956800	8003d7d0	28a06b1fcdb16c18
10960896	8003d814	737e03642519dd96
10964992	8003d818	250a38a1ee7ea2ff
10969088	8003d7cc	80c3199547d3c061
10973184	8000ac80	ac6aa6f77d13d800
10977280	80016830	6013626c69d5322b
10981376	800293c8	a0acf661835148d9
10985472	80028f44	3fe37d2c8a48f04d
10989568	800290c8	0a944d0480ff83b0
10993664	8001e9bc	1d004a1ff7464b63
10997760	80040f3c	f0d888efed4afd00
11001856	80047314	0cb6bdd73cf37d7f
11005952	80040f4c	f4dd3aac13d8909f
11010048	80040f4c	672676a22a7d1371
11014144	80041740	5377c79ebda25b1a
11018240	8002f4fc	0d0ea4e964cf501d
11022336	8002f4dc	1f5ee4a372f9ded0
11026432	8002f4f8	93dfb8635ca6e538
11030528	8002f624	a339dbf28c3001de
11034624	8002f624	18bc4b57ff56e8bf
11038720	8002f60c	641a303cf77da506
11042816	8002f62c	3344bf2e04f7a5f9
11046912	80010b20	603d32b96c79db0c
11051008	8002f634	82b2422e8f49614b
11055104	80010b28	463dd776f705ef8e
11059200	8002f4e8	b285d12d7f167180
11063296	80010b30	8ad5e338260c9457
11067392	8002f4f0	34d0c35782f07e64
11071488	8002f614	968891c40e3fd9fc
11075584	8002f4f8	7544c5de760c5e49
11079680	8002f61c	1686298f4c804acc
11083776	8002f4dc	95be55906bb2ae01
11087872	80010b20	199baac34377efc4
11091968	80010b30	155b4c119b89f0ad
11096064	8002f500	9e5abcc801c5bd5f
11100160	8002f54c	e71ecf5255eb7ccb
11104256	8002f54c	349cd3f3f46a4316
11108352	8002f54c	8e0b33506c510113
11112448	8002f544	025267bb9bda57e0
11116544	8002f544	8c2195023c714289
11120640	8002f544	882f0fd8fe0b67ea
11124736	8002f54c	34252e40d42a16b2
11128832	8002f54c	b0349d74699c6cb2
11132928	8002f54c	8b096616066ee431
11137024	8002f544	b0b231c86a84a8c2
11141120	8002f544	b70d947b880d5293
11145216	8002f544	0d026cac76ed53ad
11149312	8002f54c	2fc797d744869880
11153408	8002f54c	7221770aa528bebb
11157504	8002f54c	3efbd5039b345a6a
11161600	8002f544	6563d70421f5a5ae
11165696	8002f544	e6a969c884945ec8
11169792	8002f544	138b6ad7ae8f4c6e
11173888	8002f54c	428dc5054d4f9f26
11177984	8002f54c	175d1bcdd8d2780a
11182080	8002f54c	568fa9492993a48e
11186176	8002f544	d6c4cbc48966f0aa
11190272	8002f544	1501d26ec9b179f9
11194368	8002f544	8cd80322adf60903
11198464	8002f54c	1e499e36f2aa3801
11202560	8002f54c	853f9d54e00058b6
11206656	8002f54c	4bb9877e9a1d1afd
11210752	8002f544	24197481f4c25788
11214848	8002f544	92e3580eeaac6eb8
11218944	8002f544	e1893680b0353ff7
11223040	8002f54c	f07e5a7f6b944285
11227136	8002f54c	5588c0f73b950973
11231232	8002f54c	5caa5cf3a5ceeabd
11235328	8002f544	0e07b1818f99d5fd
11239424	8002f544	4fe765a87a8614c8
11243520	8002f544	e0ad0f7c618117bb
11247616	8002f54c	afe1c6039544489b
11251712	8002f54c	31fe2b7fbc076b89
11255808	8002f54c	62b135a23cb9fa2d
11259904	8002f544	8cd5ca17cc03ccf6
11264000	8002f544	41a9466f4aaf95d4
11268096	8002f544	efb26ed0daa7ae6b
11272192	8002f54c	921f466725029025
11276288	8002f54c	e38e86bd855440c4
11280384	8002f54c	beb7eb815b7fbacd
11284480	8002f544	930a4f03b75126b6
11288576	8002f544	d3065ad89ea51721
11292672	8002f544	09fafc9076779402
11296768	8002f54c	2baa1054b7e4c8ff
11300864	8002f54c	e9c979220b80a9e3
11304960	8002f54c	5949ae07ac1ca745
11309056	8002f544	762cc67f0c0ceced
11313152	8002f544	ef8bb37091ab4d1d
11317248	8002f544	42e2bd6d32774d80
11321344	8002f54c	3f0789a523510fbf
11325440	8002f54c	576b211ec0b24621
11329536	8002f54c	dcc50c76d666ff64
11333632	8002f544	0586ece5a2469510
11337728	8002f544	0150fd98b3521647
11341824	8002f544	049537271954546e
11345920	8002f54c	bb15737c3a3f771d
11350016	8002f54c	0f8a3fe24072e6ea
11354112	8002f54c	2453c1f1e3864f0e
11358208	8002f544	4c3b83ec54049708
11362304	8002f544	4543646ebeb0b2bd
11366400	8002f54c	43fef701671233b4
11370496	8002f54c	f3c8e9a4b309334a
11374592	8002f54c	c641f8aa26032926
11378688	8002f544	ef3ced6621cfbb73
11382784	8002f544	d0a7f0e43d25b90b
11386880	8002f544	61c4db9928956b42
11390976	8002f54c	1334431a2dbf1a5b
11395072	8002f54c	367841ff6f541d09
11399168	8002f54c	01fdc964ee76c847
11403264	8002f544	2b827a49edcc1502
11407360	8002f544	c1fefe27f730a777
11411456	8002f544	75754b2f8a950608
11415552	8002f54c	9bb7a10668e01136
11419648	8002f54c	841e60d6e982bb81
11423744	8002f54c	1397167b17213ba8
11427840	8002f544	52ee6564fc633187
11431936	8002f544	d9ab551725aba419
11436032	8002f544	715f411ebc51fd03
11440128	8002f54c	531711dfc113a149
11444224	8002f54c	3cf760df04af131d
11448320	8002f54c	34384c49b1fb4920
11452416	8002f544	02731ea2d2422785
11456512	8002f544	d31ea310d250f4cd
11460608	8002f544	9733a8ceca703500
11464704	8002f54c	d456eaa053907aae
11468800	8002f54c	47f42cb5dab1e1ed
11472896	8002f544	341fcdc531d84239
11476992	8002f544	45864f8a8023a1af
11481088	8002f544	936ac9e69f0d075f
11485184	8002f54c	7375c6e647763ed0
11489280	8002f54c	1d1c8ea5d268adb5
11493376	8002f54c	78ea77eaab4db317
11497472	8002f544	c51cfc3f0576a2f0
11501568	8002f544	a97181b8fac468b3
11505664	8002f544	a762049f50f3ea4e
11509760	8002f54c	986900312cdf17e5
11513856	8002f54c	f47e91c230137440
11517952	8002f54c	dbc154d7acd24f5e
11522048	8002f544	2d99fd7e687f8f6d
11526144	8002f544	37b737e0c9952653
11530240	8002f544	762dc6ac9260cad5
11534336	8002f54c	64372dfba5ee7317	a45393dab7688aab	7bed8159bb569479
11538432	8002f54c	7f225a023486d9d2
11542528	8002f54c	55fbf3fcf06da685
11546624	8002f544	b47069cc71ddd8ff
11550720	8002f544	97881591621e011e
11554816	8002f54c	948b8989900d8be5
11558912	8002f54c	fc8992deb4b653f3
11563008	8002f54c	a3a3aa95a74c2941
11567104	8002f544	244248c3a310773e
11571200	8002f544	e3f1bf4fcf56e60f
11575296	8002f544	db8707b1eba0b7fd
11579392	8002f54c	b6310b6a3ae5be3b
11583488	8002f54c	d9507b28f2d9775c
11587584	8002f54c	4c7cc9c3c8eb9568
11591680	8002f544	fbbc7ac054913288
11595776	8002f544	f2770bd520f1dda9
11599872	8002f544	03da9f7037912da4
11603968	8002f54c	ec93f65a5bb96e97
11608064	8002f54c	fdce0c921f40a625
11612160	8002f54c	facf392ef25c4c6e
11616256	8002f544	4d9d48f3c941b9c5
11620352	8002f544	e7a61c898f9d7953
11624448	8002f54c	d6047ed3933c2ebc
11628544	8002f54c	df1efe4391bf465a
11632640	8002f54c	ad17ff6a4692a204
11636736	8002f544	855618b322a68062
11640832	8002f544	c24564134d1f54b8
11644928	8002f544	07398474810b2e64
11649024	8002f54c	1f77b1e4539e4623
11653120	8002f54c	86c672fe52f8c95c
11657216	8002f54c	f9db71965076e6ed
11661312	8002f544	f8020137098e0634
11665408	8002f544	95426a27aa3d4088
11669504	8002f544	9fe4de7520355c20
11673600	8002f54c	fc2bd63cb018b43c
11677696	8002f54c	286b4b8bed317183
11681792	8002f544	65ef35840f212ef3
11685888	8002f544	2e529f3cb461bec5
11689984	8002f544	283e78cc92061b53
11694080	8002f54c	e3aa51de5606d055
11698176	8002f54c	4851ca1a1a601f25
11702272	8002f54c	0a36d0814501819b
11706368	8002f544	68a1c76387c1cdb7
11710464	8002f544	db370a22bb73b20a
11714560	8002f544	b631ec29788b3e0f
11718656	8002f54c	ac08fd7c03579ff3
11722752	8002f54c	0422fe6617d43407
11726848	8002f544	4895781ff5a6ab77
11730944	8002f544	38fe18c8b9e9a48e
11735040	8002f544	007bef11e4d3eb23
11739136	8002f54c	7f21ed62d8dbc2ae
11743232	8002f54c	22dd4d8a5c71db65
11747328	8002f54c	518bae2fdba76563
11751424	8002f544	9e675ee704ba0e2c
11755520	8002f544	5778c8a6ce580ba3
11759616	8002f544	129d09c4501a859a
11763712	8002f54c	112befee24e9a16e
11767808	8002f54c	a03a4dfe8afb426f
11771904	8002f544	1d6bdf4487775145
11776000	8002f544	226d4532344ba644
11780096	8002f544	01d8e25437dbce2a
11784192	8002f54c	93456f6c4f5a0666
11788288	8002f54c	11b74ba2e9ffc346
11792384	8002f54c	4b882bcb63e9df8c
11796480	8002f544	ae7d766007f8c370
11800576	8002f544	6bfbe7e49cd6c96b
11804672	8002f544	7e741f6d353d078f
11808768	8002f54c	2bebb5e86364ee00
11812864	8002f54c	cdf3e122bc905bb2
11816960	8002f544	eca0bcb8042ccba6
11821056	8002f544	2776053d398296ca
11825152	8002f544	c39818446bc96209
11829248	8002f54c	eced72e4b83a0f1c
11833344	8002f54c	525e0a443013ca7b
11837440	8002f54c	54660207d691c409
11841536	8002f544	3c68464127b98e9f
11845632	8002f544	916847b286708c73
11849728	8002f54c	8c8c01bb466798e1
11853824	8002f54c	e243b7ada38f0890
11857920	8002f54c	a75fc9e353f50887
11862016	8002f544	360a4ec5afd9584a
11866112	8002f544	976796ee4e913207
11870208	8002f544	e078e2a37de87a0a
11874304	8002f54c	7658eafeed240775
11878400	8002f54c	1bd906ea56c54c72
11882496	8002f544	1c1b303d338a94c1
11886592	8002f544	552d7f6c55f3c454
11890688	8002f544	b1e27f2c7ac01969
11894784	8002f54c	5471c65834395450
11898880	8002f54c	c18052653a887ac5
11902976	8002f54c	cee6f85db2966e15
11907072	8002f544	912b83579c6f323f
11911168	8002f544	512a0bdb279313d6
11915264	8002f54c	81ce88a53a1f82c2
11919360	8002f54c	9fba9d11fa762420
11923456	8002f54c	22abde4dfebbb937
11927552	8002f544	cc1810cca77221bc
11931648	8002f544	8ec803d5bfd39d89
11935744	8002f544	66a94f925d8341a1
11939840	8002f54c	f72579eb44a88987
11943936	8002f54c	c0117d308e6f6019
11948032	8002f544	f0754dc6668d5d88
11952128	8002f544	44c25e0deb029f27
11956224	8002f544	64d04e4cf2172da4
11960320	8002f54c	34127854e44e2721
11964416	8002f54c	91c6d0cf3a3af6d3
11968512	8002f54c	9ee9e01a54e221ae
11972608	8002f544	3590744f1eda694b
11976704	8002f544	58a2d5e945368fa1
11980800	8002f54c	c579b5896b611ea2
11984896	8002f54c	8584607f1e31e495
11988992	8002f54c	bf2d319048db1815
11993088	8002f544	e24f66e066c83f75
11997184	8002f544	15fa853f9cf8e30b
12001280	8002f54c	4f4effde69468009
12005376	8002f54c	74875cd7d86bce49
12009472	8002f54c	8ebc73e084d509af
12013568	8002f544	54a683d29ca03a0f
12017664	8002f544	873904e0f6fca784
12021760	8002f544	485193b0300c2310
12025856	8002f54c	80da3ab5ca3c70ea
12029952	8002f54c	490ca58ff8381434
12034048	8002f544	2e2eef453febe60d
12038144	8002f544	5a90f6c364be338e
12042240	8002f544	11c39d371ccecb12
12046336	8002f54c	48b7b54ec58c0336
12050432	8002f54c	1c208f32f8bf61ec
12054528	8002f544	56735633bab2fc3c
12058624	8002f544	c88320cdbc2870b5
12062720	8002f544	f8b7da8fdd33d867
12066816	8002f54c	6cd8fab23d86e089
12070912	8002f54c	8137008e1bcfc3f7
12075008	8002f54c	64b9fae6be523959
12079104	8002f544	e9c682a06afcc4aa
12083200	8002f544	14f6cfa0e2ccefd0
12087296	8002f54c	26a40d4ce3c2a3ae
12091392	8002f54c	23e5265256a39892
12095488	8002f54c	6df7414affbf6875
12099584	8002f544	61cc57a78e9ee5ce
12103680	8002f544	b21df23791b0d30b
12107776	8002f54c	7110c88f9510f9ed
12111872	8002f54c	c3aa9bd178d747f3
12115968	8002f54c	e1c85d4ef69b94d6
12120064	8002f544	4fb2c509716ce381
12124160	8002f544	caea3dcef9b73a03
12128256	8002f54c	d1cc6fcc2c6d8e69
12132352	8002f54c	4cefc01f6726c06e
12136448	8002f54c	7c24ccca90062b63
12140544	8002f544	2e75320bd0fd396d
12144640	8002f544	cb27d51a25817fa2
12148736	8002f54c	3b6011773e7ffa4f
12152832	8002f54c	c5d6e3d1d5157a8b
12156928	8002f54c	314711187afd0729
12161024	8002f544	a5376226174f3d62
12165120	8002f544	8c32944237f7e34a
12169216	8002f54c	36f441e819e07918
12173312	8002f54c	281f5291699df849
12177408	8002f54c	f2e33ddb876e173a
12181504	8002f544	84ef2f4d596f3213
12185600	8002f544	9282380aea7a8e51
12189696	8002f54c	fe44f0712ec2a920
12193792	8002f54c	65f62a26f69f129c
12197888	8002f54c	37a80d78aba7ba96
12201984	8002f544	11ef06ce31b27bbf
12206080	8002f544	b4cfa3a7535c959b
12210176	8002f54c	e4564b4db4e1330c
12214272	8002f54c	5ad5daa2a4d49edd
12218368	8002f54c	c9a43b07729bf927
12222464	8002f544	70d631c02013c488
12226560	8002f544	bf52a4abe9b7e1cd
12230656	8002f54c	82d783aca608aa47
12234752	8002f54c	5e5c3d0774f87958
12238848	8002f54c	6625d4cabd62263a
12242944	8002f544	8db732d35e9d8d32
12247040	8002f544	f821deb2be47a350
12251136	8002f54c	0853839429658a93
12255232	8002f54c	f9cc72bcfb517c79
12259328	8002f54c	6f4cb3b6972744fc
12263424	8002f544	94b08cbcd8eb4ed1
12267520	8002f544	ea9a333b0963bd77
12271616	8002f54c	20631c61857d5e9e
12275712	8002f54c	7c1435e8afd48b7a
12279808	8002f54c	ae5998173be77f04
12283904	8002f544	47063fc2190a75b3
12288000	8002f544	876c64830b3d77ff
12292096	8002f54c	67705a54777938e3
12296192	8002f54c	64b1c7848dec8eba
12300288	8002f544	1fc67935df3d063d
12304384	8002f544	04ae9d5b8bfd955d
12308480	8002f544	e8a75a46178628f6
12312576	8002f54c	415db3c7a439806a
12316672	8002f54c	3a3b4c4fa03a78d0
12320768	8002f544	4e63b1188e116369
12324864	8002f544	b1d784e874f8b192
12328960	8002f544	0615361930154220
12333056	8002f54c	072db158c04a4f3f
12337152	8002f54c	51b2a968485cf9f5
12341248	8002f544	55d08e818abe5ab5
12345344	8002f544	b98f76217f5b9bb0
12349440	8002f54c	cd04ff90e9aa9f1c
12353536	8002f54c	0ae131cd5a96b602
12357632	8002f54c	72f57c67a447021a
12361728	8002f544	f9f14097b87fc09e
12365824	8002f544	df344542e18a6bb7
12369920	8002f54c	b490925bd4b2a3a5
12374016	8002f54c	4dae5fcfaf374017
12378112	8002f544	ff294b4a651d5958
12382208	8002f544	e79a8b8b9bbd1bf5
12386304	8002f544	0618b8b8e536b11b
12390400	8002f54c	9d6131ec1b3b14d0
12394496	8002f54c	1524fd1b0457ede8
12398592	8002f544	ade1a7664de6da45
12402688	8002f544	bf12b9293ca22086
12406784	8002f54c	91b76b13507a4d10
12410880	8002f54c	818b2d5a8e891adc
12414976	8002f54c	373440e041de2897
12419072	8002f544	28a3b62dfa0bfe9f
12423168	8002f544	fab867122a107a7e
12427264	8002f54c	801a37710c811f15
12431360	8002f54c	6bdb28b617c5acd5
12435456	8002f544	5aad19bcf060fd9a
12439552	8002f544	14f23e8c19279dda
12443648	8002f544	3d8eef6736dd3e1e
12447744	8002f54c	aa80449397c0089e
12451840	8002f54c	7c16a033350fa367
12455936	8002f544	425ab3398a01c180
12460032	8002f544	1c9aa1dcf33ff65b
12464128	8002f54c	fbd760910ee0a3c2
12468224	8002f54c	e8753d1535b7b509
12472320	8002f54c	c41bbc765c09eda4
12476416	8002f544	bfa736313460deca
12480512	8002f544	59daf5902a137b8e
12484608	8002f54c	aae435ca821cc5cd
12488704	8002f54c	b0a37a6280ffce22
12492800	8002f544	9b92d6580167ce6e
12496896	8002f544	dea37adf37272f17
12500992	8002f54c	2f3bb2e689fbab90
12505088	8002f54c	7c32016fef2b42b0
12509184	8002f54c	5c931dfa46955c5d
12513280	8002f544	22a17e36119874a7
12517376	8002f544	6ddc52407c77a1bc
12521472	8002f54c	aa6bef6f7c2b6cac
12525568	8002f54c	f04882d736fbd828
12529664	8002f544	a2c6074456f2798f
12533760	8002f544	7f654e54dc8d4293
12537856	8002f54c	36926d16fa3ac555
12541952	8002f54c	14c6abb51b3aa83f
12546048	8002f54c	53103b82dc66466f
12550144	8002f544	0ca5bb4b771cad6e
12554240	8002f544	bcb6c5cedf3dc718
12558336	8002f54c	5d537edff3baf6d5
12562432	8002f54c	7fe417c7a198280a
12566528	8002f544	aa9de4dc1c4385c4
12570624	8002f544	565fbfcf8df3b892
12574720	8002f54c	fffe2b80b621f05e
12578816	8002f54c	610083907c692b08
12582912	8002f544	af43b7d7876eab3c	94dc0b2d8d6db611	7bed8159bb569479
12587008	8002f544	76682eb2e4d88914
12591104	8002f544	c16aa04cd80d0244
12595200	8002f54c	7bf3797e124d61e1
12599296	8002f54c	bc1eda2a63ae3fa3
12603392	8002f544	10de9831303c3430
12607488	8002f544	606700e81135693a
12611584	8002f54c	c847a6d3055fc92f
12615680	8002f54c	328a9ea986c8004b
12619776	8002f544	ba69fff3ac7dfd51
12623872	8002f544	aab3ced437e5ebf6
12627968	8002f54c	3f02abf56bbf6561
12632064	8002f54c	79954c7458c5e236
12636160	8002f544	31ba3c57ecb748fd
12640256	8002f544	7f4e45177cca56e3
12644352	8002f544	c834d9f9491640bf
12648448	8002f54c	3c85d223f56d0159
12652544	8002f54c	624e69729d36e976
12656640	8002f544	38301c981a9d0c70
12660736	8002f544	48d17a13572e1caf
12664832	8002f54c	633fd027abad1de2
12668928	8002f54c	5a19ec0b7e1ee584
12673024	8002f544	80b5361369257dfe
12677120	8002f544	47420780737d4eee
12681216	8002f54c	fb0f243d8462a725
12685312	8002f54c	174395ff5108f893
12689408	8002f544	cf8ff7f0c6d226ba
12693504	8002f544	d400deeb4b67c488
12697600	8002f54c	c0e1d2908c848a9f
12701696	8002f54c	1945372d7eac1d3f
12705792	8002f544	a9f75ccf22d56ea3
12709888	8002f544	b68314fe9684bb42
12713984	8002f54c	0e06a93e36029143
12718080	8002f54c	f53531d41541d831
12722176	8002f544	d2b6acec34bf5312
12726272	8002f544	9f8958444c757a69
12730368	8002f544	964ede6d67af4044
12734464	8002f54c	5e4cf8189d9b830d
12738560	8002f54c	9ed0a76ee2809f99
12742656	8002f544	df5c0031b19ef06a
12746752	8002f544	5c4b0682a4172e9c
12750848	8002f54c	b531c02561400d6b
12754944	8002f54c	8f10b0d4ff75b88f
12759040	8002f544	bbaae987b791e07b
12763136	8002f544	7d4126ec0e1cab97
12767232	8002f54c	3146275d506559f1
12771328	8002f54c	fc6f4fe1d0264ad8
12775424	8002f544	976a8b2316912108
12779520	8002f544	31acca5e8c48f6f3
12783616	8002f54c	55cf01da6ff905b6
12787712	8002f54c	cf31dc37d9ecdf6f
12791808	8002f544	259794c8c5eba88c
12795904	8002f544	4d4925706de43560
12800000	8002f54c	5db62a3ff05899eb
12804096	8002f54c	a684ab0f029f20a6
12808192	8002f544	0c9ec04b76289e7a
12812288	8002f544	74a17b2b1bfbb21b
12816384	8002f54c	0297c9683ee1f9aa
12820480	8002f54c	2fc6a7133e3a6dc9
12824576	8002f544	28c12e817115c034
12828672	8002f544	5ec276ac2cb70eec
12832768	8002f54c	f03f541fd79540c6
12836864	8002f54c	e864a62daa59c355
12840960	8002f544	51632a80c68a24ba
12845056	8002f554	4c5fdb012d10335e
12849152	8002f54c	772c86590bd19e19
12853248	8002f544	9d03915e94e65414
12857344	8002f544	1da8363e09169fde
12861440	8002f54c	39d4e8eeac5cf8c7
12865536	8002f54c	3fc12bedf9ae0633
12869632	8002f544	2beae3f38f6c2497
12873728	8002f544	84d4f33c13733592
12877824	8002f54c	c9a242ca43dcde45
12881920	8002f54c	71b7f54592ee931d
12886016	8002f544	58ca6b053dd40764
12890112	8002f544	c88d903012cdca41
12894208	8002f54c	ff40b013058ccf5c
12898304	8002f54c	8aa53fccfe1809bc
12902400	8002f544	e3ea36ff9e14a613
12906496	8002f544	5a01f04b4680a632
12910592	8002f54c	d77a9cd4e40c333f
12914688	8002f54c	2e2355986b326ff4
12918784	8002f544	c229fc852ba1007a
12922880	8002f544	93006674cd1179fa
12926976	8002f54c	9d10f6755102331c
12931072	8002f544	9bbc8b0d78b5de5e
12935168	8002f544	4803811007537ee3
12939264	8002f54c	021b0b4bd40d51cc
12943360	8002f54c	0b4b0dfc8a492e00
12947456	8002f544	59bbad88ccc065de
12951552	8002f544	f5b572f714e5eb8e
12955648	8002f54c	253860411972f2e5
12959744	8002f54c	3935d87a5c83c1a9
12963840	8002f544	052b9f00ed27d4c6
12967936	8002f544	c3a59bdcab9317ea
12972032	8002f54c	240a11adf4a92be8
12976128	8002f544	642bde17de8db9cc
12980224	8002f544	2c795ad817533829
12984320	8002f54c	ca33739a0936286a
12988416	8002f54c	d98b36556e8e6bf0
12992512	8002f544	fdd2fea1d641798c
12996608	8002f544	719eddc32ba8a3ef
13000704	8002f54c	539f392ad23fa270
13004800	8002f54c	8d35481391649e40
13008896	8002f544	d072ac4549347ed7
13012992	8002f54c	24f8c0bcf73723d4
13017088	8002f54c	405b7da9a2b7b4e7
13021184	8002f544	4ed891eeef14c8ed
13025280	8002f544	772c13d597cb9ef6
13029376	8002f54c	5912be49ca63fe76
13033472	8002f54c	a9af639de21a26d0
13037568	8002f544	85d8f9db902d17ca
13041664	8002f54c	7e14623dd3946e25
13045760	8002f54c	72feec4c886b2b97
13049856	8002f544	b262854f1f37c67f
13053952	8002f544	166b4acb325b83ce
13058048	8002f54c	2be5b4e7a5aea78e
13062144	8002f54c	3eae20427a11d576
13066240	8002f544	46f10de74eedd8bd
13070336	8002f54c	c99822bc7cbc4da7
13074432	8002f54c	69c847a0ad883839
13078528	8002f544	e08c5e059faca767
13082624	8002f544	db0192331625725b
13086720	8002f54c	6239e0e88b8ae49d
13090816	8002f544	6982949740405281
13094912	8002f544	d8cfb9ac62e92bc0
13099008	8002f54c	25946444a63c5da5
13103104	8002f54c	dbfed4d91f0d2b1b
13107200	8002f544	b314889a200ec1b7
13111296	8002f54c	c7f05e2a1e3324de
13115392	8002f54c	aa7e140ca439df94
13119488	8002f544	0666bf576cecdb9a
13123584	8002f544	e8397293b3386867
13127680	8002f54c	bdc1ee212115570e
13131776	8002f544	ec2d61c83de33864
13135872	8002f544	bb4ecf67535d755d
13139968	8002f54c	e691c83e6f69de7b
13144064	8002f54c	73e88739c9b5f04f
13148160	8002f544	7bec999b541166f9
13152256	8002f54c	d0afadc952724943
13156352	8002f54c	55fbbfd5ace8b2be
13160448	8002f544	208e873bc1c4e7da
13164544	8002f54c	cc73cfa1d5c91c17
13168640	8002f54c	827f8bdbe6ac2bb7
13172736	8002f544	6d2031e118c6407f
13176832	8002f544	3dc692cee9764789
13180928	8002f54c	87da8d7e55f65ac3
13185024	8002f544	b8bc1464c8eb2151
13189120	8002f544	aa74d2ea2d7afa33
13193216	8002f54c	ef4b8e9b8b28448b
13197312	8002f544	2d789443fc795e4c
13201408	8002f544	590c0d0530d7586c
13205504	8002f54c	a43541e09a1c3f6a
13209600	8002f54c	ce2bc1dc0dfe7fc9
13213696	8002f544	02fdfb0305e8f87d
13217792	8002f54c	cf08d2bbb64b4009
13221888	8002f54c	1c953f728a680239
13225984	8002f544	401863c603c2d66a
13230080	8002f54c	102290f84cd76869
13234176	8002f54c	db59b407b1ffe988
13238272	8002f544	2e0e6536caafdc63
13242368	8002f54c	c9f402a60f1e10bf
13246464	8002f54c	c8e239d62f4fdde8
13250560	8002f544	ca94d3a9e1a77dd5
13254656	8002f54c	9f84d6ac87fe6b5d
13258752	8002f54c	8f1b5291eac30c2b
13262848	8002f544	bceaff14bbe720c8
13266944	8002f54c	6b59482dc85bf34f
13271040	8002f54c	fb078d2079e4d3ff
13275136	8002f544	e87e3fd65a70c479
13279232	8002f54c	c0717a6d4bdc5d48
13283328	8002f54c	4b68d37561fe9ccf
13287424	8002f544	0a18941d63584a73
13291520	8002f54c	78ad42ccb221113e
13295616	8002f54c	316073b0e62fbc71
13299712	8002f544	b3ce3bf9e6de63bb
13303808	8002f54c	2721f5bdadd69085
13307904	8002f54c	4f9c4442056ea6d7
13312000	8002f544	920a8bda82c2df3a
13316096	8002f54c	af7a93dbdf1cc283
13320192	8002f544	dfee239d6331be99
13324288	8002f544	64eaae687dd7f6bc
13328384	8002f54c	ef8f1b8006c5acc8
13332480	8002f544	12e51e67088376a0
13336576	8002f544	df10dcf6fa824790
13340672	8002f54c	9ae52591b4b3070e
13344768	8002f544	c676c507621a3ca0
13348864	8002f554	7321eece0b1361e7
13352960	8002f54c	aa85cc9a4ec64563
13357056	8002f544	2dd005be797d4794
13361152	8002f54c	5b3a3946b007e541
13365248	8002f54c	81e5c1f3e9ae2505
13369344	8002f544	237c8615e1134c3c
13373440	8002f54c	968d0ae56bab67c7
13377536	8002f544	6defcaf26caed887
13381632	8002f544	5b6666933962f272
13385728	8002f54c	313bad8360feb82e
13389824	8002f544	991bad0689ae406d
13393920	8002f544	08b0f8d2923c5248
13398016	8002f54c	008332eed0cf17bd
13402112	8002f544	4faadf1e75d505a4
13406208	8002f54c	a133600d8e920110
13410304	8002f54c	3227a25a1e3bed44
13414400	8002f544	d4a81b866e462825
13418496	8002f54c	bca7fbf6bcc6a784
13422592	8002f544	db83a7df05b60c93
13426688	8002f544	86d2bde8197f7b5c
13430784	8002f54c	2a813156f4d3eef1
13434880	8002f544	f12696180777e691
13438976	8002f54c	63b7cd939fb8b265
13443072	8002f544	0e4d5629f4ccf346
13447168	8002f544	dad3deb3350ae95b
13451264	8002f54c	ad0d3a210aac10a7
13455360	8002f544	45fc181750efec9e
13459456	8002f54c	093d305c6451243e
13463552	8002f54c	2358085be9bd690f
13467648	8002f544	1ed703bb43bfd90f
13471744	8002f54c	1ce1ce3bc77a6328
13475840	8002f544	3686e5d34307a233
13479936	8002f54c	291afb4941724d2d
13484032	8002f54c	e2783d7206b53db3
13488128	8002f544	5eb64724317934e3
13492224	8002f54c	53e7581dceca9fb1
13496320	8002f544	6486351f4a129061
13500416	8002f54c	96fba18c5a07f431
13504512	8002f54c	f48e03f4cb2c414f
13508608	8002f544	48b283d7e32e112c
13512704	8002f54c	b3190f9c474bbd56
13516800	8002f544	e1551dc5c28db1a6
13520896	8002f54c	397240f10eaaf6dc
13524992	8002f54c	bbe5a6639f154a70
13529088	8002f544	f907e769625cd4d3
13533184	8002f54c	7f576599b21d70cf
13537280	8002f544	c23e0d9a9297ffdc
13541376	8002f54c	4c7b83dceb357192
13545472	8002f544	bd442cae2ed7eeca
13549568	8002f544	a0b62eb46628f70d
13553664	8002f54c	f172d99830040238
13557760	8002f544	8aa6c786ee20ef57
13561856	8002f54c	1c3b392ad5d74a6b
13565952	8002f544	7ddd22700d918b6b
13570048	8002f54c	a7f97b2e8155fd97
13574144	8002f544	8eee6a2d0b6b80d5
13578240	8002f544	d2f08f492337af58
13582336	8002f54c	0642c8499529be5a
13586432	8002f544	8e823ca0024e27e9
13590528	8002f54c	3d9195b0ad9285eb
13594624	8002f544	8928469146eb6ff9
13598720	8002f54c	108a35e6054a4ace
13602816	8002f544	1368daa21eaf3c98
13606912	8002f54c	fde85e757f9b3124
13611008	8002f54c	e0fdd539e1e3f472
13615104	8002f544	ad60bcf626118e83
13619200	8002f54c	f5f90bc777c1d3bb
13623296	8002f544	c6b056c6ff6d18dd
13627392	8002f54c	b7a1ac66957a6a4d
13631488	8002f544	caaadc7d4d53c9d6	6bd8ffeb1e900fb1	7bed8159bb569479
13635584	8002f54c	a80e2fa6c3a8e051
13639680	8002f544	e37846bc80ed2c77
13643776	8002f54c	c095b60c0885e676
13647872	8002f544	eca98b2ffec9d0dc
13651968	8002f54c	c0cbefa0875191ca
13656064	8002f544	713ecaf23627e285
13660160	8002f544	e4cdb1c758775be4
13664256	8002f54c	8cab878adb111d4c
13668352	8002f544	54ebf04b020f1076
13672448	8002f54c	259378657d27ae00
13676544	8002f544	b7ae77465c441687
13680640	8002f54c	1ff14628e8ec320f
13684736	8002f544	2940122654cb32ff
13688832	8002f54c	1fe75beccf599b46
13692928	8002f544	0b0c4c67834fa34e
13697024	8002f54c	0694493834fffd9e
13701120	8002f544	be3ec5f59cdb943c
13705216	8002f54c	7aa6b79a0ea0115d
13709312	8002f544	a55edd4cae32bf9f
13713408	8002f54c	7e477f7953e9f4c4
13717504	8002f544	bf486ba01c51ee28
13721600	8002f54c	c53510b7e71e8814
13725696	8002f544	a91cd9b399656120
13729792	8002f54c	f4137bcb2b14d8c4
13733888	80010b34	eb3684d37859b9b5
13737984	8002f5a0	1757260d42556e92
13742080	8002f580	9b795458afb6fc95
13746176	80010b20	e059ef1b42fadd51
13750272	8002f58c	b81f46e7f2e2d09f
13754368	8002f5ac	84809ad881a6af14
13758464	8002f5a4	93a724ccf4137203
13762560	8002f580	9e06aa6b97e62217
13766656	80010b20	56a4c4e9716209c8
13770752	8002f588	710b1ae7e9a65582
13774848	80010b28	56e34cc234e61c13
13778944	8002f594	c93221259beff106
13783040	80010b30	91201f8c7f18ec47
13787136	8002f59c	fbbbf7909a73bc7b
13791232	8002f5bc	a5d2b51cd8e37a95
13795328	8002f5bc	b2a3d74b39f559ab
13799424	8002f5bc	15f38603504f1254
13803520	8002f5bc	b6e39397e4245e89
13807616	80010b38	fed6b2f05311e059
13811712	80010b3c	e7a62c026d03f30f
13815808	80010b40	e625592faac22225
13819904	80010b44	60215aa702c1376c
13824000	80010b48	2bacc80aab78bfd4
13828096	8002f958	2daf7228deb588da
13832192	8005b064	293b811d16b57fbe
13836288	80010b3c	03d05878f9442a38
13840384	8005b0a4	3c0aa5d5bfc02473
13844480	8003d9c0	96d8696c0ad62ea7
13848576	8005b108	53bbe9cfb676341f
13852672	8005b010	19510f749caea0e8
13856768	8002f958	2f2b0747fe407ad3
13860864	8005b064	82c9187e4656e4e0
13864960	8002f9f8	a57c94ec892a2131
13869056	8002fa20	3c74bf60fd1099dd
13873152	8002f9e8	1b85112b7ff7adfd
13877248	800292d4	3e245df4352c2926
13881344	8001f340	988f4e9131644c26
13885440	80028f34	7a3b6a21ef5d6341
13889536	800290dc	fccd50bddf17d529
13893632	8002b764	de5b3c622848cd02
13897728	800497f0	daf881b969c159e0
13901824	80049800	e08c5017388a8f4c
13905920	800497b8	253fdd5598721b02
13910016	800497c8	c62eaa16ec0abeb0
13914112	800497d8	0313da599c03f2d7
13918208	800497e8	925b1392de034f80
13922304	800497f8	95c306576e979fc8
13926400	80049808	bc5ddd273e14bb9f
13930496	800497c0	2148582a6314d0d1
13934592	800497d0	47ba2cc58e93986d
13938688	800497ec	9b251f1d9b82032f
13942784	800497cc	8663b47cef1f39e1
13946880	80049800	402182900918514e
13950976	800497e0	62a54553793ebca1
13955072	8000f548	89b28d1cf900bde6
13959168	80037d18	cc4d9238fa93fd00
13963264	80037d14	5430cf14c49c277f
13967360	80037d1c	a9edf4620561aa36
13971456	80037d18	996d03fe281ba5ef
13975552	80037d14	5a2e5e63621a4d99
13979648	80037d1c	7286dfc14f0f007e
13983744	80037d18	c239841d8ac08384
13987840	80037d14	237debe457c78592
13991936	80037d1c	4e379be06273c01e
13996032	80037d18	7696572545b9718b
14000128	80037d14	fbe2b149f57037ff
14004224	80037d1c	b6a51dcc1d3078dc
14008320	80037d18	99e146058026a71e
14012416	80037d14	338d75ba79f30568
14016512	80037d1c	24e797db4fe859e6
14020608	80049768	638344ba58bd5ff5
14024704	800497dc	9d65c0dd14cba6be
14028800	80037cf0	17fa060cf7f5b1f1
14032896	80037cf0	d2495ccadeb5e500
14036992	80037aa0	3acce94d74ebd9eb
14041088	80037d10	8ef82bfffbbcd22e
14045184	80037d10	fa3d7639fb5efad4
14049280	80049768	735f8688bc6f3c5b
14053376	80037d0c	cfacc8a10efb4d04
14057472	80037d1c	0e43b2a05320cd16
14061568	80037cc8	feea9a0d05bdaf0d
14065664	80030040	66531045928ea9fe
14069760	80010b48	b6cf5c9407acec98
14073856	8002de3c	50450d7135ab41d3
14077952	8002deac	50b3003fa90ecda6
14082048	80030dcc	89367cb45289a2a3
14086144	8002ddbc	6e328b8fa29b8347
14090240	8002de74	524159c6305cae76
14094336	8002de58	07661f00e78ffff1
14098432	8002de3c	ce502d9f85f0d2ac
14102528	8002de20	9ef1ab875b7af742
14106624	8003d8c4	dadfc351f5d6097e
14110720	8002de30	af06100261066784
14114816	8002de80	116924e2739315be
14118912	8002def4	d609c87fe395382d
14123008	80030dd4	806df4ad4168ed2c
14127104	8002de10	ec93aebec25bc95f
14131200	8002decc	d1238d3b81f72d89
14135296	8002de34	8b0e8edcfccd11f1
14139392	80030c44	1a84287d3ccde5e6
14143488	8002debc	a368f619ed137c31
14147584	8002de10	a635247e0df43d04
14151680	8002de34	3442d35e0edb225d
14155776	80030b8c	0e1603b59b575e06
14159872	8002de30	1817d01aa9807d64
14163968	8002dec0	f8f4a027645a4065
14168064	8002de58	0e97338f0e9ff5b8
14172160	8003d878	ac53ac6d24b1fda5
14176256	8002dea0	4257106e9c66608a
14180352	8002dea4	aa0ac6c2a0c6bf8b
14184448	80030b10	6e3b1e7b4f65a5cd
14188544	8002deb4	6f945cf2922b9bec
14192640	8002de28	155645b1ac15437e
14196736	8002df90	005ae7b3061afe76
14200832	8002defc	55caa9845d1c6794
14204928	8002de78	15ed59b535b9a776
14209024	8002dd44	d83e887f6f3aee18
14213120	8002de64	a756da03eeb12a66
14217216	80030dc4	944db53411ff7ffb
14221312	8002dee4	1e9c15a2eb5912c9
14225408	8002dec4	93f3bd160061bd79
14229504	8002de6c	35358995b1047957
14233600	8002deec	f87aae4c00ac9b00
14237696	8002ddf0	368e015bb475e6e2
14241792	8002dea4	813950569a29b0e7
14245888	8002dedc	19e194d865c56569
14249984	8002ded4	5ae9138a9b336e27
14254080	8002dd54	bbe7c201477de941
14258176	8002de98	05418a3e3c9a4a14
14262272	8002de54	44f54c118e8fb706
14266368	8002de8c	eecafd3955bfa1c8
14270464	8002de84	919ebfccf0968dac
14274560	8002ded4	2a7687ba94176e2d
14278656	8002de94	c1dc81ebd77917a7
14282752	8002debc	5b7d24137b8c172d
14286848	8002de30	153d8a436a396ff6
14290944	8002de7c	47bad986bc899a46
14295040	8002de1c	b4de960695bb72f6
14299136	8002de24	4c903256212976da
14303232	8002de70	fd60be8655915f75
14307328	8002de2c	83b90d9b5ef2fb48
14311424	80030d24	2157b44ca4d07550
14315520	8002dec8	e6bafb670601be2e
14319616	8002de68	5ab93fa9ca405615
14323712	8002de70	bdbb82a2593c49e9
14327808	8002debc	54a90d2e1342b21e
14331904	8002df74	9a97249a86536664
14336000	8002dee8	fde0e37ed7273f3a
14340096	8002de1c	d6d63781bd3aba1c
14344192	80039b30	af089c39f5c69cc4
14348288	8002de30	bc423d3cf51b6325
14352384	8002de7c	7d5e67287f6a21fa
14356480	80030d10	7c237ae70ff964d2
14360576	8002deb8	9e249b06cc6b2ef8
14364672	8002de48	f3a23538c9fd44a1
14368768	8002def8	07b43996c4b6d8b9
14372864	8002de84	184e9a210406d890
14376960	8002de10	553aa86fc0e00bf2
14381056	8002dec0	d7b04563ff66548b
14385152	8002de4c	af85fa383aaae31e
14389248	80030b30	c57a441078aa7732
14393344	8002de88	539e26aab92db8d0
14397440	8002de14	131d484458821fe1
14401536	8002dec4	28d3b32b5a786bcf
14405632	8002de50	f7f325653f73b1ee
14409728	8002dddc	89ec9c35c871b3d2
14413824	8002de8c	5fcea22d858054dd
14417920	8002de18	34e17b01bacc7610
14422016	8002dee8	4bb37aa95dcf3ea8
14426112	8002de3c	192ab4a3b4224f2f
14430208	8002de88	246918fd2ff2354e
14434304	8002de48	ff016c3fc397064b
14438400	8002de08	a53363a3bebebc0f
14442496	8002dec0	def7200844931544
14446592	8002deb4	d251b4db3460c125
14450688	8002de18	4e896e2dc318b5e0
14454784	8002de74	5bd0f2e1341514d4
14458880	8002ded0	a56b04955f81298e
14462976	8002de20	29e0d4da042e97fe
14467072	8002de40	24475eeef23aa98d
14471168	8002de60	afc92c6d1a603b7a
14475264	8002de80	7c5be63097560931
14479360	8002dee8	7d59671bbc46849c
14483456	8002df74	bdf34cb8bfbbd614
14487552	80030b30	2c9820e4683ed5c4
14491648	8002cdc4	35c65acb98ca7d4f
14495744	8002de20	4473710d4fc508a3
14499840	8002de20	b172b52e9782099a
14503936	8002de20	0d10d649ec4143fe
14508032	800497cc	c23d392afad86ae5
14512128	800497c0	a290317ed51ac685
14516224	80030304	94600c16fae6f80d
14520320	800302dc	ee707511dc2b3424
14524416	8002e798	61de6835fa2a3da8
14528512	8002e718	b8784a6a2aed986c
14532608	8002e7ac	daa2d1b550d17b8c
14536704	8002ffc0	bec6a86b7361d755
14540800	8002e784	21c30756693d83e2
14544896	8002e770	44c404784432804a
14548992	8002e724	3ef31de2c9690186
14553088	8002e728	555290eef0453390
14557184	8002e714	863bee1ff6fe3f1c
14561280	8002e754	83d9c7073cc0da6a
14565376	8002e740	917bd1af48cf0266
14569472	8002e744	3bb94fe0c8757d56
14573568	8002fee4	9468e9926a3de137
14577664	8002e770	78eb3384f811c6bb
14581760	8002e774	19a6e5bc8bd4b415
14585856	8002e760	c54a7aacdd6a7a67
14589952	8002e6fc	c99887c7211ad99e
14594048	8002fe80	d93398c0c8737b22
14598144	8002e6ec	f361a086040652a1
14602240	8002e6fc	e4236e41f2ceeafb
14606336	8002e67c	0d5978d10456f032
14610432	8002e6ec	e61d2ae15fa1e282
14614528	8002e6fc	3cb70a33376be4af
14618624	800305c0	a36899fc3346465e
14622720	8002e6ec	329a9a68929a40d4
14626816	8002e6fc	dc491af732e66cf2
14630912	8002e76c	f885fbb5a5bc866e
14635008	8003040c	d9782ba968bfc803
14639104	800497dc	2afc50772ad89217
14643200	800497b8	c31c6c826ff3d251
14647296	800303f4	631628cf0c494df5
14651392	8002ff98	d5c2fd4a5be70bd8
14655488	800305c8	061d47fd2a7338bc
14659584	80032b78	cd5d49cbecfe8f77
14663680	8002deb0	0462b5624dda0a4c
14667776	8002ded0	d69794de4acfa275
14671872	8002df50	e1b496e6861d6770
14675968	8002df48	2f7d66f4aad6e801
14680064	8002df18	f450ff3a5e69bc3f	05e219a6d03d980f	7bed8159bb569479
14684160	8002df80	d8e2219a4e6c52aa
14688256	8002dd8c	358d52123e36cdac
14692352	80031fac	7a99b5931972e454
14696448	80031f38	59d9b3c2cf4c9fb8
14700544	8003214c	26ae1bed58d5b062
14704640	80037c7c	7828494f7bd28295
14708736	80037cd0	7886392eb6156a3d
14712832	80049808	0d5b278a17dde65c
14716928	800497c0	73fa4de86ff54f71
14721024	800497d0	75af23885897c3ef
14725120	800497e0	eb8ebfab7bdea17e
14729216	800497f0	d5337fd61e0c6927
14733312	80049800	054c60c0eef7c39f
14737408	800497b8	c91954e82c212498
14741504	800497c8	51485101f6aa9de4
14745600	800497d8	86102acc951282cb
14749696	800497e4	48017ea9f836ffa9
14753792	800497c4	6c181815b7b6fe97
14757888	80049760	057ee38cb5b044a5
14761984	800497b8	8e0e0ac5fb0b75e0
14766080	800497f0	f13d259c5ac2d49f
14770176	80049770	1ee3e453ac836d0a
14774272	800497e4	c662dd3af6369cd6
14778368	800497c4	0225d05dbffa98b1
14782464	8004976c	92a6519d6c27bdad
14786560	800497b8	61b1e35fc1dedc82
14790656	800497f0	99311a6d6a3e0598
14794752	80049768	eaa7371239aa7f16
14798848	8000ef7c	178a2bea6a09a918
14802944	800497e8	b9fca14e6f7209d3
14807040	800497f8	c8c4a6eb83dbbc03
14811136	80049808	14af025ea90dd950
14815232	800497c0	67e0e9a6be92e447
14819328	800497d0	b4e7a786bdd617d5
14823424	800497e0	f7718873e8f98d42
14827520	800497f0	9c58871eae4dcc8b
14831616	80049800	568075feb368c951
14835712	800497b8	2d6346fa8c53afbf
14839808	80007928	024257945770a42e
14843904	8000792c	a7aa7657808de744
14848000	80007930	9407bd18e20db06c
14852096	80007934	c5c9c38c601e5211
14856192	80007924	d90e15f0308dbe7b
14860288	80007924	10116b816123941a
14864384	80007928	4a948b7d472c34d9
14868480	8000792c	274d9567a88bd30d
14872576	80007930	d7f140190fc141cf
14876672	80007934	9a6d7d75ebd20d48
14880768	80007924	514aa4bc1c365e58
14884864	80007928	39fcb62cc4033965
14888960	8000792c	7791bec9df1b28e2
14893056	80007930	a9181c60452b111d
14897152	80007934	b70f26e6a9d13b54
14901248	80007924	261a0c34f2cc2fbb
14905344	80007928	fe4a055691a8a36d
14909440	8000792c	53f180ef4ed7230e
14913536	8000792c	7be56f92388dea50
14917632	80007930	da707995a1f61c3b
14921728	80007934	97250d1516921c75
14925824	80007924	27c608262383c3f1
14929920	80007928	5945afe2afe893b4
14934016	8000792c	5ba2c632821c0b12
14938112	80007930	5918f37e54b6fdee
14942208	80007934	4f74e5fd5239d5ba
14946304	80007924	f6094d6c8b726311
14950400	80007928	7b26ff956e2be2c7
14954496	8000792c	a703e2fb71bc7f6f
14958592	80007930	7c7c5ae6403a224e
14962688	80007930	923e145757175866
14966784	80007934	0f1afb64c7adbe9a
14970880	80007924	6c1ce4381825b513
14974976	80007928	67466d57a92c2ffc
14979072	8000792c	fa06ca03658a2694
14983168	80007930	6d7588081fcc67cb
14987264	80007934	92f13276a6cd2c41
14991360	80007924	99187a4a01da6d90
14995456	80007928	1acb089bb6b0b7f8
14999552	8000792c	9d30145c1d17c104
15003648	800497c4	c66e696ccb4a1315
15007744	800497d4	cf565374fefa2227
15011840	800497e4	c99392aed048c24d
15015936	800497f4	351cb6b4f49d094a
15020032	80049804	3e21d299155a6bc3
15024128	800497bc	ebb3ab19c7c058ed
15028224	800497cc	725c73f210da642b
15032320	800497dc	86ba02b78abf992c
15036416	800497ec	8bae5d172044acdf
15040512	80007934	c15fa9caab3162d6
15044608	80007924	2977929ae12f00f8
15048704	8000793c	6b2c62a62e8282bf
15052800	80007928	8201f2e5b1cc9c96
15056896	8000792c	dc14a5c85d10d328
15060992	80007930	2e666e917e2472cc
15065088	80007934	f7239832630fe845
15069184	80007924	213d677a4b7e03d6
15073280	80007928	5a23a7d0adc70c93
15077376	8000792c	70da4586c5c3abd8
15081472	80007930	e6f8e12a2737eee5
15085568	80007934	a430d2bb07835ba2
15089664	80007924	abc6397e9d2b547e
15093760	80007928	c1dea9fbda30edff
15097856	8000792c	7c05c2994421de53
15101952	8000792c	a1c09bdb32982e4c
15106048	80007930	3258368eb8958d48
15110144	80007934	3ac24e59a7e9e983
15114240	80007924	c0d61491c2a4ba8e
15118336	80007928	d6024d17e49e99f7
15122432	8000792c	7ef55df32de79db7
15126528	80007930	45422a7f7e421b3b
15130624	80007934	496a9e09f2c62068
15134720	80007924	c1f13819b779ccb4
15138816	80007928	6fbbc162ec744ea9
15142912	8000792c	c02dc72506c4decb
15147008	80007930	779ede1b5f8f2caf
15151104	80007930	8647701415f624db
15155200	80007934	cc359431ec888b0c
15159296	80007924	559bcda521b572c2
15163392	80007928	8a2b1cb99d66556a
15167488	8000792c	2cdda039de28b6ec
15171584	80007930	b807b2ba193a34f6
15175680	80007934	d4b65cff37aa50a8
15179776	80007924	0002d5df461a9f38
15183872	80007928	8ede0cb1ffd5285e
15187968	8000792c	7a6b17d27c196b57
15192064	80007930	d08f57b5761e7db5
15196160	80007934	6e1837d3de5cecee
15200256	80007934	76ef2d3e757ea4e1
15204352	800497f4	15c47d0a842ad1b1
15208448	80049804	d099506f072a34cd
15212544	800497bc	79d9066244ba8318
15216640	800497cc	96222891958fe193
15220736	800497dc	ddfd038306e4d3f8
15224832	800497ec	2c790890baa6f98c
15228928	800497fc	52969bf24059fba2
15233024	8004980c	9bfb4654b8165396
15237120	800497c4	27571e906c955eaa
15241216	80007a8c	47ce8cf159331e63
15245312	80007a8c	226f9e52aeb772c1
15249408	80007a8c	7ad7f04b5e22e4f0
15253504	80007810	7554d617af5fa41a
15257600	80007810	38e68d0c9e62ef8a
15261696	80007810	98fa65073d421e1e
15265792	80007810	6de2437cc4b2660d
15269888	80007810	4d9ff2f5e9ac71d6
15273984	80007810	bac9aff2a5da32d1
15278080	80007820	62943a0ec1f66df2
15282176	80007820	0b8b9b12d80181a6
15286272	80007820	f834b77cc143dc2e
15290368	80007820	fa6ca50a751ebac8
15294464	80007820	86f421eed1b90093
15298560	80049804	4991b8e10df51f7b
15302656	8004976c	9f3f8c76521d4a1d
15306752	800497b8	b7e7019c9faed1ce
15310848	800497c4	3fb33a26a14dfe11
15314944	80049770	82746f1ccdd78fc9
15319040	800497d0	5629c61414da0cd5
15323136	800497dc	c47763c636e32d72
15327232	80049760	65e69fef3c8816bb
15331328	800497e8	9ad7bc19253fd00e
15335424	800497f4	af8f382eb896472b
15339520	80049764	391df69155b1c83d
15343616	80049800	0309c01a98487863
15347712	8004980c	ba1100b1497a135a
15351808	8004977c	02fd316cfed7b5c8
15355904	800007f0	033fb815006bfb6b
15360000	800007d0	3c45052254e43863
15364096	800007fc	61d3ad3b7268c102
15368192	800007dc	5dda748f96b36f84
15372288	800007bc	c2669ef5aeab270d
15376384	800007e8	c5d69b737604f973
15380480	800007c8	a849c48fa9653957
15384576	800007f4	ef2e3c853442dbd4
15388672	800007d4	afb0797dccaea8e2
15392768	80000800	ef9ad570fb524296
15396864	80000838	588936ed160ea92c
15400960	80007814	5dd0da7e6ae6dbb5
15405056	80007814	326eb059d76e8852
15409152	80007814	a115dd28a0142fc4
15413248	80007814	e5ab9b57e2891998
15417344	80007814	c826fc41a732c0a7
15421440	80007814	9de63eaad291cdb0
15425536	80007814	8ac9d538371656c1
15429632	80007814	238c5f4f4587b695
15433728	80007814	cde886884b542145
15437824	80007810	6ee1b7475d526fc7
15441920	80007810	60fbfe06fce919f5
15446016	80007810	4ef7763c6322306d
15450112	80007810	9a46d3f3beb1110b
15454208	80007810	6e0491bf79af33f6
15458304	80007810	e55d033a3520475d
15462400	80007810	bb01f1985499605f
15466496	80007810	9e0e4bd1dd65653c
15470592	80007810	1c05372a899a6f98
15474688	8000781c	f23349bffe998f29
15478784	8000781c	b46fed6eca32763d
15482880	8000781c	7286127e0aaa70af
15486976	8000781c	2537a159102ea8a9
15491072	8000781c	b181cc28229c16a4
15495168	8000781c	8457d144ea10cb35
15499264	8000781c	bc248890355e174d
15503360	8000781c	a476e4c69612019d
15507456	8000781c	5709888e70f868ed
15511552	80007750	2e664e0bb77dc0dd
15515648	80007818	ac7ba53662a4211a
15519744	80007818	cbcc8be1b96cc673
15523840	80007818	5e0462ed5d86cf51
15527936	80007818	a2273ae2193a51f7
15532032	80007818	359a9d23a5df6571
15536128	80007818	f8f545424bdbc3f9
15540224	80007818	a36e2a9e89baf534
15544320	80007818	3b623dca78b9a60e
15548416	80007818	65dc94d4ad332b8d
15552512	80007818	d26d0cd3ea4c251c
15556608	80007818	3f124ec2cfad26ce
15560704	800497e8	7267a1f8005ed51a
15564800	800497f4	226d4ed75cd19413
15568896	8000f448	8e16d7aedbfe7623
15572992	80049800	630094f876f7cd66
15577088	8004980c	9c5bed22a53ab3e9
15581184	8000f4bc	d9416c7768beb6b1
15585280	800497c0	0a5c3fdf599dd057
15589376	800497cc	6f7c4e2737ef5ca6
15593472	8000f414	05069d24089aebdb
15597568	800497d8	36c82c4fce004282
15601664	800497e4	c91e2d6dfe675975
15605760	80049728	e75fb46371632efd
15609856	800497f0	734ad2a3dce1bd5d
15613952	800007cc	c3af8a0995ae56a1
15618048	800007f8	d5dae5d33516d28b
15622144	800007d8	42148ef931e3cf89
15626240	80000804	6069776a4d12f3ef
15630336	800007e4	8898a49158b8693f
15634432	800007c4	c1e4cb14e3e4f2a2
15638528	800007f0	0f0d634ff5aa57ce
15642624	800007d0	ad27278839413f6a
15646720	800007fc	ca3171260bfb0866
15650816	800007dc	c60ba17e547dfba1
15654912	8000083c	259149a71528176c
15659008	80000840	27d432e19e5ac38c
15663104	80007818	7e70cec94881a69a
15667200	80007818	229287e4fe8bf926
15671296	80007818	a8a1ada20a782d34
15675392	80007818	e0a2c4cbaac5f5b0
15679488	80007818	fc1439c9051c37a9
15683584	80007818	a3db7b8a785692ad
15687680	80007818	fed26e4e30ed6747
15691776	800077e0	a8e0c3152e9c2c75
15695872	8000781c	dcb37235895e5cd2
15699968	8000781c	fa0a9fee1fe2cc07
15704064	8000781c	80354c3f17a3426b
15708160	80007818	aadf258e983f1bf5
15712256	80007818	d6d96e6d2518fdf3
15716352	80007818	2ee884bdd813fc7e
15720448	800077cc	853ef898f51c163a
15724544	8000781c	621730297ab1883d
15728640	8000781c	037f66924e09629e	aa7406dff1dff473	4f0bdcb72d6bfa7e
