4096	80000024	08987487ff0fea26
8192	8000001c	f30b6b6b12a6d632
12288	80000020	87b3c43432d1c1c0
16384	80000024	6cfee316cbcf4d08
20480	8000001c	151251c5162c4f2d
24576	80000020	84ff793d7582aa10
28672	80000024	3f4acc6ce4436940
32768	8000001c	83c32aec9da1cb01
36864	80000020	9c23e55b8f0bab5f
40960	80000024	2cc12a65bb10ebf4
45056	8000001c	584eef7321f59472
49152	80000020	c12cba9252b4f07c
53248	80000024	3c42d5fb5f981fd3
57344	8000001c	727d93e1ca19190a
61440	80000020	3ce3b136407886a7
65536	80000024	9a4485b058b360a0
69632	8000001c	15f484bdcd63091f
73728	80000020	dbeaa04aac467f02
77824	80000024	3fa3c220eac22372
81920	8000001c	cd4305fb8186bb8f
86016	80000020	5f6ae748785fab3f
90112	80000024	faadce685489dc4d
94208	8000001c	f0de8de05e65684d
98304	80000020	b703f66e06bfbbdc
102400	80000024	9cdb347c261c724e
106496	8000001c	80f9adfd93a7084a
110592	80000020	75eabf7ac33a8727
114688	80000024	c0c2867ab789a3ac
118784	8000001c	14b27b44bf7cff5c
122880	80000020	583691833cef133a
126976	80000024	9ee2ca11cce6d607
131072	8000001c	bebbd3ea9e78ac62
135168	80000020	dd647499525b48e5
139264	80000024	5edba90440724b7e
143360	8000001c	8d57b5436136a50b
147456	80000020	b8c84c346d6e64c8
151552	80000024	b0e32f9ce942201c
155648	8000001c	28a4db8938342771
159744	80000020	0f831b1057b58fe7
163840	80000024	9bf0a9f9961337a0
167936	8000001c	f924b98e2dbbf6ce
172032	80000020	1516c9901ef6f6d0
176128	80000024	cb2d1a3f689b9e18
180224	8000001c	2a36778bae37b4b6
184320	8003e1f0	113e22688d370b68
188416	80040cc8	a5f3e75e23fba46b
192512	80049230	393f49ff457ff19d
196608	800004b8	d0a53da2a56b84c7
200704	800497d0	880426ff6cf06bae
204800	8000f9e4	d81e78eea0c52a05
208896	80049718	7c41bacb7462d46b
212992	800497fc	ff573709f4e2e09d
217088	8000f9dc	9d221dbd1998ed4a
221184	800497d8	201eae9569aa709d
225280	8004973c	eea7fac9a26b4acd
229376	8000f9d4	a07b8886caac8879
233472	8004caa4	4c260b6bb0151979
237568	80049734	7480b4a2290edaf4
241664	800497e4	8d762ea53443f924
245760	80049724	fd873b9b52c71d08
249856	8004ebb0	8bbf79e259c838b0
253952	8000fa3c	5ff265e0cec686eb
258048	8000f9e8	8ff56b097bc6a499
262144	80049398	82c11ac1a626a75b
266240	80049800	8b727e3aa0e2badd
270336	80049714	ae6aa153594af40f
274432	80049730	ff95487c3f6b8707
278528	80049770	1572ddabab993a8b
282624	80049814	05338c3ba1e9e26d
286720	8000f9ec	021812ddaddda721
290816	8000f9dc	1fd96a978b9b4b41
294912	800497fc	8f70c0540cd396d1
299008	80049740	42e3f43e1a703711
303104	80049734	e8badb4b4b3bf0a6
307200	8000f9d0	49c0218cff8f8c9f
311296	800497f4	278823e99fa05f90
315392	80049758	a33c581a2f57d265
319488	8000f9dc	b31c7bc52295771f
323584	80049730	8df4c27a04efaa5b
327680	80049734	61f69692105f390c
331776	8000f9d8	4069ec1c29c01d7d
335872	80049720	cf77c18007663312
339968	80049724	8e32f161e775f173
344064	80049814	ae0bfbd612b20586
348160	80049748	4d852a39a5d78a5e
352256	8004972c	af8734fe8b7ce7b2
356352	8004973c	187a972b66d3cc5c
360448	80049724	8a9117d43a5c6a39
364544	800497d4	ad27c916771deb10
368640	8004972c	cb5bb1e1cf67f739
372736	800497fc	6072729ffe85e394
376832	8004972c	f4d18d5f4a93997b
380928	8004971c	3e7dc5ee25a953d5
385024	80049710	ba2ce42cdaa12c93
389120	800497d0	e9be62bdde3e820a
393216	8000fa38	b3d4fe59c4a691c2
397312	800497d0	060c0e92c0ad4a5d
401408	8000fa58	cebad3d219c19eec
405504	8000f9ec	3659a342c2789795
409600	8000fa38	93035232fe4b6039
413696	80049818	3249af42be2faeb8
417792	800497d8	1b139178e62c7b20
421888	8000fa48	032b41d45063cc0f
425984	8000f9d0	b8c3d406b6082747
430080	80049814	99ea07f692e4a13e
434176	80049814	1dd866b039dac358
438272	800497fc	d8c3f4ab7dd33b11
442368	80049810	dc6a5b2919f0c637
446464	80049730	4a0b30fde3bfffd3
450560	80049814	b6866865591a06a9
454656	8000f9ec	b6a50f68c3ff71db
458752	80049744	1f1b1951ea59bae1
462848	80049804	190763ae451af9ca
466944	800497d4	5a785fde3cf4c12e
471040	8000fa48	9da4ca12116bf11b
475136	8000f9f0	219826368e0ea1e3
479232	8004975c	f56407d34faf032d
483328	80049810	a777fd4d283f02c2
487424	800497d4	320b6149f3db3116
491520	8004980c	13c3184a5e103fc3
495616	8004972c	0e2b8769ce0896e1
499712	80049720	f6308372c6e0013e
503808	8004974c	39d0d4ce14469a6e
507904	80049714	97a22fcad9cc6785
512000	8004980c	bad479c90bec3a7e
516096	80049760	f241353e6479879d
520192	80049714	51892526139e2a11
524288	800497f4	05a6239ed0322271
528384	800497fc	35a2e54740cfbfb8
532480	800497d4	ba18d7c6bd032842
536576	8004971c	5266fffb86a74973
540672	8004980c	0e0ad28fdecbb15f
544768	80049758	0aef3029e096f904
548864	8004973c	88615a31074fbab5
552960	8000f9e4	d0679fa6e2c02aad
557056	800497fc	94ecaa4f8a2879fe
561152	8004975c	a2519baa69052e6e
565248	80049810	4c30c1c12f8cdbf2
569344	8000fa38	d23a79d78e0e4051
573440	80049818	76364a3c18d169ee
577536	800497f8	c78d709d9cfb51c2
581632	80049718	5b553a91607817ff
585728	8000fa38	09e592b90945667d
589824	800497d4	6219ad4d139cd796
593920	80049748	6e15b9e3f20184eb
598016	8000fa3c	ba6e3b05f7dc2ace
602112	8004971c	393373dd2729b656
606208	8000f9e4	1a32ca4e026b945d
610304	80049740	be156d286e753624
614400	8000fa3c	a0b2505a560a6370
618496	80049818	ebd31e74e75d4ed4
622592	8000f9cc	8a87820d3202acfb
626688	800497f4	dcc5b3834c57b02c
630784	8004972c	e1be136f3017dd5d
634880	80049734	f2af6de66a419a93
638976	80049814	84e98cbd57a2fc20
643072	80049728	f4a11c7ba8647aba
647168	8004973c	9b25afda04a7cb6c
651264	80049718	8d41a92a21b3cb2a
655360	80049814	c0d76ae5e02775e7
659456	80049724	e52c3cc9ca5ff8ec
663552	8000f9dc	1eaf8dee3445758f
667648	8000fa48	ef8c53fe1e33b4f2
671744	800497d0	d29243f4c89b870b
675840	8000f9e8	1ec94e8b47fcd359
679936	8000fa48	042925201220ffcf
684032	8004980c	a4a4658d9545bda1
688128	80049740	9ca91cdf88c9c1b7
692224	8000f9ec	ddbcb54d072c1ff0
696320	8004974c	feed43345ccc9b8a
700416	8000fa54	9800f6251f1bbfb0
704512	8004974c	f9720afc406d4332
708608	8000fa3c	78e6b3d56717382f
712704	800543a0	180d9c54da0df80a
716800	80049814	53d0cc31ea0d2b04
720896	8004ebe8	e7d2be4b2660d0ab
724992	80049818	9c0d80cb3eb2bbaf
729088	8000fa58	79f05847ffb83f46
733184	80049710	3da1153806d652df
737280	80049740	24c153c6662b021f
741376	80049714	d0bb30fdde270d87
745472	800497f4	4ef455eebec88259
749568	8004972c	3aabdbc43db26063
753664	800497d0	f8a261ba7b174ffb
757760	8000f9d8	f3cbd1be19132885
761856	800497f8	cd023bc623b48d66
765952	8004ebf0	c9868edeaee8b169
770048	8000f9c0	8aba197a456f584c
774144	80049744	a1c3926d1da35044
778240	800497f4	106d4a7f0bd68181
782336	80049718	387ed099be0bb019
786432	80049724	11edd24b453f67f8
790528	8000f9f4	bc2ac407f71ed56a
794624	8004cab8	b54a2e6f47779c0e
798720	80013900	376ba14baaa09259
802816	800004b4	a5fd071ca49feea1
806912	800457e0	756f61480a77cc76
811008	8004976c	673b5c8090817537
815104	8004955c	c9a33382e4384e33
819200	80045fb8	3237991d434c0f0d
823296	80049588	146cdfdaeef5fdbf
827392	80049568	19ca8cd107def50c
831488	8004959c	de3cc08dbf2de5d0
835584	8004957c	c701756d16ba5700
839680	8004955c	54413331e95b883b
843776	800494b0	505a87e2510ccd42
847872	80049410	3e627eede9310fd5
851968	80049408	2d461ff3a5939db7
856064	80049400	ccb675ed1744fd9a
860160	800393a8	5d52ff653fcf2ae4
864256	800474d8	1fae3ea2645acdc0
868352	800474dc	4d945948c21c145b
872448	80047440	aa50d8210e69e713
876544	80047480	22b248d3ff7c3819
880640	80047478	55d98e4fc2b77394
884736	800474a0	db4b9aab94c50687
888832	8004745c	96a2c25198ac06f5
892928	80039374	0e030fe13b84b227
897024	800474b8	6d0b25bf3ade5271
901120	80039384	40d6685aa08003f8
905216	8004745c	661b3211c578b48a
909312	8003935c	2097918f1fac4c15
913408	800474c4	2c35e8a1df818f7b
917504	80047480	fbffa5a20834ff2f
921600	800474dc	14a1c7d636285c78
925696	80047458	f4841e1ab248d09a
929792	80039370	962c6d6dd41a8f29
933888	800474b4	1266bb8f6288fc23
937984	8003939c	b60365b921784a7f
942080	800393bc	5539c20cdb037223
946176	800474b8	b58dda7a0d3ac7cd
950272	80047494	cf2430f9c85e097e
954368	8004745c	b0d1056763b11c0b
958464	800474b8	4f17fa525ba52fa2
962560	80039390	ecb76b53146511bf
966656	80047350	a38e4ced45a05010
970752	80047360	bec4219ad0118cdb
974848	8004738c	1c1a32ae032f2927
978944	80039634	3937bb5b65622ee9
983040	80039644	e27de85b5361fb80
987136	80047340	179c690dbacb9db7
991232	80047350	afa837b99e406dda
995328	80047360	da83bac0afe39bbe
999424	8004738c	5ee630ca31bc305c
1003520	80039634	44feb689eb7e713d
1007616	8004738c	f6e62390d21cc505
1011712	80047390	f8ecda5f5ccf8d89
1015808	8004733c	7a809faf0a3fc0de
1019904	8004734c	0b26497d5e95b39a
1024000	8004735c	eeb3ca465cdfa5b0
1028096	80047388	7ffeb025c059d280
1032192	80039654	96d287623fdee32f
1036288	80039640	ebb22ea7f6683b1c
1040384	80039650	1f5b8ee797107e9c
1044480	80047328	8fd822b424397fe2
1048576	80039638	2554f9e1aa778930	e46b3f740ea200d6	7bed8159bb569479
1052672	80039648	4a6227fb4b849d20
1056768	8003963c	69cc8b193de2b8fc
1060864	80047338	7950f0efc2ff077a
1064960	80047348	247e37fe32d340c4
1069056	80047358	6e5957e74d17e10b
1073152	80039634	90210d027f47ef6d
1077248	80039644	2e34539b98a0f25e
1081344	8004731c	68624eb61562ada8
1085440	80047390	dcb37375159b0129
1089536	80039638	d9cc55c9c42d4e04
1093632	80047330	ba5491102541ed43
1097728	8004733c	8897d161a4fb7f51
1101824	80039640	974e3500bd1e9fd5
1105920	80039650	772750f210201de3
1110016	80047328	f5e7c0cb7bfec25d
1114112	80047338	a1b95348563c3627
1118208	80047348	5c565edfaaa938b4
1122304	80047358	12c73754d1a87a16
1126400	80047368	a00d08f0255b39c9
1130496	8004733c	2c67f3f9fdd695e1
1134592	80039644	97f37711c541f6e5
1138688	80039650	8053fc76e49f8d89
1142784	80047368	85eb101a0b6b1e35
1146880	80047394	a5314f49a1725fe6
1150976	8003963c	1da31e30bf992b4c
1155072	8003964c	a92ae968bcf284f7
1159168	80047324	fac6ca92e1e14017
1163264	80047334	1df2ea568e0c067a
1167360	80047344	aec94019573e58bf
1171456	8003964c	615539be1eacff55
1175552	80039648	de58570d6d4006a5
1179648	80047360	ca11d1c14682e0f9
1183744	80047360	6c5ed3afd6e76cf5
1187840	80047360	463de636661ffc6b
1191936	80047360	46cf679ef24ca026
1196032	80047360	210a24ba5e555a8b
1200128	80047360	893e509bcd24aa48
1204224	80047360	547200746038c747
1208320	80047360	e3dfcbdc3e032fa5
1212416	8004732c	2e909430c03c6cbe
1216512	80047360	018fef56a09aa089
1220608	80039c18	8cc8ba8f56eb9513
1224704	80039c1c	86d150d28231a7a8
1228800	80039bf8	3894a22d338392a1
1232896	80039bfc	c8e7a6f3c89c1a0b
1236992	80039bf4	c848d2513f06b995
1241088	80039bf8	aed40b49538ba7bc
1245184	80039bfc	05106774e28b44f4
1249280	80039bf4	111839bbf3745ee0
1253376	80039c2c	759a89615bddfd17
1257472	80039bf0	5873575b2b00955b
1261568	80039c1c	f468f4f2d3f0d1ff
1265664	80039c04	8359ad52b5c8fa13
1269760	80039c18	f9cdd60f0db22904
1273856	80039be8	1dc5425a85cb508b
1277952	80039bd4	c1d8616a1f64668e
1282048	80039be4	b8ce2d00a6ee081a
1286144	80039c1c	0418b31eca81d1a1
1290240	80039bec	2079c19416859af2
1294336	80039c18	0e8330b0160126cb
1298432	80039c1c	151fe3d53d8a1c18
1302528	80039bec	1cc7da6ca007de6e
1306624	80039c08	17cf36cbac317f24
1310720	80039c40	bcf6750a7d395a98
1314816	80039c2c	0814c868c8838068
1318912	80039c08	8939588acb127d4b
1323008	80039c1c	950e0dbc8de14a24
1327104	80039bec	f42ee9a8070c7d8f
1331200	80039c18	b107066ac308e98f
1335296	80039c0c	79823fd81dcddc9f
1339392	80039bf8	e672e859ef02cc98
1343488	80039c30	411ff5b3c0db207f
1347584	80047440	efb0339f80fba895
1351680	8005473c	4e1073b9a38b841c
1355776	80054718	c70a02f643df059d
1359872	8000e8e8	8145d30adb98f809
1363968	80040cd4	97205f58edf601df
1368064	80040cec	2de12d233c32247b
1372160	80045808	625d093ceed45fda
1376256	800547fc	16cbaa60e483841d
1380352	80040bd4	58e07c64fc3bdec8
1384448	80033d94	1a06a5b3d25d54d4
1388544	800348c0	7cb900a10743f36d
1392640	80035128	76df1b45fe3e8924
1396736	80035120	c3f41a9f90dbc26b
1400832	800339a0	55312222bd564eb2
1404928	80034378	01dadc11da400edb
1409024	80034f74	96b0e24f2d230f25
1413120	80049608	8d8fe26323a3611c
1417216	800474bc	3901a59f320551a4
1421312	80033fc0	c77451734182b8dd
1425408	80034c54	145d6ad1b2aab64c
1429504	80047458	df77159b2f1f540a
1433600	80035524	806e38fb67216d83
1437696	80033be4	5838f7ee41db8257
1441792	800345e4	558c044a9d9a4fc5
1445888	8003550c	4d5e02f1efcc3167
1449984	8003512c	a49297d3094f4797
1454080	80035258	da6117e7dc06e265
1458176	800342b0	ba8088fdba103d0c
1462272	80034f88	f1d2f5208d9ea2c9
1466368	80035124	09fdbe7fadea48d6
1470464	80014038	a014c0d599658e85
1474560	80033e94	05d9aff53a43b845
1478656	800348d4	c7939fdeab0fcfb1
1482752	80049614	11220e6ff27eac3c
1486848	80035158	ead9d2a08982b9a1
1490944	8003398c	90b6ba40746fe264
1495040	800345b8	aba83fb5ceac4d4f
1499136	80035110	34b8be9d83f6b37a
1503232	80035118	17f37e5c6686a49e
1507328	80033a24	fe3098e3eed3a6ea
1511424	800347a4	bcfe1d241fb1c6a8
1515520	8004960c	f8a212548a9853e3
1519616	800350f4	16321f3e1808b496
1523712	80033b80	d8f16727657d4d67
1527808	800348fc	d9818b86b7183160
1531904	8003553c	723420401d163815
1536000	80035120	885d82d5c8a81821
1540096	80033bb4	e5ecfc4258b84c1c
1544192	8003479c	f9f5dbc6b8cc2aac
1548288	80035580	cacf9211d08c8a8e
1552384	80038e94	c671740726f47ec9
1556480	80033c34	6f006c3d7b6534b3
1560576	800349b4	15720e1f6ddc7da3
1564672	80035158	800e980212790652
1568768	80035514	028a200e26bc517a
1572864	80033c68	5de3b5e426f9cafa
1576960	800349e8	028ebb31675bdae0
1581056	80035120	90eb1a9efd95966d
1585152	800474bc	cc426d66d81b774e
1589248	80033db0	11639ce2b9b685b2
1593344	80034960	081425a2e8e74bf4
1597440	8003550c	372992d2c8ec9c69
1601536	800350e0	e55fcb424edbeee1
1605632	80033998	d89f6f5c87b432c0
1609728	800343d8	9667b3a4f7cecc3f
1613824	80034d7c	a7239b82fccf9617
1617920	80035128	252cbcac546ca793
1622016	8003511c	745922039c1a35a0
1626112	80033bf0	1923bf1820eec1a3
1630208	8003478c	4633e79ef4c34c0b
1634304	80047460	37c332005ca8b1e8
1638400	8003512c	bae88993ef81d97d
1642496	800350f8	8a4277b942d9f1fd
1646592	80033fc4	f7c7e777ebbb1cf0
1650688	80034c8c	b22fcb5c7b5482d0
1654784	80035124	8fe0432f8e61566a
1658880	8003515c	fb44cba3f8142804
1662976	80033bf0	aed3e237bfda8007
1667072	800348b4	578cf2459a2417f8
1671168	800350ec	7c04638e85d7ef97
1675264	80035114	6088421da72cda47
1679360	800339a0	8f054694d07fdcf6
1683456	800344dc	67215b6087283096
1687552	80035110	c3eb609e03b51a50
1691648	80035118	4636816fa91c611d
1695744	80033ad0	4fafecb7cd30cfcd
1699840	80034794	c4a146ec492e9a82
1703936	80049614	00c91cb0c1059dcb
1708032	800350d4	484c995f87d8424d
1712128	80033ce4	86c33116b6f80bd2
1716224	80034a60	a32538c875002d17
1720320	8003551c	3b30991b85f0360b
1724416	80035118	d16caec16b3bafae
1728512	80033fb0	6b9a2458f3fbba48
1732608	80034d2c	3b50144b4cd93143
1736704	8004960c	21c3614b61548fc4
1740800	8003511c	ac15f6778a173389
1744896	8003406c	66ad6871f7f1bac4
1748992	80034de8	fd22494262bebf05
1753088	80035118	e5683b95fc756b8d
1757184	80035114	f003a1bc693cd6e9
1761280	80033ae4	5b61c96e1329f043
1765376	8003474c	fd73d8908e0ab2fb
1769472	80035270	8ad0de22510648c6
1773568	80038e94	67b9ecd33fcda733
1777664	800350f4	527ceb7803d486ae
1781760	8003421c	9e6aa13b01dbc951
1785856	80034dcc	7fe25602e2c8d141
1789952	80038e28	bb06d1e9aee9b7b0
1794048	80035110	75e4e31495968b33
1798144	80033d04	bea38bdc4315fc8b
1802240	80034928	cf8391053648ea75
1806336	80035118	6771b7837ffe52de
1810432	8001403c	73e4668aafdfed27
1814528	80033d50	d45210d9d84efa2c
1818624	80034760	ba8146401c79c820
1822720	80035110	8ae2e81769c68ecf
1826816	800350d4	f867eeaeb5c77b1a
1830912	80049620	e2b168facaba3f0d
1835008	80034110	8bbb5e24a4bd9c5f
1839104	80034d78	f59a44cef8b0638a
1843200	800350dc	48c9ced1002a704f
1847296	8003511c	ad834c7d6ad9c9c9
1851392	80034060	57070d943b67084e
1855488	80034a00	203ff6be5bbe0799
1859584	800350f0	f30e0b1605b9f25f
1863680	80014024	52a5a79af35c6758
1867776	80033de4	a014f1ebd94e7eeb
1871872	80034b60	3949336ccf385d0a
1875968	80035510	3dbe31a002442d49
1880064	800350e0	1f4227a61c08fc52
1884160	800340b0	77e615660d083016
1888256	80034e30	46adc17cdd39b903
1892352	8003512c	c5fd324ec10d4fe5
1896448	80047488	70fb9a21d4fe8dcb
1900544	800339a0	0362811eb457f549
1904640	80034498	5ec4eb9c8f0da0de
1908736	80034d84	3115096c2573b744
1912832	8003551c	4d549eecad05a8f0
1916928	80035108	e3ffc1badb327a63
1921024	80033a00	6729206413286c67
1925120	800345fc	1ab445e875395263
1929216	80034efc	ef0ee4f0e128ce2f
1933312	80035124	4d8ad9e402653678
1937408	8003510c	244d9385dc271668
1941504	80033af0	36ea6ef94a0000ba
1945600	8003448c	859ec02ecf7c1134
1949696	80034fe0	e4a9bd9f3fafdbcb
1953792	80035114	0b6c58406e436c1f
1957888	80038e24	6664bad7ab96133b
1961984	80033a64	e77bc4bf48426ec8
1966080	8003464c	ed4b92cd3624ccf7
1970176	800474d8	39565991eb984449
1974272	8003512c	1e965364786cfab5
1978368	80038e54	0bb63baacbc3fc89
1982464	80033b40	236f9559029b5b97
1986560	8003473c	57e35b7f031ec0f8
1990656	8003503c	e355cecd936a55d1
1994752	800474d4	55a279d0a6195a25
1998848	80035128	3df970ab43707b54
2002944	80033c30	2d318d15f37e45aa
2007040	8003482c	1e8c966678d3f7b7
2011136	80035214	810efc522a1989bc
2015232	80035114	2cb53e8a304af571
2019328	800474b0	0a769cd4dae76718
2023424	8003410c	6e62a89dc1ce489f
2027520	80034cf4	4199d69f140c0d5a
2031616	8003511c	0de00b9a310e5bbb
2035712	80035128	6f889f19ae7b840c
2039808	80033984	f867cbfc122cede5
2043904	80034380	a93874c0af92fb0a
2048000	80034f64	d227be5d642751d3
2052096	8004961c	4441360a660ab661
2056192	800350e4	9715710a6cb184d3
2060288	80033f40	0f6e0092a703bccc
2064384	80034cc0	fc5c4b45ce159628
2068480	8003553c	6aeaf5369029b15b
2072576	80035124	42cc5497cbcba273
2076672	80033a64	0b2c40e1ee04c0b9
2080768	800345a4	25bee0247a4e4a9d
2084864	80034f48	75c36341aa931762
2088960	8003516c	3650d43d5f156402
2093056	800350dc	d6e9eb4f56e83ac2
2097152	80033b6c	854d443c2b6c5ec1	ce1005b55800c195	7bed8159bb569479
2101248	80034458	f278eb9b003e56ed
2105344	8003503c	fc1a8a1a7d76575e
2109440	800495f8	b9f3988d8aa63cb2
2113536	80035544	5ee86f25c0fe0a82
2117632	80034018	27dcb0108b6ad935
2121728	80034c44	f577a08a62d81852
2125824	80035160	08db443f1610f78b
2129920	8003551c	e8e7e832f557812c
2134016	80033cbc	6a9bf2e99cabfe87
2138112	800349f8	e6a6c6bf4b418537
2142208	80035114	08e538444c69d416
2146304	800474b0	ce65085ebd5d2c87
2150400	80033990	328d35444126166b
2154496	80034544	364b015e3d7bca69
2158592	80035084	c5caa4352345314e
2162688	80035110	fbd6358bd5715f42
2166784	80035114	b05cb997833d6f7f
2170880	80033f24	4bdb2cea1f6d6c6e
2174976	80034950	42f82242c8a2755b
2179072	800495ec	f142fda0077f0bff
2183168	800350e8	59fe800996c31fdb
2187264	80033b84	c403f394d2f08277
2191360	80034528	fe44b012c6035373
2195456	80035054	ccca545e49070bb9
2199552	8003510c	b9e3b3ed61eaf862
2203648	8004960c	6cccbbb91e1afe82
2207744	80033a38	23bb5e61606a4c3d
2211840	8003461c	38487f1458d2f7f3
2215936	80038e0c	9e79d075eb247741
2220032	800350e8	3f72ee291041135a
2224128	8003511c	2a0fca22ee1e2a32
2228224	80033ffc	816d132f3cc616ae
2232320	80034d78	deed59669aa70a0c
2236416	80049600	e891512b234df0cb
2240512	80035548	44c050660e1082d1
2244608	80033d9c	2e6f9b57bb316a1c
2248704	800349d8	d6aa1732f862d17e
2252800	8003512c	dc393b87f67d8796
2256896	80035508	f8a6caabde7de5c2
2260992	80033ae4	ea9ea0102938ab1d
2265088	80034778	2328a90a74793c6b
2269184	8003520c	6048a5b4994ac36f
2273280	800474b4	7829afc63a723605
2277376	80035110	ea70507d6479957b
2281472	80033f1c	1b06d22e0f616993
2285568	80034b00	cf77fd6bcd6b64dd
2289664	80035114	3c919723f60a9889
2293760	80035100	dc2f5f39ca248c56
2297856	80033ae0	b9a3e553cee9f014
2301952	80034760	feb268e1559e67c9
2306048	80038e1c	25bc3d239d542638
2310144	80035110	6b517233e3e07123
2314240	800339a8	cb23c94528ffe275
2318336	80034514	96ff201270a36c25
2322432	80035190	2a582078720f79a4
2326528	80035110	7d4047e1c6ee79cd
2330624	800495f8	2d0d9c807aed9690
2334720	80033de4	9fc5150aca0626b1
2338816	80034788	e859cd215788bbf1
2342912	80038e08	af45bfb6e2b0fc7b
2347008	800350d8	6248053a4ef88e5c
2351104	80033a00	869a37ed9ca529e4
2355200	8003442c	a6311d9c45fbd6b1
2359296	80035518	ed38c087b998b7fd
2363392	80049604	d7b60f101d05494c
2367488	80033980	8908acc4a7a89d9b
2371584	800343e0	1d078123ccdffa40
2375680	80034e64	345564b9cb86806f
2379776	80035120	1b12ff5259bd5d80
2383872	80035520	1c37a66da84969d3
2387968	80033b28	8ca37b3c66fbc9b3
2392064	80034668	d890d0c776c72ba4
2396160	8003500c	f3ed4e2b6f57b53d
2400256	800474c0	862da36c4603ed61
2404352	80035134	59043c957eabd82b
2408448	80033c30	37151b3f0b18cb08
2412544	8003451c	08d004dc0ad1cbc5
2416640	8003522c	32b915863cc09fe5
2420736	8003510c	202673cf2e8f8134
2424832	80047458	a41e5da213b9e077
2428928	80033d20	bd68ba3a4bf960da
2433024	800346c4	e2a7ecfdb33fa760
2437120	80035128	fc30ee123f13d81b
2441216	80035134	9f82321f01e4b792
2445312	8003512c	bb3cc0de20b649b7
2449408	80033bbc	1a2884fd877f0a9b
2453504	800347d4	3bfcecc02e7fe117
2457600	80049604	b56eb852c648519d
2461696	80035114	84234ceb36a94f86
2465792	80033c24	af8608711ada6dbc
2469888	800349a0	1f7a66056af1f757
2473984	80035110	f6eaada47001829a
2478080	80035134	c8243384e83026a3
2482176	80033ce0	54d05aa6bfdd5463
2486272	80034a5c	d693f946b6bd048f
2490368	80035110	7c371d1aeaa8a138
2494464	8004961c	0245ae3b16a5bc66
2498560	800339a4	e22bc0e0cfbd99ee
2502656	800342c0	070d5390b4d3423d
2506752	80034e50	6d07bc5453f0d8b2
2510848	80049610	1b8dfd2c0243f64e
2514944	80035544	413613c962fbbe44
2519040	80033da4	96f83a917da8fd4b
2523136	80034690	20b68723e2830919
2527232	80035160	299303e8c82af4e4
2531328	800350d0	e0993818801085c6
2535424	80049604	853cfe872a0cd65c
2539520	80033e94	e50679d6467a9686
2543616	80034838	815b043bd2602e6c
2547712	800474b0	77f5066f777ee24b
2551808	80035100	0a8f64da65211141
2555904	80035260	ebf54d17a9c84f83
2560000	800341c0	c1b0e6d78fd095e7
2564096	80034b94	29b3c1bc85648e74
2568192	8003512c	9102f9eeddaa9569
2572288	800495ec	848e0d1c2a0f210c
2576384	80034184	51158ef7c7a62c95
2580480	80034f00	2569395ad74f5979
2584576	80035118	867ef7a0a2ca2f08
2588672	80033988	059970838917fe55
2592768	80034384	e73968a5e1e84547
2596864	80034f34	9d4ada3eaf5d960e
2600960	800495fc	111d287e1203623f
2605056	80035168	4c61f22e71c2519a
2609152	80033c24	aad89a7ec54dc714
2613248	800345e0	56e16244925152c6
2617344	80035510	47628f7b9c330981
2621440	8003512c	70877f77c409657e
2625536	80035520	288ae1a78d8178a8
2629632	80033c80	7c7f74bb7329afd1
2633728	80034a00	05870fa7f7a23e0f
2637824	80035518	f485f530dd76a25b
2641920	800495fc	bfb7680689c6df9b
2646016	80033ba4	5a0d5472c47eae19
2650112	80034920	db7feb1578b260d4
2654208	80049610	933b8ba18382c4eb
2658304	80035168	21cfa98682c358f6
2662400	80033a54	5e1d01328b444b70
2666496	80034398	3997a60e056fb6da
2670592	80035010	157cc75aced8ec7a
2674688	80049628	d6463ec76cd0ca1f
2678784	80035124	7d4549c131840c92
2682880	80033c3c	dc78a1930cf65d10
2686976	80034820	a889828c45e10ebd
2691072	80040ccc	f4b4f74a21d1d53f
2695168	800495a4	5ce78c55acf2dc03
2699264	800454c4	db6e9a8ca995d238
2703360	80039574	8bbeb94d0758e944
2707456	80039544	e8553f702c54b57a
2711552	80014010	798e65f4cf6b52af
2715648	80039584	1cd8f5dd8fe1da96
2719744	8004748c	639ed8151054cceb
2723840	8001400c	f36f03cd7bdfac83
2727936	80039578	83d0c181adacef76
2732032	80039554	5d90b400a76b6e3c
2736128	80047448	7abaced214e3aca1
2740224	8001400c	05d7687af47f5fb1
2744320	80014008	f0dc7e181317f631
2748416	80047490	a7f3772a4204d7ad
2752512	8004735c	a67bac10ff03ea4a
2756608	80039564	471c662c60934195
2760704	80039548	b85ce754670f287b
2764800	800395ac	3fc8f35ce228dff9
2768896	80049618	ff4aa8c56b393ad5
2772992	800474b4	5c22d26fe64555d9
2777088	80049664	de82a8b17c95f3ad
2781184	80047338	34d6d45a7887c6b2
2785280	800474c0	7f680efa9c4d8513
2789376	80047464	dafcc24aa1b68f64
2793472	8003955c	928a259979dc3ac0
2797568	80039598	3d26eaa068e42876
2801664	80014008	b41d8d4a15cebe8b
2805760	80049610	901f94351ebb136e
2809856	800474b8	2d10fc5f744e9f0d
2813952	80049588	b3cb28fc0be61387
2818048	80049568	9a0d0aa0774cc1a0
2822144	8004959c	70d56b339d01bef8
2826240	8003d034	0c35c7153ea62d01
2830336	8003d17c	cadefba215342e45
2834432	8002d164	5565d4a2a80b6454
2838528	8002d20c	183ca800a6e11670
2842624	8002d1dc	4d4bbe5178b613ea
2846720	8003d078	931615ebef462d02
2850816	8003d168	6b67cd20c471bed9
2854912	8002d184	fd3e80d4a398e40e
2859008	80049540	5818e20170656885
2863104	8003d068	35e84ab7bd87bc04
2867200	8003d0b8	6494da3941a944b6
2871296	8003d030	ba4dfd79dfe38fe6
2875392	8003d140	132c01706e50df18
2879488	8002d138	2f0c5603d33093dc
2883584	8003d140	d96ca35191b0e387
2887680	8003d174	f4106a59255ccd42
2891776	8003d130	a1198c44f0752967
2895872	80049574	99f571922083ca4d
2899968	80049518	dd615e93501c6ac5
2904064	8004959c	9ba2fb759f56cab4
2908160	8002cbd0	f2520f8c874967a8
2912256	80049568	d8ad376c219e5359
2916352	800464ac	23eb031e8d8b6949
2920448	80049594	fe961b635bcfd694
2924544	8004529c	f8d765c0d7d0aa79
2928640	8002cc78	e5c8d60171217ddd
2932736	80049590	5d692b37e52b3414
2936832	8004956c	358eca0036176610
2940928	800495a4	9f6d47950874965f
2945024	80049584	8b37d4cc083a4b33
2949120	80049578	092da356b79f1e00
2953216	80049558	adf8b21247fe1f14
2957312	8002cc6c	213b1ec89f225a8b
2961408	800495a4	3d038812b0d10ecc
2965504	80049584	f111add306c8939b
2969600	80049560	ea0ed0dcf353b5c3
2973696	80049598	ccb84e94251ac7c8
2977792	80000370	9ba6dca22e08b3d3
2981888	8004956c	967d6c6fcf7035f2
2985984	8002cbf4	7f31ce3a2bf071c0
2990080	80049598	a0e7ed9d0e9a723c
2994176	800495a0	ec9c572c59dc604b
2998272	800003f4	8d62a00d8b6d12d7
3002368	8004955c	f1f6a426eb42d9ab
3006464	80049594	2b1a86398fbcdb05
3010560	8002cbd8	0f9317e520bded57
3014656	80049550	1a4930406b7a7f2e
3018752	80049590	05b14cda492160f2
3022848	800495a4	30a8a56212d6479c
3026944	80049584	4a1da4c2d77791c6
3031040	80049578	321e116e8d74b5db
3035136	80049558	650dcf8404fa0201
3039232	80049500	79c4921860b4da34
3043328	8002cbf4	571ad04eac7b676b
3047424	80049558	f86693241284733c
3051520	80038f60	e751d157076096c0
3055616	80049550	f469301c8ef7f710
3059712	80049588	748e9115fd7d53eb
3063808	800464cc	c3000f0d9293e254
3067904	8004959c	bed314e2646a31f0
3072000	8004957c	139bba92faec6ca4
3076096	80049570	108eb615aa69c726
3080192	8002cc70	138168bd3ac1c0fb
3084288	80049590	a95639b24b76613f
3088384	8004956c	0c78d91b40540103
3092480	800495a0	a14f2fdd06aca64a
3096576	800464e4	75b2073250bb85ad
3100672	80049594	f9ec32b1beaef50e
3104768	80049570	8ea3e101c1c52bf9
3108864	80045fd4	cb4e3baed8b70b2f
3112960	8004958c	56de97b5a60b17a6
3117056	8002cbd0	cc3d77fbddcbd7e9
3121152	80049574	88f2479e68f02a2b
3125248	80049554	bc8996fe94cafd2e
3129344	80039938	4ba63867df0fa7a5
3133440	8004957c	b04627734ccd1388
3137536	80049594	c5c4d4fb94839b9f
3141632	8002cb84	22bc127bd6b5f441
3145728	8002cc60	f876b9e11ea2aae7	c972cc778af0e9aa	7bed8159bb569479
3149824	8004957c	80cdc4a83c703599
3153920	80049588	e44ea16eb717b95c
3158016	80049590	0d31217d96252145
3162112	80049584	5507796b3ed19029
3166208	8002cbf4	457e4b5d62f44bcd
3170304	8002cbec	8469d049cdfd3864
3174400	800495a0	0e6eb818f8d83b40
3178496	80049598	6062675d8d4fe970
3182592	8002cba8	8b926fc805c6dacc
3186688	80049410	e9a2d84b2de1f7c2
3190784	800495a4	15e4d377dc209c20
3194880	80049580	629d14a8da1932d1
3198976	80049560	4eb4897e77d72f6c
3203072	80049598	60c17a07dfbfbd1c
3207168	8004958c	475258b1ff33b6f0
3211264	8004956c	f1c057ea95e0c649
3215360	8002cc04	42ccc88cf35b8ac4
3219456	8002cbc0	34e9fafe3d9e5f25
3223552	80049560	95b5eac631b12eae
3227648	8002cbe4	bc5c25af0637a989
3231744	8002cc04	efb4c740cf96a0b9
3235840	80049550	358e2b9595dcd0eb
3239936	80049584	5bc730b7f05928a9
3244032	80046c40	f1152acc5cf66d1d
3248128	800464cc	ed9c34d156fe5b99
3252224	8004958c	47b9acf523073348
3256320	80049568	dbf1e976b1989ad2
3260416	80049598	0f6589f99648e605
3264512	80049574	0716ce0ecd879be6
3268608	80046028	9b0a1ba481cd7150
3272704	80049578	575ea4da5585ef25
3276800	8003d11c	e67a20d6f502b9fd
3280896	80049500	dd0504ec777b58ee
3284992	8002cc04	05014aa59786727b
3289088	80049564	fd9fdc9316812651
3293184	8002cbb0	96e0658c69fbe603
3297280	80049584	b8f8b90bfe235e29
3301376	80049560	d9de7a2ec3bc8732
3305472	8002cbec	86210c9ffab8e761
3309568	8002cbdc	f89aa1c009c5cd03
3313664	8002cbec	8c6f35bc41845494
3317760	8002cc5c	9b0faf4cc9bda66c
3321856	80039850	9c101ee9c2ab4487
3325952	800495a4	45180683097b72f9
3330048	80000360	60068e28ebb4ea80
3334144	8004955c	c1925616353ed565
3338240	80049594	83a2933c9986b960
3342336	80049570	77e7a9d9aa4caa27
3346432	8002cbd4	a50f4005c0b6c108
3350528	80049598	aead3ff10942939c
3354624	80049578	194556a1bd46c0a5
3358720	8004956c	6e20b0f600e17095
3362816	8002cbc8	55681d63c90c857d
3366912	8004958c	601ded4dd53bad97
3371008	80049598	e2c79d89b5ef9a96
3375104	8004958c	f84ddb54ba2035eb
3379200	8004956c	350284dba3566dc4
3383296	8002cbd4	ce0407a9089a29d3
3387392	8002cc04	823ffae6383690db
3391488	80049570	d2691e0dad3a3527
3395584	8004957c	6229d7134e4147ff
3399680	800495a4	cedf0e246d4bac55
3403776	80049580	fd9168afae165c64
3407872	8002cbec	af5edf7c67ccb617
3411968	80049580	64fcfa0004234a11
3416064	80049598	326f2d4b4b1aa4c7
3420160	80049578	c29c9684927e5044
3424256	80049584	f8592ccd9a82a79c
3428352	80049594	5477fe0cf7ea72ad
3432448	80049568	33fa206f916c5f0a
3436544	8004959c	25208e04d9a7a77e
3440640	8002cbec	5b5a6b5dc1954e33
3444736	80049560	0d3658de3a7f69d4
3448832	80049594	58193abdfd2f3298
3452928	80049594	1ce6c041c4e22899
3457024	80049570	224b1c3cbb07c13a
3461120	8002cc5c	e33b3537abae0509
3465216	8002cc88	11b5cb91700b0a63
3469312	8004955c	979d894892c9c0bf
3473408	800495a0	3c0773e3ca91032a
3477504	80049584	93039eeb96b51950
3481600	8004955c	40becdb5ba68d0cf
3485696	8002cbe4	4e5af5579c7e4284
3489792	8002cc54	5f10ddefc4055104
3493888	80049554	1dd6b73243098ac5
3497984	8002cbd0	3d5fb45de503d2dd
3502080	800495a4	009531180fbf74e4
3506176	8002cbc4	2f0400246d778b32
3510272	8002cbd4	40356255c9187b3b
3514368	8002cbd4	90e753211995900d
3518464	80049574	78ad18847f4d64bb
3522560	80049550	61542969db472a92
3526656	80045224	06dfeeb48c749461
3530752	8002cbc8	df3555dfaed98ef4
3534848	8004956c	4b9c79053b7e6306
3538944	8002cc88	8572e072a56d3943
3543040	8002cbc0	1a0db5433a575f38
3547136	8002cc6c	e34ac83c8be67844
3551232	80049554	eeaa6bc3e3e312d3
3555328	80049588	fbb69e040d2d8615
3559424	80049504	29872801fab42a92
3563520	8002cc08	a6fb73fd250943f7
3567616	8002cbd8	54a165703029c58b
3571712	8002cc60	10a2583ee055b357
3575808	80049508	20b102e353a05609
3579904	80049578	9226211585102a98
3584000	8003d060	6809116cea7814d7
3588096	8004957c	1afcda20b08e8080
3592192	800494f0	5fa428c39b443349
3596288	8002cbfc	4422d1625cb64b24
3600384	8002cbc8	976837be428a5592
3604480	80049508	b4b1bd6f272c0327
3608576	80045fd0	bc00e20d891dba76
3612672	80049588	3262bbdc84c06803
3616768	80049564	3bcd812883f39876
3620864	8002cbd8	6623fa0602909816
3624960	800464b8	e57337152f66420a
3629056	8004959c	0c7cc7d16acfcac1
3633152	80045294	6b104c5fe8566dfc
3637248	8002cbfc	8b82a0047053e6dd
3641344	80000414	b44ea31164ed0737
3645440	800494f4	03a93324ff135b41
3649536	8002cbe8	d3a116f958331274
3653632	80045fb4	db7164d293b0a141
3657728	80049584	7d04eac4fc26f109
3661824	8002cbcc	76308b811a2d6a59
3665920	80046034	af73923efb6ed4e4
3670016	80049574	da1d68f550e8c980
3674112	8002cbd4	e111731bdd34dc50
3678208	80049560	ff3794abaf342916
3682304	8002cbbc	b9360630442d6f0e
3686400	8002cbbc	db28389ebbb9d842
3690496	8002cbbc	cf941182db529a6b
3694592	8002cbbc	21be8a22aa6a1e0c
3698688	8002cc8c	50896f98ccbf8226
3702784	80049558	6d882ff8ea6b4b7d
3706880	8004958c	82c353515410c6cf
3710976	80000364	e011f18f7c31981b
3715072	80049560	59caaf215929dd2c
3719168	8002cc08	95c1aa5478f87fdf
3723264	8002cbfc	acb09513b7bd12d6
3727360	8002cbd0	9243b8d79dda76ce
3731456	80049560	e6d73d4cc0f50d9d
3735552	80038fac	cd033a1f0ed337a3
3739648	8002cbc4	e858a7f87aaf6e88
3743744	80039840	8d65edd5c7ca5d49
3747840	8002cbf4	173758b10bd96c9b
3751936	8002cbf4	19ad310e38c54716
3756032	8002cbd0	54b848b5eb635737
3760128	8002cb98	419dba2fb9d291a9
3764224	8002cbcc	f01779b376727f6c
3768320	8002cce4	2863563c90796aae
3772416	80046d18	6b3b7e1423afd10f
3776512	80046d8c	4b556fe306cbd374
3780608	8002cc18	1a42a159c02df51d
3784704	8002cbc8	8a73eca80d9f593e
3788800	80049560	35390ab8ded69935
3792896	800003c0	d95053342e04830b
3796992	8002cc7c	97a498c504ccd2ae
3801088	80049574	c5b6d3aa51dc23a1
3805184	80049578	9e43043bf3297b53
3809280	80049590	907c1eded948bede
3813376	800495a4	0d5f3ee93e7d5596
3817472	8002cbec	c6bc666923c495f9
3821568	80049580	f8484fa0fd97e619
3825664	800398f4	31821bdbec7c00f0
3829760	8002cc50	d23f40fde9418b9b
3833856	80049560	156c0ecc24c43efe
3837952	80049554	3f25b1350fffdc1c
3842048	8004958c	8c9ac50b90e22d7a
3846144	8002cbc8	a6b2c56fe8e448b4
3850240	80049504	480cee01edb34c45
3854336	80049574	61d95d7f8eaa2c5b
3858432	80049554	ddfc9c2ca9b4d035
3862528	80049588	03b2fa55166c7ccf
3866624	80049568	00c6cff6dd7189bb
3870720	800003c8	6fb64e3e7dde6eb0
3874816	800397c0	f53ad4b6025a3fef
3878912	8002cc68	a7965b6ff8b500fa
3883008	80049554	ffe9b15cb218370c
3887104	8004958c	ec77dcc8e2703e98
3891200	80049580	cfa5d1c3e3219fd2
3895296	8003d154	c43ba6fd70b730e1
3899392	80049578	e90371831df19e7d
3903488	8002cbd8	bcf1e6595bc13386
3907584	80049574	9f7e159aa5850e36
3911680	8004955c	4f3cd1679746db16
3915776	80049550	2b0e6361add56c16
3919872	80049588	dd2cf5564ad25d30
3923968	8002cc00	6c5499a5e5010151
3928064	80049564	1327ce7ff7060982
3932160	80049580	ad2fb659f653de0b
3936256	8004958c	e0c455b6a5f095e8
3940352	8002cc74	983442bfb4720b7c
3944448	8004958c	6ad514ad5a1f56d2
3948544	8004959c	21a7adc074977373
3952640	80049578	7cd006c3f1a0c781
3956736	80049558	b818f76d45ed7419
3960832	80049590	24e73c66bf95d819
3964928	80049584	f6f8ce996b08e189
3969024	800397c0	d3f2f71f603b607b
3973120	800469e0	7b6c67700d26fcd6
3977216	80000388	59977b425193c784
3981312	80049580	909c98582b3b1565
3985408	800494ec	cb66f80d2ee6ce78
3989504	8004958c	06ac9c5dcafc22fb
3993600	8002cbf0	a481067bdc75be0a
3997696	8002cc68	d885e821347d2d13
4001792	800003e8	ed48ace1244a646e
4005888	8004955c	bddd01c43f52645b
4009984	80049594	3f594ccf18316475
4014080	80049508	4e9934150b473976
4018176	80049550	bcbca299544f7b1e
4022272	80049588	fa8d61654cbd7855
4026368	8004957c	d94818fa875757ca
4030464	8004955c	18c8814002965dc2
4034560	80049594	1a6e0f3016300ea9
4038656	80049570	b39a3b73ac6eb8e6
4042752	80049550	cf63af7b2d97bef3
4046848	80045fac	a9dc6c3af205beef
4050944	80049578	edadc0deaae2f102
4055040	8002cbfc	48d5cc9a43e16d4d
4059136	80049580	6d76145479d6a690
4063232	80049584	721144be5fa72ff1
4067328	80049564	caccbb068fe7ecec
4071424	800494dc	4ebb7731dd4f82a2
4075520	8002cc6c	6000f20a29abc9c3
4079616	80049554	d2f608f40f57b769
4083712	80049588	544a951332c4030d
4087808	80049568	e6765342f5c69b23
4091904	8002cccc	48b061662243ea90
4096000	8004955c	e94cca3959672d73
4100096	80049504	c683f3524f206dd6
4104192	80049588	1e3d9c10ca20ca99
4108288	80049574	5fe003c0d201aad8
4112384	80049554	9394c012479494ff
4116480	8004958c	c2c9d4785a2a1acc
4120576	8002cbf8	bc8b165f0e8467ba
4124672	80049574	659634d43fc0a93f
4128768	80049578	aacb1f41f0c47a5e
4132864	8003d0b0	d22bd68ab3241442
4136960	80049550	73fb386a8b0aef68
4141056	800494bc	c23882fce2bc9690
4145152	80049590	91d590aa8e1de28b
4149248	80049570	1522bfb92a143802
4153344	800495a4	b4356d112a91c555
4157440	80049594	f707bc23b6e012c4
4161536	80049588	11f9186fbf086514
4165632	80049568	c94d534cdd05fe62
4169728	8002cbec	6703cab9ede0df36
4173824	80049588	1e6af39a2c1991d5
4177920	80049564	390fa5f1b0181124
4182016	80049560	03b946dfa207b789
4186112	800494d8	8d85113df5cbebdd
4190208	80049588	52bc3d7d76889c71
4194304	80049564	3997602da945e94e	e72619c5bfd70d63	7bed8159bb569479
4198400	8004955c	85fa14c04c301ff1
4202496	8002cc04	0d7efea20e48a590
4206592	80049590	fcf58766ed4a08e9
4210688	8004956c	2107656d3a3d5892
4214784	80049568	6a785a9f023b9040
4218880	80045170	32a6f5b217970ef0
4222976	80049578	e36c121f37699c9b
4227072	80049580	9267a9faef9658e2
4231168	80000370	c09af800030ddb74
4235264	8002cc74	20f7fb7ad9426007
4239360	8004957c	7a5e9f440260e9fc
4243456	80049558	431be2d52b0426c0
4247552	80049590	a2dfd7cc4c4f5fa2
4251648	80049580	6631f361614196fb
4255744	80049574	e5e3a29b4df3273c
4259840	80049550	a5bc5dcb65b2adc7
4263936	80049588	4f00f901a1d417ab
4268032	8004956c	df779b034b2d311e
4272128	800495a0	285e2f8b7b425b54
4276224	8003d110	4ced198444e0e986
4280320	800490a0	f2ecb88888d13caf
4284416	80045fd4	b4d1a6982b312bba
4288512	80049578	5fd6e49736e38c4d
4292608	80049564	7efa103d2bc65115
4296704	80039790	0b810f13fd78a8d5
4300800	80049590	a3fbe5ad908a5cb5
4304896	80046abc	d2d1853c52710c11
4308992	8004527c	be2a63bbfd76f546
4313088	80049590	49bb8850768a71f3
4317184	8002cbf4	7189a93ebd5c71f9
4321280	8002cc04	b19bb04774c8b5fd
4325376	8002cb70	0b41f680be2d8ed5
4329472	8002cbc4	7c4b7c1fba4d4e28
4333568	8002cbc4	26a1d29a11e35f5a
4337664	8002cbc4	3d2a00ea38049978
4341760	8002cc68	c32ad61195e3e602
4345856	8004959c	c33cce0e900da661
4349952	80049560	2092485c3b32786d
4354048	8002cbf8	0a6ecc5e29652973
4358144	80049588	a5d3dda90101b303
4362240	80049568	04603e21848cee50
4366336	8002cc60	6f95bc6833b3d3df
4370432	80046038	f8af4e9fdf7358c5
4374528	8004956c	919832e05b1acf6a
4378624	8004959c	70b060a9f2f79c35
4382720	8004955c	567690f8a5ecfa44
4386816	8002cbf8	33ee4564a63e200b
4390912	8002cc84	68e17c8f26d4c180
4395008	8002cbdc	fe77561a6302e82b
4399104	8002cc2c	280b1b32ffab7873
4403200	80049590	01833e5efd0e58fa
4407296	8002cc00	edeb19e4b4d734b9
4411392	8002cbe4	c62349d97c7594a1
4415488	8002cbd8	770405de8e9b1774
4419584	8002cc00	4a6a41a69d0b7a27
4423680	8002cc7c	fd646c2573b29b34
4427776	8003d078	e1179714d93d5215
4431872	8002cbf8	9d7312f5319911c8
4435968	8002cbfc	4bff43e256034ea5
4440064	8004958c	7b936896fa4db43f
4444160	8002cbd8	19ee05638b0379f1
4448256	8002cbd0	c1f0108a49524d44
4452352	80049590	9cfd26795afc7425
4456448	8002cbd0	dba913ad44e273eb
4460544	8002cc68	83cfe3d9a5a2c792
4464640	80049568	4262b37921789afc
4468736	800495a0	86b159fcbc920dca
4472832	8002cbec	1617def8cf484365
4476928	8002cbc4	6810ef9b931644d3
4481024	8002cbdc	d2af5839486fea4d
4485120	8002cbc4	14458c547c039261
4489216	8002cbbc	c1569ff558170a8a
4493312	8002cc58	01be0f2c09f183c2
4497408	8002cc68	946523cddb9d0f6f
4501504	8002cbc0	b1651ed70bdf22a5
4505600	8002cbf4	8fffc53ca785761a
4509696	8002cbc8	f957ce080f64b239
4513792	8002cbd8	eb64d73be83d7940
4517888	8002cbdc	41975a58da50ce8e
4521984	8002cbf0	7e9f558708768392
4526080	8002cc78	a928b54e5f97a5ec
4530176	8002cc04	ca797fb9d5774316
4534272	8002cbcc	7ac926807e2281a3
4538368	800495a4	6516bee3490cb4dd
4542464	8003d678	40b52e7900149216
4546560	8002cbc8	2af424383de5f329
4550656	8002cbe0	ca88e77151a4a03c
4554752	8002cbd8	e17ffbb9a0c3245a
4558848	8002cc54	dd7f94b1a803b6d5
4562944	8002cc6c	0be54a8ea75fa4a9
4567040	8002cbc0	a3c5b9a372c42f7e
4571136	8003d144	7fe917529f236440
4575232	8002cc90	47d8291d1495689e
4579328	8002cc94	d5c39dff18ba8cdd
4583424	8002cbbc	341cc378471c93b6
4587520	80049554	c8761da17c72ba53
4591616	8002cbc8	37503c7f22af119f
4595712	8002cbc0	1fee1b050ea3ff66
4599808	80049400	d17b7096d866b7c4
4603904	8002cc98	c7b47c1172ab2dcc
4608000	8002cbf0	bcc3faa1be0bba5d
4612096	8002cc84	f0c54844182d8e90
4616192	80049554	023aa9e90240bba4
4620288	80049588	7a3f1059bb685352
4624384	80049568	48703742bfad657f
4628480	8004959c	c0489bddfa9f2470
4632576	8004957c	684c1c11e3a44fcb
4636672	8004955c	d89c9ee1d406169c
4640768	80049550	7cb070f194f5774e
4644864	80049588	f13a4a76a0305efe
4648960	80045254	9e1fe35076c80a0b
4653056	8004959c	2af91f89b4fb3295
4657152	8002cbf0	db8b17e8f0e88715
4661248	8002cbfc	c49b52b94c7fdff2
4665344	800003bc	7118b95fa02d26f0
4669440	80049588	68e52e0ce412e945
4673536	80049568	ffc3b2ec2ea02ba8
4677632	8004959c	f11e56c89e1040e1
4681728	8004957c	d0ef8a1561da3379
4685824	8004955c	5fc13fe28eea7de4
4689920	80049550	ea173785500326b7
4694016	80049588	0665b8bc129c9d1b
4698112	80049568	79cd080379c5a0a6
4702208	8004959c	aa1fc9502163a140
4706304	8004957c	178249f1ed67ca83
4710400	80049524	dc1b2f2660ffc8df
4714496	80049550	8145cadc6dcc5a9d
4718592	8002cbcc	561f9f5bdf4a5fa6
4722688	8002cbf4	b9c5d0a4395391df
4726784	80049558	000544bd766256dd
4730880	80049568	d65475da0dbd57df
4734976	80000414	d6f3a16230ee5728
4739072	8004957c	eee90871ba1408b2
4743168	8004955c	f5fcbec9654e3d9f
4747264	80049550	f309f4037547e497
4751360	80049524	e3b67da65ce87c08
4755456	8002cbe4	b351c89b9710e817
4759552	8002d2dc	d2786f310f182255
4763648	8002d380	c40d76fd5c0511c1
4767744	80039158	861ad907772d0496
4771840	80039158	17ae89ca5a381747
4775936	8003d044	76d792057fddc4df
4780032	8004959c	3495f617145e705c
4784128	80049578	42fc4ab237f4f6f7
4788224	80049558	956e7c18aced3a17
4792320	80049574	6bc82010dff57e19
4796416	80045240	9cc14cba1b133892
4800512	80049588	495508ea157c8e93
4804608	8004956c	34e8179fb2529133
4808704	80049570	1306dfd63de12461
4812800	80049550	1d4f92470db61675
4816896	80049588	50c19c3e3f7c8d37
4820992	800494fc	878f2c61218a55e3
4825088	80045220	0a8cdad8a16c0a1a
4829184	80049560	a7783ebac7d28676
4833280	80049580	45bd9f79644c5c81
4837376	80049560	b84ad490fb0b465b
4841472	80049554	ebd9aed52b336d38
4845568	80049574	ac7370ef115be7f8
4849664	80049554	7c244e97ca3c74a6
4853760	8004958c	1b6b5ff421c133c4
4857856	800495a4	1c2fbb2b3649ba0a
4861952	80049554	dd62591b5de75b2d
4866048	80049570	82fe4bc37ac1c37d
4870144	800495a4	4a0bf247f0428fe3
4874240	80049568	47a8c03628176aac
4878336	8004956c	028aa06efb3468c2
4882432	800495a4	4d5d4066b537d1e9
4886528	800495a4	37c789d58eaefa1a
4890624	80049558	7751aad299881d63
4894720	80049574	5aebb2952c0ff0df
4898816	80049568	47651e9e02ed162a
4902912	80049560	d974c572e63e1c05
4907008	80049564	e8d9c84105453e5e
4911104	80049564	1cbb6506b08805f8
4915200	8004957c	4d0a31e76cfa1ed8
4919296	80049558	4904d9abce38c8d2
4923392	800003e0	c748f3347d86cfe5
4927488	80049554	50d636e5a52d8eac
4931584	80049574	e3e5a4ba50d1b202
4935680	80049554	947e2b12be66b227
4939776	80049554	3a81cae7068691a3
4943872	8003d110	bef253a2dd2e435f
4947968	80049568	c5c802b36aeeb0f1
4952064	800397d8	7ae7cb9ad90f58ca
4956160	8003d088	d0634fa1d0409e32
4960256	8004959c	6922e1951524554c
4964352	80049580	3a2d5c2708d64cbf
4968448	80049570	d438c967cb31e352
4972544	8000f5bc	19835e55a8ea7b79
4976640	8003d120	e24b4482e10b19d4
4980736	8003d164	282ecc27183d85cf
4984832	8004958c	165132e69e36a772
4988928	80049570	a1feed11350ce313
4993024	8002d6cc	14bc035ad1247673
4997120	800494f8	fe26f7391a8a1f5d
5001216	80049578	d04143f0176d4152
5005312	80049590	0eda9caba0c78044
5009408	80049590	d837ca9f22096e1b
5013504	80049584	acd46e0849bf78fd
5017600	8004958c	1e83ae3a5ba7c63b
5021696	80049568	62128d97ac9af472
5025792	80049584	185672322cf2dc64
5029888	80049564	eecc597c88f85473
5033984	80049584	7600878d24fc096e
5038080	8000035c	9104214656cdafef
5042176	800454f0	ea9e4fb9e9a2aac6
5046272	800003c8	0882334d02a7a782
5050368	8004524c	252a9b86173f280f
5054464	80049594	e2b9174725166e67
5058560	80049554	68836c9929839ac6
5062656	80049588	64b81222a1b29f17
5066752	80049500	856da7ede031a93b
5070848	80049598	1113a87efd1a17f9
5074944	800495a0	80503c0f6bbb8a39
5079040	80049594	1ea468dfd8edd55c
5083136	80049570	6a80104e53a959ee
5087232	80049550	605818418a560c2e
5091328	8004956c	a26390dc68d4fe56
5095424	800495a4	4ff0d075d4eb85e9
5099520	80049580	778f266fba575bbb
5103616	80049568	b4452e157cf6b118
5107712	80049578	06e8761f0d2eeef1
5111808	80045244	d6b8600b96a8c7e1
5115904	8004958c	c3925f18296072e6
5120000	800495a0	0a0705e155972427
5124096	80046000	114ae17ac77efe31
5128192	800490d8	5e669c7a10eb2aae
5132288	80045fd0	0954ee29c48577a5
5136384	80049500	a7650120b5a16186
5140480	8002d664	12282e9e55af1451
5144576	8004956c	0c866e7a63381f61
5148672	80049584	ecc3ac0fbbf7c616
5152768	800495a4	55bef1e714148d80
5156864	80049560	e58b492aa28bf3d6
5160960	800493e4	b62b9a3295a694d3
5165056	800495a0	19fd2f63acd0c7de
5169152	80049588	0023940fdc28213c
5173248	80049564	a6a040535f46cbcb
5177344	8004957c	0c855f1b04d3ec37
5181440	800494fc	dcf3db9452746f63
5185536	80049568	00b79cc6a27c992e
5189632	80049508	9f580ffe73980737
5193728	80049584	1066a55272c16aa2
5197824	80046944	3e4bb4d51ce9f0dc
5201920	80049550	784612089adcd2d5
5206016	80049588	6e4eec04530a4c95
5210112	80049588	83dfd00e4d5a5dc9
5214208	800495a0	4c8cc006ae08dd01
5218304	80049550	0826d26781b89d97
5222400	80049550	080aabf63642b049
5226496	80049568	3355eeee13463461
5230592	80049568	812216630b756b36
5234688	80049584	67d099055e85875c
5238784	80049588	95e51b9eaeec2bc2
5242880	80049564	ef51a76f5b77603b	0a56b6cd7bf71558	7bed8159bb569479
5246976	80049588	b9c5d25b09139bb7
5251072	80040b88	f7db5538a76a4774
5255168	8004957c	08191d8dbebe70a0
5259264	80049564	c878b208bcce1d58
5263360	80049580	7edfde1633d23b1e
5267456	80049580	2b3005e5454c3388
5271552	80049598	2913b83b531c9f2e
5275648	80049598	3bec579eaf7a28ea
5279744	80049574	597ce6c8913b17b2
5283840	80049564	90da600ef1aec5ef
5287936	80049578	9e19c9b70c61e8c5
5292032	8004958c	8c8c0c740cd22bc3
5296128	800494c0	4f2f936fa89709b9
5300224	800494d8	c091965bb8769e13
5304320	800003c0	8603c4ae4536d6c3
5308416	80049578	445f3c705a31e209
5312512	80000370	dbe042489b111734
5316608	8004959c	a51e12675a9f0e11
5320704	80049560	b74a62d24c1a1fe0
5324800	80049564	f72ab6351a111c4f
5328896	8004959c	bbb321ffd4ab6cfe
5332992	8004959c	bd09c951a3a65f45
5337088	800495a0	78cef25741af42bd
5341184	80049588	73314e6b9fc2b2dd
5345280	8004956c	b678d36eb39c74a5
5349376	8004957c	eef052d27273ee88
5353472	8004515c	737afc99dd742eb6
5357568	80049580	d2ba2c3ea4262aa4
5361664	800494f4	f03104f5fbce7dce
5365760	80049594	f402e8b30e17e5bc
5369856	80049564	327a9c7b9d1304bf
5373952	80049550	e1480f9ac55691c1
5378048	80046034	8fa8fc4a2bd17354
5382144	80049590	3600405b341360d1
5386240	80045200	2370dfcdbb071ca3
5390336	80049574	7abc7250a967af4c
5394432	80049574	ba212dbfc6b051ef
5398528	800495a4	c4cfb2b339b05409
5402624	80049580	4d2fb4938ce09c60
5406720	80049564	fac0b67e6290d89f
5410816	8004959c	bff85a648576fd2a
5414912	800452fc	716daba062423b74
5419008	80049554	72b1f79308e618d3
5423104	80046dcc	c0688d16b0529df1
5427200	800495a0	061b4e57e4a43a9c
5431296	80049588	3e72c5b0956d8fc9
5435392	80049588	6d8fc28faaaf66c4
5439488	800495a4	7868d465813fb89a
5443584	80049550	a78d942323ec84b4
5447680	80049568	15b2ccf313972d26
5451776	80049568	cb5162ca9cbaf47a
5455872	800490d0	4fada76981ab557c
5459968	800464b4	cd3b7ce80e5525dc
5464064	80049518	44d4b3e167e6efc0
5468160	8003d06c	4fb14556734383a5
5472256	8004956c	8c364da2107ca491
5476352	80049598	70ab385cc981da36
5480448	80049584	9518b0cf6feb86e5
5484544	80049578	f4af00db8f798165
5488640	800495a0	fe3f22c75d652157
5492736	80049560	d6da8b3480988012
5496832	80049564	a422df572f1f73d3
5500928	8004959c	fe7001eca17ddc10
5505024	8004959c	6338868ea8816c00
5509120	8004955c	cbc90141dade0c34
5513216	80049450	a60f8fc546bb1262
5517312	80049594	0d760efb64737fd7
5521408	800469dc	4ef2ff951801c21d
5525504	80049598	8b0b5e5854b1d922
5529600	80049558	162c2295cda4033f
5533696	80049558	43fe9a157a0d28fb
5537792	80049560	4c0f7c60b5e51a8b
5541888	80049574	bd418d64a321affa
5545984	8004958c	e0fff67b61bad2eb
5550080	80049590	845186980b6a0fe2
5554176	80049550	361556d55b329cce
5558272	80049550	589c4519d1bfe5ce
5562368	80049568	98696aa573ab7c94
5566464	8004956c	3d76d38adc2768d0
5570560	80049574	4e24d1db371560b8
5574656	80049588	c408fc93d135d804
5578752	80049568	6166527235f7c09d
5582848	8004956c	44a63ea95ffd706c
5586944	80049584	63472915fc7f9c12
5591040	80049588	2918263ddadd6c6b
5595136	800495a0	fdd56afeb8d9b249
5599232	80049568	30bec4d9cd20dd06
5603328	80049584	e26e997a2f971484
5607424	80049588	b225a34f0e359a07
5611520	800495a0	179ffa0f7fa77ac8
5615616	800495a0	65494c9e52805474
5619712	80049560	45d3a4c2174a472f
5623808	8004515c	40485a1188a9a168
5627904	8003985c	adb10a5f0cb0332b
5632000	800494e0	907806f024e05e03
5636096	8003d074	c328fad3a28a6edb
5640192	8004957c	5114806368debd75
5644288	80049588	079770ffee3432cb
5648384	8004955c	8b125def84d7b15d
5652480	800495a4	4443563ff4ac1437
5656576	80049568	002f0bd8d0ada17b
5660672	8004956c	6680bbc55a942b21
5664768	80049584	9dcb10a57236ec0d
5668864	80049564	97d7b5aa721accda
5672960	8004959c	81e316daf703c314
5677056	80049564	ea2b525090d291fb
5681152	80049568	775e192df188ea67
5685248	800469d0	8daf679b9065eba7
5689344	80049574	aa8ef7431a169384
5693440	80049578	65a97bd4595d68f7
5697536	80049578	68b88357de60146e
5701632	80046c40	ce7faa4f00898cd3
5705728	8003d0f8	5f59fc72e8f1fd16
5709824	80049564	25bd9cbf25c2b483
5713920	800495a0	243a32736fcd9a22
5718016	80038f68	e0ebf8ca1104a420
5722112	80049570	69213daa50850b5e
5726208	80049554	00b8a332a910ed5d
5730304	80038f74	8459b6803ac359bc
5734400	80039858	49d63609a38cc8e0
5738496	80049560	d0bb9521409a5a76
5742592	8004959c	71312edf63d72e05
5746688	8003d178	713b47c5a39ed3e7
5750784	8003d044	6f2df8e24751c615
5754880	80049594	1a94bdf5850fc4dc
5758976	80039908	151a36e6087893aa
5763072	8003d0a8	68d9eccfb1fc372b
5767168	80000378	623b74b40ed798e0
5771264	80049560	cb1b7c6b09b1e174
5775360	80049578	a35fb3efd5d907ed
5779456	80049564	86bfafc07fffc6ea
5783552	800494cc	176e4b83570a03b3
5787648	800494e0	e8cd6ab4f543fa21
5791744	800495a0	f7454db0d2989f4b
5795840	800451ac	7478e0aab9e83826
5799936	80049558	b1cfc4c098ad96fc
5804032	80049574	c18401e98b4f18e6
5808128	800397a0	14eaa17a285f4960
5812224	80049594	70164aa8074e1d38
5816320	80049590	33ae4fb748b2a586
5820416	8004959c	bfe82cf6fac9c6c9
5824512	800490d8	56987fc4b4bddf07
5828608	80049574	7eb266b8231b0d95
5832704	80049594	de88243598512bcf
5836800	80049598	a2d83c583652ec02
5840896	80049578	ff86da2996210f2a
5844992	8004959c	9568afe33f8fde5e
5849088	80049550	6178757c019ec8f8
5853184	80049568	68d41dc0ec7e224e
5857280	8004956c	5b707b8b494f15fd
5861376	8004959c	85f7e76e0d41c1b2
5865472	80049550	ef0a0e8e6d4d3c95
5869568	80049554	c7078cea9d8cfb2e
5873664	8004955c	9d7242f2204eed4f
5877760	80049568	d827d40b742293fc
5881856	8004957c	7a8d0def038eee5b
5885952	800494e4	81583514ef5904fb
5890048	80049580	b4a7c4d578e091d0
5894144	80049570	e5232954bb650225
5898240	80049558	6cdaa3bd35a64b78
5902336	80049598	9521c1f30867e1f4
5906432	8004958c	63acd83f0d0f69c5
5910528	80049598	c080a8f7209308e8
5914624	800494f8	cafb764ae9fe2655
5918720	8004696c	a0fb1f19810df51b
5922816	80038f90	6ceb11e43af3303e
5926912	80049588	711372ba25fc103b
5931008	8004959c	b985495f7d78d734
5935104	800495a0	ba35f149a4000a7d
5939200	8004955c	0b264e195b1a83f8
5943296	80049514	fee91864d7575d79
5947392	800494fc	2e057b82d10f4ca9
5951488	80045190	cf0c95aec8c79493
5955584	80046bb8	48fe08f4db0f9dde
5959680	80049564	75c1e024350579e1
5963776	80049518	8f5aff7963bacab3
5967872	80049574	1ca310da6fdf9e1f
5971968	80049594	51c680f4fce44027
5976064	80049554	3a9dcc18be96b4ef
5980160	80049558	3f3adcfac53760e1
5984256	80049504	234aea5a56c98b1c
5988352	80045214	33dd1e8a882a7d18
5992448	80046ab4	46e2f15460d3f228
5996544	8004959c	977e32389a10b457
6000640	800494e0	c43c6865017f1c65
6004736	80049580	8dd8cee6705de2ff
6008832	80049580	1190e1809e8f198e
6012928	8004956c	c4b1c2a20571309d
6017024	80049580	857c5f584f1c2c59
6021120	80049588	9c4ee7ee533814da
6025216	80049594	ccf0a40a9e1cdf2c
6029312	80049550	a0fddd510bde6c55
6033408	80049550	845d8074c3a9ad1e
6037504	8004959c	3687d3cc7d3545b5
6041600	800495a0	5dbcae5c1bc9d0cc
6045696	80049580	42fcd8e77c1eb866
6049792	80049598	3083a8f1d488a1d9
6053888	80049598	ab16725b46c41d8e
6057984	80049558	ebf7a2e62b6879cb
6062080	80049578	d342786f8e16c1da
6066176	8004958c	50cb6912e2a39d3d
6070272	80049578	99bfeb8292f5ce4c
6074368	80049514	0c335f3435a0a68b
6078464	80046c4c	a9dfccc82158eacc
6082560	800464b8	8efb6e48320ac19e
6086656	800464d4	c58e9e120e250f16
6090752	80049558	5d67ee7e4710782d
6094848	80045520	f4347f012ed177f7
6098944	8004958c	890fa559791f90fc
6103040	80046de0	2fda333b51ce6fd4
6107136	800454f8	b433c7f35fb206db
6111232	800490c0	8e84a0ff005cc4dc
6115328	80049578	04c092d627a7a426
6119424	8004529c	030cddb0e1dd0bd6
6123520	800494fc	3bac39764b3b1607
6127616	8004955c	9bd1112429fe24dc
6131712	800003e0	123d2e942bc5f991
6135808	80049598	5728ec6cc5b6f64d
6139904	800003c0	bef1426ab32f2e31
6144000	80049558	dfd31fc9517cf8de
6148096	80049594	e4edd8cc6e4b2e4d
6152192	8003d140	2aa96a4012904024
6156288	80049564	86129c3e2ffb06cc
6160384	800490a4	a7669680ac2b3b49
6164480	80038f9c	d327e8c2b6f33619
6168576	80049580	d6f91a7cfc00bb16
6172672	800494d4	2b68c3441812324b
6176768	80049554	ed19e7237f51b86a
6180864	80049560	1bce83226cea6d2c
6184960	80049598	0cb6b4863a14de3b
6189056	8004958c	d0c3bd98420a9839
6193152	800433b0	7e974d7a9bc25d78
6197248	8002f450	da3b127062108d01
6201344	8005ae24	cc1316dae9aef4e3
6205440	8003d764	3d71d2f46505931f
6209536	8005ae28	c315d882a54ec3c2
6213632	80010af4	1345968a5f8feb20
6217728	8005ae6c	61e9b42bfbbe6622
6221824	80010b44	aa4ab07d6d4ec4c7
6225920	8005ae48	96be67ba5e18a9c9
6230016	80010b08	7485bfaf09ced040
6234112	80010b64	236986716a9c1eb3
6238208	8003d758	adb86453261c6719
6242304	8005aea0	a726da8ed59cde9d
6246400	8005adac	07ec87d31f5ed33c
6250496	8002f468	e96b38aa0656f730
6254592	80010b58	8e83a3e126f0b078
6258688	8002f474	2730e9ca25a9092e
6262784	8005adf8	0039050e39c57642
6266880	8002f464	ceb211207f7b40de
6270976	8005ade4	6bb55440e4672732
6275072	8002f458	4174bbf565f25697
6279168	8005adf4	fb57638f1501dbed
6283264	8002f448	693b1a1ecad66bde
6287360	8005ae1c	953325c1defc462d
6291456	8003d75c	96e8feb8c898b3ed	e9f38dd3dbc17835	7bed8159bb569479
6295552	8005ae0c	26e152f1474b2725
6299648	80010aec	38544881a48cf8b3
6303744	8005ae64	9bcd3a6eae278ae9
6307840	80010ae0	8844a13b854e4287
6311936	8005ae40	953f5f4656c7899c
6316032	8003d760	0ce0dd9cf259230d
6320128	8005aeb8	75222ef1061deeed
6324224	80010b00	89a4fa75be553c5d
6328320	8005ae98	685c9b320189b795
6332416	8005ada4	4f47558b090ed884
6336512	8005ae78	5264f888e6eb1944
6340608	80010b50	c5b8c17f8c5bd865
6344704	8002f46c	25308d79cf87f05b
6348800	8005adac	50e686b3c610ad26
6352896	80010b70	522a26f6d12fd21a
6356992	8005addc	6a155dced0283014
6361088	8002f4a0	638319db8e1d409e
6365184	8005adcc	d9480455b960c991
6369280	8002f490	b4a80762d2380b75
6373376	8005ae14	f30a4a8fd46a746e
6377472	8002f48c	772a2dbd8861c9f6
6381568	8005ae04	cb74601b3bb38969
6385664	80010ae4	06651a7b3b24f0bd
6389760	8005ae48	782c1dda2e733d51
6393856	80010ad4	bf3010630f725a88
6397952	8005ae38	cf85a33eb37a6b99
6402048	8003d758	69e37bd82ab85b0d
6406144	8005ae28	9324bdf124512652
6410240	80010af8	3d88864f00d38b13
6414336	8005ae80	5d44a71f0d425b8a
6418432	800433bc	7edfb57f90111d59
6422528	8002e3fc	71994afd55baa864
6426624	80047340	68796085dfeee0dd
6430720	80039174	bca96709aca6cdb4
6434816	80047338	504edf68103bb524
6438912	80047358	7ca509ddc76e55e8
6443008	80047354	16e05ce6d88ae1e2
6447104	8004735c	6f1daf157efa6b04
6451200	80047350	9544eb0de7dc4b73
6455296	8003172c	728130476d9f1893
6459392	80031a50	8787634628b8be81
6463488	8004732c	90644b2253891ab8
6467584	80047330	cf88b8481be2f4b8
6471680	80031b34	2ed2d892801395b4
6475776	80047350	4c6543ab8b2d7bdb
6479872	80047358	3e52f1253c0d9f22
6483968	8004735c	cf788d9360fe9fd0
6488064	80047344	a598892081e9fa6c
6492160	80047394	dad31e3de047d646
6496256	80031a3c	9197930b090300c6
6500352	80031a40	7917d37b4eb06b6b
6504448	8004738c	014243fa95be3538
6508544	80047368	73ef680936093866
6512640	8003d130	0271aa051b9efcb7
6516736	8004731c	a40479844c508ef3
6520832	80047320	3191b4086de2e876
6524928	80047334	3ec3d850b075374c
6529024	80047394	eb8be6fadc0ef1f4
6533120	800495a4	3a1235bfced75f77
6537216	80047354	7563b475f33461a5
6541312	80047358	33ffde84e46b70ee
6545408	80047360	f186b46959ab31a9
6549504	80047324	2b2065db39133807
6553600	80049448	eebf2bf28d97b6bb
6557696	8004738c	40b075cfd8d523c3
6561792	80031a3c	486157ca1bbb7156
6565888	80031a40	9c95bec200f8ce5c
6569984	80031a48	facb27f055ed846c
6574080	8004734c	cdcadf4c23e30b07
6578176	80047324	d4bd8b2c5e9bb340
6582272	80047360	bea8a9f7a6137700
6586368	80047364	bccd2b047ccc9043
6590464	80047358	d351dd8d7b75615c
6594560	80031a48	c82d2a1a3e9146fe
6598656	8004731c	d07a5808c8bd9d12
6602752	80047320	df634b9a99ad03af
6606848	80047324	0e372a96a0d0d561
6610944	8003d0a4	c4b3e35c86bee4d5
6615040	80047350	f586ae3e1fa6bb8c
6619136	80047354	c7048b410fcf9a94
6623232	80047358	8674d76363d35f17
6627328	80031a3c	a42a0f8bcefffe69
6631424	80047388	f40e9f8f936e77dc
6635520	80047338	c3d29114794b4d12
6639616	8004733c	37fc07b0d6daf514
6643712	80047340	534c9693b3352930
6647808	8004940c	9f13ce199c8cb2d2
6651904	80047350	545899939a4e30b7
6656000	80047344	0e441705213cfb77
6660096	80047348	e597b96e65bd5eb6
6664192	80031a34	546867d03c789c93
6668288	80031a28	ca5344071b62d0b2
6672384	80047358	d529178ee7e62b5e
6676480	80047324	aafd393955a14ab7
6680576	80047328	1e1c75af20d53d71
6684672	80047364	06e667d3f502dfe6
6688768	80031a38	70e6611434cfe835
6692864	80047344	459a457272b47e6b
6696960	80047348	8c6d3db80d3604a9
6701056	8004731c	4fde69b37e295a88
6705152	80031a24	ecd52836f1cab03f
6709248	80031a4c	8c552cabdfd1e4c9
6713344	80047390	5704842ab86f3388
6717440	80047394	14679e82141e6684
6721536	80047348	7fee9146c225f2e6
6725632	80047324	09616e4261b782aa
6729728	80047388	51f00187df592c4f
6733824	80047358	f37621f578d47883
6737920	80047360	2d978a38b76bdb9a
6742016	80047360	c66f46d4191bd2a6
6746112	80047358	c594e51083ac3c24
6750208	80031a30	3efec7f288d1ebca
6754304	80031a2c	c890ef06b00de237
6758400	80047360	f9cf2f6e334593e3
6762496	80031a34	f4c7261eefa4ab21
6766592	8004738c	efb8c016c88443b0
6770688	80047388	cdabb3e45969b756
6774784	8004738c	813728004303410a
6778880	80047390	86c9363912951d10
6782976	80047394	7f411b1eaf17a105
6787072	80047390	133844ea0c82b6f1
6791168	80031a24	ae848268f2c92dd7
6795264	80031a28	463a02772f228af3
6799360	80047334	0f07a838684e3269
6803456	80047350	04476d9192103111
6807552	80031a3c	8bcc79b350fea92f
6811648	80031a28	2f43bee6a6ec7772
6815744	80047390	3dc0ff55130ff5df
6819840	8004732c	b3f381091d683bce
6823936	80047330	60f9dcd7cac6670e
6828032	80047344	3e8cd293fc6237f9
6832128	80047330	7bc750d6ef688f92
6836224	80047324	892456499b4c70b9
6840320	80047364	b728aef29f0cff77
6844416	80047368	df753f6f1efea317
6848512	80031a4c	94a4b10041adda02
6852608	80047364	402db440a46f0316
6856704	80047368	35e9432dd1869bb1
6860800	8004735c	9c0b14d34403d4fa
6864896	80031a44	b0adc4c0c7e8ba53
6868992	80047320	05385b43f5ca2236
6873088	80031a38	e10f6dfc7025bc8f
6877184	80031a3c	291eba88e2e56366
6881280	80047344	9c32d65cbe508bf2
6885376	80047344	0b8a33951aa89051
6889472	80047350	3c350ebc4eb3de6d
6893568	8003171c	f2fd592f8208c6ee
6897664	80047388	8bef7efbfe8f8264
6901760	8004738c	7cee405409c607e9
6905856	8004732c	ed645ae3487d16e8
6909952	8004732c	d826f4fabbab5639
6914048	80047328	fc9ae99ae9da3450
6918144	80047360	0a876ca53ac42c04
6922240	80047330	2d0a22dec9a6886c
6926336	80047364	193f9fa5f90368a2
6930432	80047354	cf2812d7de3df5bb
6934528	80047358	00e708edd1ad17f8
6938624	80031a48	0b967abe6210d6e8
6942720	80047360	31981608b1e978c1
6946816	8004735c	ac1a027fb9310dd0
6950912	80031a28	295b501f500ed4f3
6955008	80047368	1688d2972c6c62e2
6959104	80031a30	47324fdacc11730f
6963200	80031a34	4bac130901a69bc0
6967296	8004732c	8aa69f776ebef36e
6971392	80031a48	9af5987aafafcb76
6975488	80031a28	797751b9f1aa33c6
6979584	80031a2c	3ea5b07d9f444797
6983680	80031a30	7d14f75a1284f0f7
6987776	80031a30	b3eab5efdc6e416f
6991872	80031a2c	a3fc5749fb9da43d
6995968	80031a30	b379b99f68ba48d4
7000064	80031a34	3f1885789c762dcf
7004160	80031a2c	91c161a40b31878f
7008256	8004738c	2caffc0d9374a8a2
7012352	80047390	73efe8d233989bde
7016448	80031744	c86f490be1e99921
7020544	800316a0	3e4fcb9ce5cc03d6
7024640	80047358	a97fdc2b6924ac0b
7028736	80047324	d98b0875f571f0f0
7032832	8004731c	4a6846caed90a298
7036928	80031a48	8a5447e4db53d31d
7041024	8004731c	d58a5609c7f04685
7045120	8004733c	ad62962de7a611c5
7049216	80031764	9389f906adf9de2d
7053312	80047340	b908e0e479704348
7057408	80031b04	3176c24b58e424b5
7061504	80047328	33c86c2f4b87e21e
7065600	80047338	b2e3e29f9a9c1004
7069696	8004733c	9851fe60d92cdfb5
7073792	80031a34	239032d6b573eb9b
7077888	800316e0	c6fa321a588e0648
7081984	80031a5c	098c765decdfbe55
7086080	8004732c	2cc9d160f417eda0
7090176	80047330	62e0da8fdb14d8d3
7094272	80047334	d82193b4b5088b3f
7098368	80047338	3a0dad4c3149e0f7
7102464	8004733c	25bcc409357b11a2
7106560	80031a48	73654dbbd5a15d3e
7110656	8004731c	b1c72ce50f57298a
7114752	80047320	b1c9b3534cc3d681
7118848	80047324	647da6bc5059f957
7122944	80031a30	2add2bca16fc81a2
7127040	80031a34	b5273503678acddb
7131136	80031a38	57325ff8a63f7f55
7135232	80031a3c	273ea04ef0c7dc3b
7139328	80047390	12fd5e20ddf6a6cb
7143424	80047394	4eb21ede4c680163
7147520	80031a4c	5e9fb56a2a6303dd
7151616	80031a24	aecd9771d3596a10
7155712	80047354	4b4ed8cecfea559f
7159808	80047350	1f91f70afda4bd0d
7163904	80047368	7e50af31bab2003f
7168000	80047388	e46b1c19a9d180f8
7172096	80031a38	850b1459428913cb
7176192	80031a48	a220f51b163d943e
7180288	80047360	08c7d2842ba62469
7184384	80047364	98798f7466227fca
7188480	80047368	75df91b6f98ac702
7192576	80047368	696f2c8d294965bc
7196672	80031a40	1b69156bab907e47
7200768	80031a44	dcf8e39e95eb00e9
7204864	80031a48	e5e45f14b80bde89
7208960	8004731c	365c7273a25023f6
7213056	80031a4c	69bc31e80f68b555
7217152	80031a24	87cd379242be8878
7221248	80031a28	02c5380b15190c03
7225344	80031a2c	93ea4dd8864ee89d
7229440	80031a34	267da7047403f80d
7233536	800316c0	72126e4379587d68
7237632	80047354	ce23c9ddf73c9a38
7241728	800316d4	0cf34134118b82d3
7245824	80031a24	8cc752ee1b2c799b
7249920	80047338	e434ac17ba98fdc2
7254016	8004731c	e81524edd0be5ffb
7258112	80047394	0a12ac357a7da625
7262208	80031a4c	4c817c1c82a18c15
7266304	80031a24	9f0f91f8e3cea6fa
7270400	80031a28	932d90b778802122
7274496	80047368	577ceecc1e10676b
7278592	80047324	d8a809f9065d0438
7282688	80047388	6a2761ea6b0ff811
7286784	80047328	333ae0995d32ae7e
7290880	8004732c	1eda4b4465c59c7b
7294976	80047348	87f0a40e842018c0
7299072	80047360	e678a78a08a2f890
7303168	80047328	30e8ef9349f9e6b8
7307264	80031a14	8ace396c586517b3
7311360	80047364	143042a8b6ab5c0e
7315456	8004732c	f15b46d407231ac6
7319552	80047368	2f5c230056283216
7323648	80031a24	de9a7010ac4804ca
7327744	80031a4c	45572618099d0013
7331840	80047348	9e1c96313b93722b
7335936	80031a28	776cc56878b9f9b0
7340032	80031a2c	6f94561d2dbe8c0f	58c11b8f75327ecd	7bed8159bb569479
7344128	80047388	9e752ff2e86e51d3
7348224	80047334	f83622b26807c380
7352320	80031a24	3b95edb527a1ed15
7356416	80031a28	a52ce2eb9302551d
7360512	80047388	028925edaec7d2b0
7364608	80047390	2e626be668e911b1
7368704	80031a48	aa4d1a81713e1d6b
7372800	80031a2c	e8ab806687edd3df
7376896	80031a30	c314cb3d386cff33
7380992	80031a40	6b29feb5c334aeba
7385088	80031a38	c84824efbe7d06bd
7389184	80031a34	2530bce5bf87a0e9
7393280	80031a24	12790e2a46f7ffd6
7397376	80031a3c	378ab7664cd30183
7401472	80047340	ad2eea48c0c6b302
7405568	80047350	4ad11577f7d97cce
7409664	80047354	a35782af95bead83
7413760	80047358	261cac664b5ed7f8
7417856	8004735c	05392ccd697bcb45
7421952	80047338	0e08b95526f67b87
7426048	80031a28	fc790c09258b1f3c
7430144	80031a2c	52327d0b59228268
7434240	80031a30	e48b058cb8fb6a41
7438336	80047340	06e6d4a97beb0c31
7442432	80047330	34ee102afa1eb4f4
7446528	80047334	a000f7ddfed13e52
7450624	80047338	9f8fb9cafe4f1ef8
7454720	80047394	b203224ec53bd578
7458816	80047340	56c0713402e11cfa
7462912	8004733c	e421284cc268fa67
7467008	80047368	eab3565b27f13ac1
7471104	80031a48	fb8d3da7ffaf0786
7475200	8004733c	33db4c365a8e1ec0
7479296	8004734c	6406bcafdb18b607
7483392	80047320	13870fe2f2566432
7487488	80047324	10752e8535095a7d
7491584	80031a24	a2bfeb060f271179
7495680	8004731c	dffbcde7e60bab5a
7499776	80047320	8135feb3ec0fd70e
7503872	80047324	3c657d2529768d7a
7507968	80047328	9faa4479675014ec
7512064	8004732c	647dbeaf36155296
7516160	8004732c	5c309ab49feeff3a
7520256	8004732c	38bec7d6ce9be3aa
7524352	80047334	67aadd4b6c051082
7528448	80047338	a1e94327df3a1b84
7532544	80047330	4142d4787eb3306c
7536640	80031a2c	58249217cd8e3277
7540736	80031a34	ac7b9dbba6bd3d55
7544832	80031a3c	1d19b9ea3f2be690
7548928	80047334	b8fd98e4ca6e53f1
7553024	80047358	78be6d13208b9900
7557120	80031a3c	a05989afbe2cd27c
7561216	80031a40	c76a46040d8f8f9c
7565312	80031a44	1b8aee70dd62855a
7569408	8004735c	6d0635bbd4f4f976
7573504	80047368	9867a173e35c17a0
7577600	80031a48	fe0e0e8ebb82227b
7581696	8004731c	2fda4e958ccd1c78
7585792	80047320	a7d9ab78d6836e85
7589888	80049410	b672f9b7067a1150
7593984	80031a28	7e69df053c06001f
7598080	80047390	faea96ddb53121c4
7602176	80047330	83d51c0748688b90
7606272	80047334	cb30e6d3a4cd7894
7610368	80047360	66274d11455551ba
7614464	80031a2c	68077e8dc005cd92
7618560	8004735c	c0f3ee4f3d8a19e6
7622656	80031a34	c99af4687d89eb81
7626752	80031a38	9cc85f428eeed819
7630848	80047334	81c551585cf23bf3
7634944	80047338	35e996107a0bb58a
7639040	8004733c	d88dbc421fa2cbc4
7643136	80047340	e83d842c421af3dd
7647232	8004731c	8ca7d8fd6390a723
7651328	8004733c	846582a02572123b
7655424	80031a44	10daadb6ee72c812
7659520	80031a44	fca49d5820edb217
7663616	80031a48	367a13db347ca2bc
7667712	80031ad8	38412a2f01743397
7671808	80047340	7d2d449f7541459e
7675904	8004733c	d1b534bbb2d7ebb1
7680000	8004732c	ae0059bf1baa5d74
7684096	8004731c	bf3cf02875027698
7688192	80031a30	ae78e4be0c410fb7
7692288	8004734c	0013e08300c0a7a3
7696384	80047350	c423439b29aa58cd
7700480	80047354	15b568e9818337f9
7704576	80047358	f776edccbcd17c37
7708672	80049400	e133589cb037b23d
7712768	80047394	ffbeaedb0b4a2aed
7716864	80031a4c	4e0e54fd2fb31cef
7720960	80031a24	ab6237ce7f71b9c3
7725056	80031a38	1d6808485b9b8735
7729152	80047334	ae29647017342bda
7733248	80047338	7ed8b87e923e665c
7737344	8004733c	fab89760408565d2
7741440	80047340	28d7f538efc88df7
7745536	80047388	012d0638c4adec3f
7749632	80047360	0b9b075661167e1c
7753728	8004731c	c9738abcfcc9734a
7757824	80047368	a71b0a22da591ec5
7761920	80047360	e518266b768d7f5c
7766016	80047368	462561858b4bdfbb
7770112	80047388	6cd96bf60876cffc
7774208	8004738c	92cc7897dc93bc04
7778304	80047390	7827720fdfcd8b4a
7782400	80031a34	adb4df308325b697
7786496	80031a38	0de1e1f9bab92edd
7790592	80031a3c	29c512697995c4f5
7794688	80031a40	9468cce67bae0078
7798784	80047388	a5fd5e19cd790e22
7802880	80047334	f4b7eb480b822fcc
7806976	80031a24	3c66676bb85b5943
7811072	80031a28	3fa45833f42f5f69
7815168	80047388	8b4222d7fd565881
7819264	80047374	f53d8ce7dbcce8e5
7823360	80047350	695c66c986cc952a
7827456	80047354	a1a27de522ff32df
7831552	80047358	2d15cf1e058c09d3
7835648	800494d0	0d746d193d091a46
7839744	80031a44	d50d6bb38bc1aa76
7843840	8004733c	4ef929ce3e71baba
7847936	80047340	b2b6277e2f89083d
7852032	80047348	86c1c725d8d7c486
7856128	80049400	d515c894bf2f0f07
7860224	80031a4c	c0da1d8140fa6f2c
7864320	80031a24	48641a3d072e3671
7868416	80047390	1470a0b35fa8f63e
7872512	8004734c	520376ee8f0baba4
7876608	8004733c	36243a92f384eef4
7880704	80047330	f41c3e1548a054bd
7884800	80047334	ff4a368e06ed0789
7888896	80047350	7836ec02068e4f47
7892992	80047344	4f947c4fe2bb9fee
7897088	80047394	ac2672d08f13c34f
7901184	80047390	18a7b721da9d7943
7905280	80047394	33d43b2ff279f306
7909376	80047390	945397068a3b414f
7913472	80031a2c	1996b913c84cd426
7917568	80047388	bf3ada1cfb5e489e
7921664	80031a30	ccb0c9242d556aa9
7925760	80031a34	79989202945328f4
7929856	80031a38	b40d9fdeed9131a7
7933952	8004731c	2f91716d6e4f996f
7938048	80047374	70f33f19036e5d64
7942144	80047330	38fd389b41faa3fa
7946240	80047334	c2bf0dc2138a8258
7950336	80047320	9dd411585ecfea8c
7954432	80031a48	27159c4bfa65c641
7958528	80031a44	a92a505066b71a2f
7962624	80031a48	122d380e2ad7e386
7966720	80047368	4890f441ec86789e
7970816	80047328	77737ae399231f0f
7974912	80047344	827488f851045b81
7979008	80047340	ca08fb860729fb6f
7983104	80047344	06b6f3fddf6d5c03
7987200	80047344	3de34d412236f080
7991296	80047354	f85155a364796a89
7995392	80047334	419547095eb31bdd
7999488	80047338	1e0918e0356e2700
8003584	8004733c	c70975326351a186
8007680	80047340	5cce27b7e8a59f68
8011776	80047358	4581db13eada831a
8015872	80031a38	76f118c3e281788f
8019968	80031a3c	ecbf0f224771a3a3
8024064	80031a40	8e2b07449e73ed02
8028160	80047338	be7899b8f99f8b03
8032256	8004732c	d2789c40713d8967
8036352	80047330	bad05db26705fdab
8040448	80047334	263a00389707de8b
8044544	80047364	1bd82b18aa8031f3
8048640	80031a24	38b70d531286ec6f
8052736	80031a4c	9e5f273eba85ba0c
8056832	80031a44	ad1cc20e21723d1c
8060928	80031a28	48998946f2822029
8065024	80031a3c	c2e724f10873e632
8069120	80031a4c	0e38604049a38b95
8073216	80031a24	90be2eec6d89627f
8077312	80031a28	4b84eece68c6c065
8081408	80031a24	5eca48dc9691c901
8085504	80031a3c	7832a47d30c9eeab
8089600	80031a40	5a11bb6ccdfc7f55
8093696	80031a44	5ffa188b8231a061
8097792	80031a48	975451a917902102
8101888	80047328	281eaebc8aa10b63
8105984	80047364	83bcd0ac2bc37fbb
8110080	80047330	e98875c6629200fd
8114176	80047334	46faf0a057ba01b2
8118272	800316c8	70bcc3ea219e9f4f
8122368	80047368	b3fae1d483fcd6ba
8126464	80047350	11029d2a9d2fbd33
8130560	80031a4c	d38cfc616639758a
8134656	80031a24	7fb5c017da03a158
8138752	80047348	4b33883e4a347711
8142848	80031a48	5c3ca427b32554cf
8146944	80031a44	e12727ae5f097784
8151040	80047394	9281c81a720940a6
8155136	8004731c	a4a26db9f74491cd
8159232	80047330	8c28e347cd008aef
8163328	80047340	f29fa1ee4ca58da1
8167424	80047344	28e7145761520a5a
8171520	80047348	fa9a8d3482ac0098
8175616	8004734c	c4310e67cc627f42
8179712	80047348	c33642f669685df8
8183808	8004731c	29387a75aa23aa98
8187904	80047320	6069ba24f624a1bb
8192000	80047324	ae5d0c2276a0517f
8196096	80031a3c	4c159490b1dd3de2
8200192	80031a28	69d6b855e5520677
8204288	80031a2c	ba98e0056f7e8991
8208384	80031a30	d0379df59a7f9b62
8212480	8003182c	081f4c085c4b78eb
8216576	8004731c	d4771cb41bb9cdd0
8220672	80047320	91977f964d4e4b2f
8224768	80047324	61cdedb4cebfc96f
8228864	80047328	a2181df826f26519
8232960	80047344	e00c9459588b28fb
8237056	80047330	00c9cd0bfa9d6f1b
8241152	80047334	f9aa989f572f5a7e
8245248	80047344	707804a9dd63aca8
8249344	80047350	79a5479029fe8031
8253440	80031a24	51443ee86d6d2aa6
8257536	80031a4c	6901f166121e759a
8261632	80047358	1c5dcee81979a36d
8265728	8004735c	06b2733ddcadf2f2
8269824	80047388	c16073f33c01c3b1
8273920	80031a3c	06750811e9dd46d1
8278016	80047324	1721300c512b7bca
8282112	80031a48	befe23904c83adef
8286208	8004731c	d90200a0c6f2e967
8290304	80047358	9380e00c1ef26ac2
8294400	80031a3c	1b3feba9452218ec
8298496	80031a40	395093424d9a39c5
8302592	80031a44	d14e9a63dff44c29
8306688	80031a48	6ef0da46b2cf65d4
8310784	80049400	144d52951b160929
8314880	80031a40	dd3d63280435a01d
8318976	8004733c	40dc7e936fc02f37
8323072	80047340	c5e91302912ba25e
8327168	80047344	4972182da0834c2a
8331264	80047338	2c7de7e1c4e3603c
8335360	8004733c	0ee79e92218be13c
8339456	80047340	0965d072e57d2b2c
8343552	80047344	ed96d365725fb61c
8347648	80049400	d8bb87d2c0b0b8a2
8351744	80031a38	6a46b6e3a60b1f68
8355840	80031a3c	51c8c82d171903b5
8359936	80031a30	a238ae875c77daa6
8364032	80047348	1bcbd633998c0f8a
8368128	80049404	cb130b612dd55a26
8372224	80047340	19d1fb6e024ac62d
8376320	80047344	99fda350399a47a9
8380416	80031a4c	bfa3542bd06e2a1a
8384512	80031a24	2118d6a432622c3e
8388608	800494f8	4e473cfbdbaed263	76d4c265f8ed411e	7bed8159bb569479
8392704	80031a4c	e7f1dfa2bfd8d803
8396800	80031a24	a383cc5ac356ff3a
8400896	80047334	d238544692fc673a
8404992	80047330	837bbe5b25f2f70d
8409088	8004947c	1ca1e39d936af84b
8413184	80047328	88b2e24989851525
8417280	8004732c	b0d58cb7d4235899
8421376	80047324	d80cead4ee24d7df
8425472	80047368	6de6664cabb1e1aa
8429568	80049400	181159aceabcb481
8433664	80047360	a91238d52ce10f4f
8437760	80047364	b01a2250319a4055
8441856	80031a44	eec37527ac53e279
8445952	80031a44	29d1c6e6cbc2e921
8450048	80049404	74a2cb06b6acb978
8454144	80031a3c	f020e2db9f530296
8458240	80031a40	f80f98e3db200650
8462336	80031a34	f4dab5ef6905e21f
8466432	8004734c	5ffe05728c135329
8470528	80049408	e447a71bd49fce5e
8474624	80047360	b59a2841642ef324
8478720	80047364	dd7dd696f0b6fd6e
8482816	80047368	dab949e530c064b0
8486912	80047388	7af8aecb5c883193
8491008	80047348	a077e9eef1e007d8
8495104	8004734c	4858aa92dc9bec37
8499200	80047350	61894a4b751bfed8
8503296	80047354	9ddf451626258d85
8507392	80047330	be876917a3530d7f
8511488	80047334	c4afa2f307f80627
8515584	80047338	193bbc2f58b6a6f4
8519680	8004733c	f934ed9adb42835f
8523776	80031a48	32992f3648a5839b
8527872	8004731c	1ddd64dadc0fb457
8531968	80047320	7422a070666a3857
8536064	80047324	bce9e1de6ba1c18f
8540160	80031a28	bae6a8c5a2e41002
8544256	80031a3c	06f769f83a4e6a31
8548352	80031a3c	6bdb701808e9f32b
8552448	80031a40	0e01920ce9aea49c
8556544	80047340	800f66974ecddab5
8560640	80031a30	faa9befea3da1981
8564736	80031a34	098a43d9a6c6ad31
8568832	80031a38	82756c845c7b5201
8572928	80031a3c	04595cc668bbdbae
8577024	8004731c	1c04e06ded8f4b4a
8581120	80047320	b11bd0bdcd04bab7
8585216	80047324	ce5a94011a5ecb06
8589312	80047328	ac390ccd4e85c9d9
8593408	80047368	fe894727c9d7feda
8597504	8004733c	a6df661de144c2b3
8601600	80047340	097a65e962c68442
8605696	80047344	8120f01c9d56ede4
8609792	8004733c	669bf243028c6e6b
8613888	80047358	c6b1d191559f7c15
8617984	8004735c	aba8dfe83224ee34
8622080	80047360	0c8eabed3f0e2956
8626176	80047364	23df49733f3ebeb6
8630272	80047390	66648840399b4287
8634368	80047394	fa20428e6b159fb4
8638464	80031a4c	bec24887e3205d86
8642560	80031a24	9380914387a2a9d4
8646656	80049400	4078ce07fc919315
8650752	80031a38	c24987940d36d83d
8654848	80031a3c	a79ee56cc92bdeb4
8658944	80031a40	e2cec1f4dfed566d
8663040	80047338	ac2f30e966dedb43
8667136	80047324	d87fa6eedc360c0c
8671232	80047328	12a022e4e4a9b712
8675328	8004732c	490531075e537c9c
8679424	80047330	1b97f93177be14f8
8683520	8004733c	1af6ab9ba0f7d41a
8687616	80047390	9f01e2088629e7d7
8691712	80031a24	960fea0681784512
8695808	80031a28	7e12cc904bf3181c
8699904	80031a2c	e25820cf3f52ca8c
8704000	80047348	724fd54fbeabfb87
8708096	80047354	019b78ee95c497b3
8712192	80031a38	588f8b116e55f822
8716288	80031a3c	798dcea5c8f3fbb3
8720384	80031a40	838d1b4800769cc4
8724480	8004738c	9c5cfb24ac1f8cbf
8728576	80047390	01b164cf40345888
8732672	80047394	cd658611a708c95c
8736768	80047374	82b62d5b88f142b1
8740864	80031a38	0188eec24458aebf
8744960	80031a3c	779f54a0ae9eb1c0
8749056	80031a40	c9fa5805856afbac
8753152	80031a44	b696b6a8f2fb1ef3
8757248	8004732c	e564701bf16cff6f
8761344	80047330	225d756729d087e9
8765440	80047334	33511f3b8d203549
8769536	80047338	a691c907acf8ed26
8773632	80031a3c	bd1cd3c4a99c1e63
8777728	80031a40	3ad77d24c939f426
8781824	80031a44	0d1dd3a6cb568b9f
8785920	80031a48	f0ab9b6bfce070e5
8790016	80047358	3349f65b98ff7cb3
8794112	80047320	7931534106da0c01
8798208	80047368	7313b2cf48f04cde
8802304	80031a34	00f3f0d270f7bd10
8806400	80031a38	ecca2b93ff26014c
8810496	80047368	5e9092be70223058
8814592	80047358	9ebcd99178d7c71c
8818688	80047338	9c030a5eccce775c
8822784	8004733c	a76027e132d35344
8826880	80047340	74dc4f03cfa72059
8830976	80031a30	d8427bf6c047b7d2
8835072	80047328	57a3ec7dfcf80d78
8839168	8004734c	77d5aeafbb4d16be
8843264	80047350	4fc011240d223aa1
8847360	80031b38	fcdadf857dbfda08
8851456	80047330	7a3568e2e264e559
8855552	80031a3c	fba13acfd6bc171a
8859648	80031a40	748759d2d937d098
8863744	80047364	bbf9e4ead6bf9604
8867840	80031a30	5a1aee5972816455
8871936	80031a44	32317c8542305c98
8876032	80031a44	e7cf9226fbfcdbfa
8880128	80031a48	74b61e10d3aaf2d3
8884224	80047348	f4fc6ef1526b41a8
8888320	80031a38	04058f617c8f46f1
8892416	80031a28	53e668014e3ec53a
8896512	8004731c	81634077dfe38338
8900608	80047320	70f8b88ce3f58629
8904704	80031a30	f6ed8010bead8443
8908800	80031a48	94aff418415dd5a7
8912896	8004731c	f25f607f7a063203
8916992	80047320	5ba84a2629104d76
8921088	80047324	588ef608494c3a93
8925184	80031a30	ce2e7f3c9c0ae69f
8929280	80031a34	b721806446359020
8933376	80031a38	c3a2b87aca4a69c0
8937472	80031a3c	cdc1dff161216406
8941568	80047390	3cae75d6e5401bf4
8945664	80047394	de087c6da03388f5
8949760	80031a4c	b5c9ab0042c9380a
8953856	80031a24	5423b33b21e64588
8957952	80031a28	fbdec68eb2c9f2d3
8962048	80047360	1b7353e9e8da4541
8966144	80047364	e45c1ff985826152
8970240	80047368	15c02d0277ebf8fc
8974336	80047388	c1db23c211951934
8978432	80047348	f51af03db7d8fa3a
8982528	8004734c	f1cc085d88d9e840
8986624	80047350	364935fdb1dcf290
8990720	80047354	19f40b0799dd82b6
8994816	80047330	7a5bc5229a123cd6
8998912	80047334	e2c2e2e64eb99c6f
9003008	80047338	6c6fceb9beea6709
9007104	8004733c	429fb38d8a2f78b9
9011200	80031a34	2468cf8c70297f65
9015296	80031a30	cd207c66b57b0a25
9019392	80031a34	99eeeb5c83af701e
9023488	80047340	c1596f5e9d142875
9027584	80047340	f60179c3bbda33cb
9031680	80031a4c	6205470e0307c5bf
9035776	80047394	57cab463a3de887a
9039872	80031a4c	49d1885278bd1831
9043968	8004738c	c75ada8617c3c791
9048064	8004732c	a038f1c52e62f484
9052160	80047320	a0c7a6e8e16de5e8
9056256	80031a48	d71a1afc9a530b46
9060352	8004735c	c62705270aaf4f6d
9064448	80047320	94a51ae99118c3da
9068544	8004735c	b1065b7887f3db91
9072640	80047350	8e4a16aa7f8eaf8f
9076736	80047388	682451c56a2498a9
9080832	80047334	dcd036a74b3fd45c
9084928	80047338	5f2d4f883e6913ae
9089024	80031a3c	3b678f4365fed67a
9093120	80031a2c	fc89dd835f2493d0
9097216	80047368	5ec83186248d34cf
9101312	80047388	9473fc9c2085a084
9105408	8004738c	8d08ebf16ecaf895
9109504	80040cc4	a822b5bf09cd3aa8
9113600	80040cd4	9375af76af955584
9117696	80040ce0	6fba280511cead41
9121792	80041db8	22bbdf29e9594562
9125888	80045300	95e1b0e9bea273da
9129984	8004ed90	bc7b368cb0c309df
9134080	8004f778	8d6cf3fc0052dc9a
9138176	800395ac	6970f84ecc355204
9142272	8004eaf8	082690d32c2e0568
9146368	80054334	50b6bc5607bf2d3e
9150464	8004691c	157a40f6a1d0e7bb
9154560	80039918	7b9a0a71cfdc72b5
9158656	80049450	0abc60d6785b0730
9162752	8005a2bc	5732bb81ccfeaf43
9166848	800492f4	a6d7d037811c57a6
9170944	80045524	5e558906b80c1ac0
9175040	8004fa80	b8ad90de5f48f2b1
9179136	80047374	d3dcaed608f7f11d
9183232	8004957c	bedb3652daeb84f7
9187328	800494ec	1f5b43749d9ee825
9191424	8004ed80	a56d29a497a628f1
9195520	8004733c	09106adfc51050ac
9199616	80039554	7851800a0d7c5f18
9203712	80049550	622c1b12584282bd
9207808	8005a29c	8da2ae59cf7d64fc
9211904	80039920	f3a3ce9ef164ba47
9216000	80047368	60cdac7c73428680
9220096	8004ebd4	851674a413d3061d
9224192	80054378	e9eebfe8a32319f8
9228288	8004f6cc	a4621e6760f51adf
9232384	80039840	3dcf8bc1781cc641
9236480	80040cd0	d2d3e22a297f27fd
9240576	8004eb10	72af8129d4766155
9244672	80049598	02f45c908f7d0b52
9248768	800397bc	af6e62d471bcfcc7
9252864	8003953c	5c11b61654eeddbc
9256960	80049560	b197ead3fb883dd9
9261056	80049580	2f0f245a9826497e
9265152	80039568	055b7a541938a24f
9269248	80049550	a8b4413eb00d3047
9273344	80046350	0c2d99cab249a107
9277440	80045274	be9c2062f7daa79a
9281536	80049598	9abe30ab87c5625e
9285632	80045298	3e834859b23c3a59
9289728	8004956c	a183329b39e2cc65
9293824	80049568	3e4d6f272ae42638
9297920	8004961c	53d4aeb1e6559e11
9302016	8004ec14	66673f409d2c591f
9306112	8004956c	799bd67b86870381
9310208	800395dc	9c110b3a9142ef1a
9314304	8004959c	b619f349993f4661
9318400	800492e0	65ca66ba51b4df44
9322496	80049564	92e9390dd7e69f20
9326592	80049570	71433cbaea421ceb
9330688	80049518	ce739dbcc6393456
9334784	8004959c	ad84a70c8d71be59
9338880	8004957c	8d05495bca472c33
9342976	80054384	93a3363a61ec278a
9347072	80047350	b2b3b4f2ddaa5eaa
9351168	80038f60	5911cbcceae179eb
9355264	80049580	4d5973cbb9664963
9359360	80049558	480a78501fc5c713
9363456	80046aa4	1a7e650941dd1564
9367552	80049310	c2d07c0dc8c3b2c7
9371648	8004957c	93d28367ebdfae93
9375744	8004958c	19e6ee80ba31e490
9379840	80045170	8fede4c764dd24fa
9383936	80049588	a8c1d0a882efbc1b
9388032	80035e68	182e3c7b8f364b4b
9392128	8005430c	8280d3ef43d89ab7
9396224	8004957c	aa13dde86f2f659a
9400320	80049454	61b054e50ef01859
9404416	80047348	f27f248ffa612b7a
9408512	80046000	fdacd9b63114c3d5
9412608	80049558	2ff4aa77e8c4f071
9416704	80049504	335249235a13fd91
9420800	8005a274	f4891b620a074ef9
9424896	8004956c	a37e4fd907776399
9428992	80049560	8b913868523670fe
9433088	800451ac	51a935ae8389e923
9437184	80049598	b88e961a9c1e3973	6bea43298a954195	7bed8159bb569479
9441280	80039564	d5b43f4ab5e0338c
9445376	80046bc4	740ca87298ea4ae8
9449472	80049550	8cc0f5e063f35e0e
9453568	8004eeac	16e78923165abb41
9457664	80047348	c6724e08b9815fa3
9461760	80049554	ec667027a9c6116d
9465856	80049554	937b6f05510b69b5
9469952	800494c0	b5fad20398d33000
9474048	8004ec08	4d84a3eae82790e8
9478144	800399c4	df9352df2ce36238
9482240	800007dc	4da1ec16e275b8d7
9486336	800007d4	a2ef526621c9b063
9490432	800007dc	9da6cf997287a6fc
9494528	800007d4	d5a9fb6009545fa5
9498624	800007d8	e2165c89b6dc42e1
9502720	800007d4	1c6bd7bd429f8c38
9506816	800007d8	c813b70ab678f18e
9510912	800007d4	034fed14a177b16b
9515008	800007d8	ce3ac06ad850baf9
9519104	800007dc	372b2a18720a2823
9523200	800007d8	617fe192c078ba49
9527296	800007dc	b42e6fb2270355fa
9531392	800007d8	55d0f9fcd8237518
9535488	800007dc	ab9d936f26c25148
9539584	800007d4	e2e98eb7e022e253
9543680	800007dc	e8e4ac038d462955
9547776	800007d4	5bdcc104342d45a2
9551872	800007dc	c3ee1af367bac7e4
9555968	800007d4	81981c7261cb83e2
9560064	800037e8	c16a88e0d6dc5f01
9564160	800007d4	fb3d9c34630ac622
9568256	800007d8	c1fa1802da070b53
9572352	800007d4	a8fc685383bdfaca
9576448	800007d8	5be4ac7c46b4628a
9580544	800007d4	03a3c356248719fb
9584640	800007d8	fd0031be66346332
9588736	800007dc	4acbcd734c75cf5e
9592832	800007d8	1a069b74c2599b8b
9596928	800007dc	30fcbd5d9da0dc12
9601024	800007d8	83a3129cef2b4c17
9605120	800007dc	e7995d5a095c357c
9609216	800007d4	7d51bb33f7b70cbb
9613312	800007dc	9e0e56c92bba1274
9617408	800007d4	4a43e83b6d032e8f
9621504	800007dc	4e8f07560001ab44
9625600	800007d4	31221f2a45321703
9629696	800007d8	e4a03cb31aaaf6d7
9633792	800007d4	5e5924a7ed5b80fc
9637888	800007d8	505e01ce70a9c0bd
9641984	800007d4	52bceec88d5f8b1a
9646080	800007d8	d468fa0c7fdba9c6
9650176	800007d4	fb0b821199c4664e
9654272	800007d8	0aff5c59d4f4712a
9658368	800007dc	381bada76683ec02
9662464	800007d8	5e55d374ab0491ea
9666560	800007dc	c4f604e77ef558ba
9670656	800007d8	c22ab11f71b2606f
9674752	800007dc	82a1124c655eff8a
9678848	800007d4	750b4db759fc97ff
9682944	800007dc	26415cbe106db97a
9687040	800007d4	ebf137dcaf8582ae
9691136	800007dc	0074040f72439ae9
9695232	800007d4	650f24a1522bdfd4
9699328	800007d8	8b3b054225b8d2c9
9703424	800007d4	e21f801d67f382ad
9707520	800007d8	8326dce2855206c7
9711616	800007d4	4cb9be9e8d6ae743
9715712	800007d8	ea694c614ecf7680
9719808	800007dc	e8cb0c683b51aec6
9723904	800007d8	81c246470c4f742b
9728000	800007dc	5956087a933bf83e
9732096	800007d8	96d07d982af4265e
9736192	800007dc	52722f784da030da
9740288	800007d8	1b97f924c32e5a53
9744384	800007dc	94f97eb5bbc2bff9
9748480	800007d4	26a1f84ea23787bf
9752576	800007dc	37b3df7f87c5213a
9756672	800007d4	0bb7c473b97040fb
9760768	800007dc	dc4e208cc24937f9
9764864	800007d4	f42fe1909b99dbfd
9768960	800007d8	b3d51d16d25bd704
9773056	80040e98	25680f12a4168e96
9777152	80040ce4	35f0578b9ee1e815
9781248	80045834	b4391db4e0a3e847
9785344	800457d4	411790616fad9e75
9789440	8002e714	6b15d966cf936f8e
9793536	8002f27c	229f7cc63bc80e4b
9797632	8002f274	a4d98860b268bac9
9801728	8002f3c4	581a4941ce311593
9805824	80010acc	2a3683cfe54983b8
9809920	8002f3c4	43e05d99eac98c77
9814016	80010abc	81f63fe3d5baaee4
9818112	8002f3cc	9b9509044577f381
9822208	80010ac4	eda04d210bf3fcee
9826304	8002f280	5bfbb1f3f066f20e
9830400	80010acc	10d1610a3a202f2f
9834496	8002f288	81378b479653909c
9838592	8002f3ac	27f5eca065542df3
9842688	8002f290	6207f95c7e4affd4
9846784	8002f3b4	2836d0ec25c4edb6
9850880	8002f274	01c8790aa33b076b
9854976	8002f3bc	cec05d2b5be542be
9859072	8002f3a4	c3a5e8bcd8a41106
9863168	8002f2a4	ff0d9f9df0aa3040
9867264	8002f274	31e4572f9dd6d3f1
9871360	8002f2a4	53a6d3526cae018d
9875456	8002f2dc	06115aea043d1dd1
9879552	8002f2dc	5562efc8f536c955
9883648	8002f2dc	4d8f8d793b6d6a75
9887744	8002f2e4	2521ee5656c334ff
9891840	8002f2e4	e55c4be62944a0b8
9895936	8002f2e4	b56618686a838863
9900032	8002f2dc	f432fcff686de97c
9904128	8002f2dc	297bd3bd42934917
9908224	8002f2dc	a442efc537914ca1
9912320	8002f2e4	d4196ca13bc1fb7c
9916416	8002f2e4	f10446f8a7ae8509
9920512	8002f2e4	87492009055bb6bd
9924608	8002f2dc	bba6ebd300e61199
9928704	8002f2dc	9eadf8aa576d9b38
9932800	8002f2dc	c9d0a116193f3d46
9936896	8002f2e4	ae176a6b9a6ef9f7
9940992	8002f2e4	62ef9e44995e6bc7
9945088	8002f2e4	0569a7b1e82268bf
9949184	8002f2dc	d2f1e43388b20c5b
9953280	8002f2dc	641b37146b6d2202
9957376	8002f2dc	51b6cd735e2dedce
9961472	8002f2e4	cb03f18c22b3c545
9965568	8002f2e4	adacb5a0e32920ad
9969664	8002f2e4	812f4d180e2de8fb
9973760	8002f2dc	c55dc5639386a8e9
9977856	8002f2dc	921c7942bbab95b0
9981952	8002f2dc	6e551a5c0ac2fec2
9986048	8002f2e4	970df74ae32e22df
9990144	8002f2e4	92c9e282ba831114
9994240	8002f2e4	daa37cbe3f3ad68d
9998336	8002f2dc	12f258d7a98b4511
10002432	8002f2dc	fc7d4b8cfb96341a
10006528	8002f2dc	f488b120eba6b939
10010624	8002f2e4	2955163e23253d0e
10014720	8002f2e4	274604aa1f8c8cd0
10018816	8002f2e4	9816ce7e92594b78
10022912	8002f2dc	32d45e311450250d
10027008	8002f2dc	8a88b23e299c05c9
10031104	8002f2dc	661c82e30364f1ea
10035200	8002f2e4	b330ea67d42b9b04
10039296	8002f2e4	1694ffe4e0702ace
10043392	8002f2e4	4b4543ba935d10d1
10047488	8002f2dc	7fff1eb13a2a8119
10051584	8002f2dc	ce79067e5ccb645c
10055680	8002f2e4	2659644fd2706300
10059776	8002f2e4	b1cb857707d4563c
10063872	8002f2e4	f64f332e0192c1a3
10067968	8002f2dc	46ed974f32e5ea37
10072064	8002f2dc	99a129e655b3c5f4
10076160	8002f2dc	0c9b69a503edde34
10080256	8002f2e4	07c262b9e437a8db
10084352	8002f2e4	a1b979b63724c03d
10088448	8002f2e4	f9a86a99d5cebfd0
10092544	8002f2dc	c8a0357498913364
10096640	8002f2dc	3f3a79473b746174
10100736	8002f2dc	52b8469d25032ce3
10104832	8002f2e4	d002f2b35be665e6
10108928	8002f2e4	2d66c1864b5e08e6
10113024	8002f2e4	3f6a4bf1c9b35585
10117120	8002f2dc	556286aec8d2a92b
10121216	8002f2dc	4c63c9a782c60857
10125312	8002f2dc	8ecfd62391b1eb13
10129408	8002f2e4	143308cb5aaad252
10133504	8002f2e4	a70eed1f64532e18
10137600	8002f2e4	83a0c8afa2171df0
10141696	8002f2dc	466685573ec6edf0
10145792	8002f2dc	1c8477236a578cf5
10149888	8002f2dc	f1a1ddd35e47706a
10153984	8002f2e4	af6b4d4d3e4a9067
10158080	8002f2e4	9e59c99b6e89d85a
10162176	8002f2e4	8fe9b2f323c6446f
10166272	8002f2dc	d7912bab37f8a62a
10170368	8002f2dc	db271258dad04235
10174464	8002f2dc	55871b6143373195
10178560	8002f2e4	f4584b32bf187257
10182656	8002f2e4	19ed012347f0af95
10186752	8002f2e4	c231cc73f83a30b8
10190848	8002f2dc	440cfe9e6630d85f
10194944	8002f2dc	dbba816af9814fdc
10199040	8002f2e4	3c94c3d6184aa47f
10203136	8002f2e4	44fc14c94d1b7423
10207232	8002f2e4	34d59386e39ceeb0
10211328	8002f2dc	4e81719cdfbaab75
10215424	8002f2dc	52b5faa9f93b3cd7
10219520	8002f2dc	c19827fb66e50fdc
10223616	8002f2e4	28be109ef7674ca3
10227712	8002f2e4	1dd95bb230c8b48f
10231808	8002f2e4	7abf6d9b863d52dc
10235904	8002f2dc	b568af2af50fa338
10240000	8002f2dc	e8b089691ba6e373
10244096	8002f2dc	eadd0be87f723fe8
10248192	8002f2e4	ebee2397849451a2
10252288	8002f2e4	bd550ab05703d947
10256384	8002f2e4	57036aa1ec7dba34
10260480	8002f2dc	b66c6a18fb9516ef
10264576	8002f2dc	3d97f2af3d50877c
10268672	8002f2dc	6778c1fc3b208dbc
10272768	8002f2e4	ca2115c224bc5b8f
10276864	8002f2e4	de323c7635c30f93
10280960	8002f2e4	67089d5cacf593c4
10285056	8002f2dc	541735fdb058e739
10289152	8002f2dc	65407a94f6ae66af
10293248	8002f2e4	09221630b6e8ffff
10297344	8002f2e4	f46ac16a39427919
10301440	8002f2e4	b43e04684e04b674
10305536	8002f2dc	c98ff4c03141a997
10309632	8002f2dc	0fa2a1d31013183f
10313728	8002f2dc	baa7501a3276c339
10317824	8002f2e4	39d94f7341091c2b
10321920	8002f2e4	29e5d3cfcded1bb6
10326016	8002f2e4	10209b6c1b84463d
10330112	8002f2dc	c9894e30292a814d
10334208	8002f2dc	4c274618b6c6ac6a
10338304	8002f2dc	be24bd52d3a85081
10342400	8002f2e4	34decc4f5e06b872
10346496	8002f2e4	2c4c24673c30a8b8
10350592	8002f2e4	304a330764185aa9
10354688	8002f2dc	52f5f014b424f64a
10358784	8002f2dc	6031ee5977bf0ae1
10362880	8002f2e4	75e9785fc3dd114a
10366976	8002f2e4	cbceb4d4aec22393
10371072	8002f2e4	871163ef249e90df
10375168	8002f2dc	84d21179d4fb2cf0
10379264	8002f2dc	4202e86d96348f18
10383360	8002f2dc	d6374885dfafee6f
10387456	8002f2e4	e97c7213c94b15ff
10391552	8002f2e4	38cdd13078fe333f
10395648	8002f2e4	c55574774cba6c39
10399744	8002f2dc	2a5f83524c3550f2
10403840	8002f2dc	a428fd3baf929733
10407936	8002f2dc	a2d8bf036a39407d
10412032	8002f2e4	29491774198745b2
10416128	8002f2e4	744b8039a2204509
10420224	8002f2dc	a81ea32dc4c34b18
10424320	8002f2dc	09316da4638217a6
10428416	8002f2dc	52153a40f17dd120
10432512	8002f2e4	ad2628e4fb711584
10436608	8002f2e4	7c63d5aff9182b26
10440704	8002f2e4	3a56d4b7e08f2d5f
10444800	8002f2dc	027d6f9d69e0a417
10448896	8002f2dc	2e35af939a0e0dc3
10452992	8002f2dc	0ab4c4b3be362972
10457088	8002f2e4	687b169f35987875
10461184	8002f2e4	f59e1f9d18485801
10465280	8002f2e4	f89522ea568dae12
10469376	8002f2dc	8b33987ad5edb1a4
10473472	8002f2dc	26f38bcb4fd8fe49
10477568	8002f2e4	0776818ee41e2702
10481664	8002f2e4	30a8862e57c9b643
10485760	8002f2e4	9a4b362fc30b83d5	f2ebe683d2586ebd	7bed8159bb569479
10489856	8002f2dc	079aff9c2f4601b2
10493952	8002f2dc	dc98c58eb728d478
10498048	8002f2dc	3171b6796b3c4186
10502144	8002f2e4	f22871a2b37800d4
10506240	8002f2e4	adc8008f482250f5
10510336	8002f2e4	fbdf5e8e815beecf
10514432	8002f2dc	861105aa0bae30cb
10518528	8002f2dc	0e23e165d9875a9b
10522624	8002f2e4	1869c44d09805981
10526720	8002f2e4	5b138d4afa5efd83
10530816	8002f2e4	46eccfd6c7975ce7
10534912	8002f2dc	d7227a9c950cac44
10539008	8002f2dc	bc505576b15a1c92
10543104	8002f2dc	f31360f2faa4c3a7
10547200	8002f2e4	6c0250201ad86665
10551296	8002f2e4	e0ee9bc5a6d7bb8d
10555392	8002f2e4	cee8f80d0b6efc0b
10559488	8002f2dc	f46e7ace6f142b71
10563584	8002f2dc	7f704d90923904c3
10567680	8002f2e4	0e0445199a42926c
10571776	8002f2e4	0105863d6ec834eb
10575872	8002f2e4	0406ed5f698d6a90
10579968	8002f2dc	933a2ba7b330188a
10584064	8002f2dc	769d45df9dc693db
10588160	8002f2dc	d32a830c97d7e7a1
10592256	8002f2e4	7f9a9157608b3e1c
10596352	8002f2e4	9ba791b1f4927a13
10600448	8002f2dc	ad95032fa87d3c88
10604544	8002f2dc	c21136f93543cab7
10608640	8002f2dc	fbc42354f34a478e
10612736	8002f2e4	d58deb316042f3de
10616832	8002f2e4	bffab997851e0cd7
10620928	8002f2e4	c2e9b5149d519048
10625024	8002f2dc	add2bc81b46a47de
10629120	8002f2dc	ede78b801a32fa05
10633216	8002f2dc	6fec115f3ad73923
10637312	8002f2e4	a7f143b4908e2356
10641408	8002f2e4	85b3b5633ea7c255
10645504	8002f2dc	4897bccc3a5ed1e4
10649600	8002f2dc	9c82f2cc55468d09
10653696	8002f2dc	d3bbe88176b9b5a4
10657792	8002f2e4	479af7802e64d76b
10661888	8002f2e4	fa86ddc15952422a
10665984	8002f2e4	60f8e2d43a70b177
10670080	8002f2dc	95b475bdf5f6d2f5
10674176	8002f2dc	8b88e9423cd75eff
10678272	8002f2e4	2cfe4ed90ae72103
10682368	8002f2e4	330bc008c1107f86
10686464	8002f2e4	0965bfebf8c21e09
10690560	8002f2dc	bc24e9f6b748c164
10694656	8002f2dc	2fce3bf283d6bcd1
10698752	8002f2dc	bd5051a6967aec34
10702848	8002f2e4	19e72acdd13c1b0f
10706944	8002f2e4	452d47e79a138d64
10711040	8002f2dc	3f38425d6896c673
10715136	8002f2dc	c7fbd5f6c9579bb5
10719232	8002f2dc	90802421a3c210f8
10723328	8002f2e4	a08eb5cf47aef346
10727424	8002f2e4	cce4f4924379f119
10731520	8002f2e4	ec6e9fd6eab677b5
10735616	8002f2dc	2070b6e9abe29816
10739712	8002f2dc	64c794701f1cea36
10743808	8002f2e4	16fc476165e4fa28
10747904	8002f2e4	01a4720f48d441d9
10752000	8002f2e4	4c8cf16c02fb6fe5
10756096	8002f2dc	6d42c8ff401089b0
10760192	8002f2dc	25c56ae401847003
10764288	8002f2e4	eaff4301d507633e
10768384	8002f2e4	15915302de4a7605
10772480	8002f2e4	dbaa2461c4d50598
10776576	8002f2dc	d2e2dc3ebf052b00
10780672	8002f2dc	860cd8186101af52
10784768	8002f2dc	aaab58029a57e41d
10788864	8002f2e4	aa52561906e4a861
10792960	8002f2e4	40119802f6e399c7
10797056	8002f2dc	ead08d9a5d87de6e
10801152	8002f2dc	4e1039c9e889ed37
10805248	8002f2dc	d0fea4b28e38d695
10809344	8002f2e4	b45ef87d18f53ea2
10813440	8002f2e4	e502e0d26fc0c3c1
10817536	8002f2dc	6b8916a8b9999eec
10821632	8002f2dc	fe736af6bcdd4548
10825728	8002f2dc	224bc6d46e3c8025
10829824	8002f2e4	71c457d06ea6e58c
10833920	8002f2e4	0a842ef4e4518b2f
10838016	8002f2e4	539c52be7dbe7a2e
10842112	8002f2dc	6a5eb8a842e31d86
10846208	8002f2dc	d2adf2adf637f2c4
10850304	8002f2e4	117fb956fcc768c8
10854400	8002f2e4	f44bc264012ca1f3
10858496	8002f2e4	7abd830a7a5a01bb
10862592	8002f2dc	58524f82a5a7bfc3
10866688	8002f2dc	ffc8b9aec41c040f
10870784	8002f2e4	08f06ddbeacea4a5
10874880	8002f2e4	30af27dcd21db7df
10878976	8002f2e4	8d7b974b9709b02c
10883072	8002f2dc	fb4555f77bfa3d38
10887168	8002f2dc	164a3343d808c736
10891264	8002f2e4	b853f9f4f03ad5f3
10895360	8002f2e4	82d82d9d9d736258
10899456	8002f2e4	cce34a97d0976561
10903552	8002f2dc	251ae653077a6206
10907648	8002f2dc	58aa65038807257a
10911744	8002f2e4	72d323ef3b7fb053
10915840	8002f2e4	f24c115e00a18d24
10919936	8002f2e4	09790d06216b76a8
10924032	8002f2dc	db9c783829c895bb
10928128	8002f2dc	e83930482ffa22ca
10932224	8002f2e4	2b1f37110892fcef
10936320	8002f2e4	964ee60ca6c0c213
10940416	8002f2e4	9a03428adf9eaf82
10944512	8002f2dc	992ad8fd9031a786
10948608	8002f2dc	b532f582fa4acd30
10952704	8002f2e4	c31c85152ced5eab
10956800	8002f2e4	ba39a7c5d52e31f1
10960896	8002f2e4	1ef9c92e61e186f6
10964992	8002f2dc	0a7e2f9bb5b3a4cd
10969088	8002f2dc	fc74c32d151d8d4b
10973184	8002f2e4	c388221acd0f5313
10977280	8002f2e4	7274646a623b2a52
10981376	8002f2e4	9e769a63dad21c68
10985472	8002f2dc	bb112b3edfa311f3
10989568	8002f2dc	2e87b0cf9484320e
10993664	8002f2e4	221946cc4146c974
10997760	8002f2e4	153c95d4b753dbd4
11001856	8002f2e4	3bf8afdef54733f5
11005952	8002f2dc	f6d62cf4676cd54a
11010048	8002f2dc	bff3b4c68908fd41
11014144	8002f2e4	7574bd51ea96da13
11018240	8002f2e4	b2d3da4bfc0402be
11022336	8002f2e4	b1abb4cf05dced14
11026432	8002f2dc	6be6ddc5f812b705
11030528	8002f2dc	9d6fc687cd2e149a
11034624	8002f2e4	e745974b8f42996d
11038720	8002f2e4	ccaa5cb2a6d241a5
11042816	8002f2e4	ff52c608a26801c8
11046912	8002f2dc	3f1d89e49b095220
11051008	8002f2dc	c8300d6dd9e3efb8
11055104	8002f2e4	b9b4dac9f9919acb
11059200	8002f2e4	4ba03590cbf9de71
11063296	8002f2dc	4f1212861dd201a2
11067392	8002f2dc	61808dbd471a7197
11071488	8002f2dc	f9e8e7f690d3e193
11075584	8002f2e4	e30af0d0f8b8fba4
11079680	8002f2e4	1a02332bab018d19
11083776	8002f2dc	816a0f9c42370276
11087872	8002f2dc	898b3ecd823d2b0a
11091968	8002f2dc	09115adb02845337
11096064	8002f2e4	9733020b37e3e423
11100160	8002f2e4	d4229ed1a2e60c9b
11104256	8002f2dc	8361b02f84d40ebc
11108352	8002f2dc	247284ad8164a6b3
11112448	8002f2e4	33f9226b375fc046
11116544	8002f2e4	4a4c573f4665928e
11120640	8002f2e4	1cda98f6d9c329c9
11124736	8002f2dc	4c4c42ed74d3f4e3
11128832	8002f2dc	4fdf3be1d13ec6ff
11132928	8002f2e4	97f05d8df61c943f
11137024	8002f2e4	92d4e8bc172490cd
11141120	8002f2e4	e0ab2f509fc22b30
11145216	8002f2dc	7d59e36e59b7534f
11149312	8002f2dc	7d62eff3930c3a5f
11153408	8002f2e4	a5d2d35bf3899374
11157504	8002f2e4	d1a5bd55322c90ca
11161600	8002f2dc	01567a46f9c1c3a4
11165696	8002f2dc	f9d6ccd339faf7f5
11169792	8002f2dc	4146291ab9236fde
11173888	8002f2e4	81d355c94e939d9a
11177984	8002f2e4	5ec15a251a864053
11182080	8002f2dc	111b89b3a2d2e7f2
11186176	8002f2dc	9b88bd431cd0ad88
11190272	8002f2e4	71133fe5184689b2
11194368	8002f2e4	904a5bc2fa8a01b5
11198464	8002f2e4	47a867f69bc22982
11202560	8002f2dc	37be8c302116e283
11206656	8002f2dc	eb313795cfd79127
11210752	8002f2e4	f63eb4f74da03355
11214848	8002f2e4	6f7d8c23000841cd
11218944	8002f2dc	de4c4ae1afbcbfc3
11223040	8002f2dc	239b1bda8143a4d1
11227136	8002f2dc	93f24d02f1930079
11231232	8002f2e4	975790048606fa10
11235328	8002f2e4	dcadd2c9ce3db743
11239424	8002f2dc	8261040485e03837
11243520	8002f2dc	160e082d399cd13b
11247616	8002f2e4	e7e2659a3e6d7ce5
11251712	8002f2e4	acb6d8d2e1d93b7b
11255808	8002f2dc	b2b72685c19f74bb
11259904	8002f2dc	65c84370656c76d5
11264000	8002f2dc	9eba0c1406ba0420
11268096	8002f2e4	9b4340f19462f45c
11272192	8002f2e4	f8df5bac62c29da7
11276288	8002f2dc	31c4a350777c80da
11280384	8002f2dc	951ff72e076ee77b
11284480	8002f2e4	52502ad2d4594b31
11288576	8002f2e4	1cc55cd7a09573cd
11292672	8002f2dc	222d4c107f0e66b4
11296768	8002f2dc	3e31d7e5e2511e25
11300864	8002f2dc	f8933cd92ec2c0ba
11304960	8002f2e4	c37590033bc665be
11309056	8002f2e4	ee4da94f969434e6
11313152	8002f2dc	ef9bf2c287e6604f
11317248	8002f2dc	5f96dcdb44c49c96
11321344	8002f2e4	f3259d23084ab131
11325440	8002f2e4	75dc8412884f0049
11329536	8002f2dc	479e8cdc948287c5
11333632	8002f2dc	01e2b3a3c752da95
11337728	8002f2dc	2b6f72c877ae53ca
11341824	8002f2e4	38c182b963d95752
11345920	8002f2e4	370ae1ece0d0dfe9
11350016	8002f2dc	eb73bf3e561d895e
11354112	8002f2dc	1a594213f0c74373
11358208	8002f2e4	f5c28ca788e5d7cd
11362304	8002f2e4	7393e60b70c6aa0c
11366400	8002f2dc	0744272ce6b0f3af
11370496	8002f2dc	ad404b7b65cbb392
11374592	8002f2e4	ea581807c4779269
11378688	8002f2e4	4dde7bd714d2efac
11382784	8002f2dc	fa4ba64463cbc756
11386880	8002f2dc	bc869c0cbdcd1cfc
11390976	8002f2dc	142c476285c34152
11395072	8002f2e4	c5004e6909619881
11399168	8002f2e4	d50c7671da0f7da7
11403264	8002f2dc	c444398f9ce69011
11407360	8002f2dc	c059df9a3d425057
11411456	8002f2e4	50f5bdba3acde250
11415552	8002f2e4	d6155cf751c93fce
11419648	8002f2dc	ffe5aa1848e09ad8
11423744	8002f2dc	0ef559bf5eb5d68f
11427840	8002f2e4	5c02765654c76919
11431936	8002f2e4	848597bb23f9a9c8
11436032	8002f2dc	4836fa08a8a52442
11440128	8002f2dc	10586f8b83e33419
11444224	8002f2e4	5fad2fb94501678d
11448320	8002f2e4	1b54fbd4b4ae8106
11452416	8002f2e4	3f9c4d1dac75f59f
11456512	8002f2dc	436d4d0b7a8c089b
11460608	8002f2dc	bff15c9a8b8d8274
11464704	8002f2e4	012fa8caa9745398
11468800	8002f2e4	70a57c5e9c5e71aa
11472896	8002f2dc	cacfe2705f17bbf1
11476992	8002f2dc	4a95013230b129f8
11481088	8002f2e4	d64acd11fd963e56
11485184	8002f2e4	25cd73e9f351e255
11489280	8002f2dc	e24e6083f94cc2da
11493376	8002f2dc	702e344f4dbca916
11497472	8002f2e4	8c1da036e8f5e977
11501568	8002f2e4	4ff12fd0f893121a
11505664	8002f2dc	38c9e1b2c32f8b4e
11509760	8002f2dc	d978ba8cb22f4246
11513856	8002f2e4	7e8be9bece8abe2e
11517952	8002f2e4	f4fae6b3482c09cc
11522048	8002f2dc	ee8d07cd9b17217b
11526144	8002f2dc	a56a374b01b3945c
11530240	8002f2e4	8b2f83724c028383
11534336	8002f2e4	4450588753202474	efc4b1bc7064bf04	7bed8159bb569479
11538432	8002f2dc	def61e6e2f12d634
11542528	8002f2dc	137cdc98cf4ca264
11546624	8002f2e4	253952980fa1c5c1
11550720	8002f2e4	554a6ab6ad3f5af9
11554816	8002f2dc	e719b6b87ae488e1
11558912	8002f2dc	e979ac3af0a2d926
11563008	8002f2e4	1d302c568b6450b5
11567104	8002f2e4	be2b101b6df882d4
11571200	8002f2dc	0b678acaa7e31747
11575296	8002f2dc	40127bb736cf1d24
11579392	8002f2e4	4a0d6f1797db43d2
11583488	8002f2e4	d6af8a73281b1747
11587584	8002f2dc	f9b35f9d4ad088d7
11591680	8002f2dc	57c5cb733c89adc4
11595776	8002f2e4	a559653160c28fee
11599872	8002f2e4	138c73649a6442a1
11603968	8002f2dc	8deb84d01c542bd5
11608064	8002f2dc	8981779b0ce0c2d1
11612160	8002f2e4	8dc1477187be654e
11616256	8002f2e4	94451f24bd6a91c5
11620352	8002f2dc	151e147d60801e31
11624448	8002f2dc	50533667c3d2cb15
11628544	8002f2e4	7f533d3c6bc79d18
11632640	8002f2e4	a2ec51c0ef61ccf3
11636736	8002f2dc	d560d4772a1f4c03
11640832	8002f2dc	98257fe48fd363f0
11644928	8002f2e4	37e052448fa557c4
11649024	8002f2e4	2a46b75c9ae13538
11653120	8002f2dc	19540fd6374db297
11657216	8002f2dc	d9592baa1e44a7ea
11661312	8002f2e4	cf1531ef95b8ce17
11665408	8002f2e4	672e0fe6d5e92ecc
11669504	8002f2dc	249bb21aa63b72b5
11673600	8002f2e4	9ccf0b406813929a
11677696	8002f2e4	fd25dd3deb360ddd
11681792	8002f2dc	f7697f8039d428f6
11685888	8002f2dc	b1da3eb3efd0d788
11689984	8002f2e4	6f0dae723900a954
11694080	8002f2e4	3c0c666e485bdce6
11698176	8002f2dc	3235a5f1e99e0ff7
11702272	8002f2dc	9d3dbb51550a3f20
11706368	8002f2e4	75e3a15142aee9be
11710464	8002f2e4	674c5b9bb51d8941
11714560	8002f2dc	54d0dd8f0932c460
11718656	8002f2dc	d6deb5e7a755c890
11722752	8002f2e4	9d8b78aa3a602630
11726848	8002f2dc	2567f711f17d5b3c
11730944	8002f2dc	edc2d43ca57e2728
11735040	8002f2e4	371b0a399a103fb7
11739136	8002f2e4	a62bddd4c7e1dcaf
11743232	8002f2dc	3c222127edd3f591
11747328	8002f2dc	1d8181e1ce53b75d
11751424	8002f2e4	174f0d78a880e01f
11755520	8002f2e4	42f8625e763b949f
11759616	8002f2dc	6834fa07389f3b20
11763712	8002f2e4	9eeffa76c39b21a3
11767808	8002f2e4	89b4b604908eb9b8
11771904	8002f2dc	ece685844a5ba67f
11776000	8002f2dc	75aa49d55457b0e7
11780096	8002f2e4	8e37a2d4bf57e973
11784192	8002f2e4	7f3c3d2cd32212b6
11788288	8002f2dc	a2ab9fbfcc9fff3e
11792384	8002f2dc	59bbe974b6c56f9f
11796480	8002f2e4	3f9fde65dd98d38a
11800576	8002f2dc	1a0e206815291e0b
11804672	8002f2dc	48aef62e0b7c33d1
11808768	8002f2e4	5b39fe1461d6daf8
11812864	8002f2e4	fae75c2699d09734
11816960	8002f2dc	e4ad65d54c88f4e2
11821056	8002f2dc	dbca99406131569d
11825152	8002f2e4	c302b4bd75438887
11829248	8002f2dc	f0e78e2c1a37d4a8
11833344	8002f2dc	0fa8a9ecb787d486
11837440	8002f2e4	28884897c125e016
11841536	8002f2e4	663970c5c494bacd
11845632	8002f2dc	1ecd9a31bbf470dd
11849728	8002f2e4	3e8b4d9220de9bd8
11853824	8002f2e4	429fd81f6981b941
11857920	8002f2dc	54228b6e5f6a023a
11862016	8002f2dc	72649371214e7ca4
11866112	8002f2e4	1d7980f460334c03
11870208	8002f2e4	81985a11ef321623
11874304	8002f2dc	09cfded2418a098e
11878400	8002f2e4	449f777d6a7bbdec
11882496	8002f2e4	d9779f5273659c88
11886592	8002f2dc	73981e801085d63b
11890688	8002f2dc	a6f16b5c03deb9e6
11894784	8002f2e4	154bc577a180b627
11898880	8002f2dc	8e002c7c5c59d1fd
11902976	8002f2dc	8881341592f81f51
11907072	8002f2e4	44391aa57e5bf9db
11911168	8002f2dc	03d21ead21313d9f
11915264	8002f2dc	7840f5da8f7595d2
11919360	8002f2e4	16d83861423b2399
11923456	8002f2e4	fd8e4a3b7289113f
11927552	8002f2dc	e7bb72a27c1467f5
11931648	8002f2e4	645d0f9a58e89eba
11935744	8002f2e4	f194460e8be9ec14
11939840	8002f2dc	30c968feca38161b
11943936	8002f2dc	7dc138fd6602b4b7
11948032	8002f2e4	a4b31e94163b6846
11952128	8002f2dc	8525e642b2d13bbc
11956224	8002f2dc	5a5f6b4e6b44bbf3
11960320	8002f2e4	66c0b20f98e6bf27
11964416	8002f2dc	ff5339b5404fe508
11968512	8002f2dc	aa5502b0d94a62dd
11972608	8002f2e4	58352bde04ee83ff
11976704	8002f2dc	d7618fcb7bee24f4
11980800	8002f2dc	1d9b53e3e1c8d74f
11984896	8002f2e4	6c6f95d8df03bafb
11988992	8002f2e4	0012f527d48e45bc
11993088	8002f2dc	c83259b9cf7e52c6
11997184	8002f2e4	997fd704255f6e3d
12001280	8002f2e4	4e412bdb0e318f7b
12005376	8002f2dc	c1f207fd822d31cd
12009472	8002f2e4	ded05500075a2b9e
12013568	8002f2e4	03df45628f14f5fd
12017664	8002f2dc	315ac206329f4cfa
12021760	8002f2e4	963aa4b1ea99a2cc
12025856	8002f2e4	61a96d5e48b4e10e
12029952	8002f2dc	9e239fe999a498d6
12034048	8002f2e4	feca8209ea29b885
12038144	8002f2e4	5d9914be2d699fb7
12042240	8002f2dc	74fed304be446a19
12046336	8002f2e4	2fc7cda99c8abc69
12050432	8002f2e4	1cf125224fbdd23a
12054528	8002f2dc	6ae4ad420bd29881
12058624	8002f2e4	713429d514a286a8
12062720	8002f2e4	9c1fb84d89c619df
12066816	8002f2dc	73df53daf811704a
12070912	8002f2e4	d906bb0332f940ed
12075008	8002f2e4	5ee145cf6623f483
12079104	8002f2dc	7d66ee3abcb703f0
12083200	8002f2e4	38226d30cd354935
12087296	8002f2dc	8b29ab3aeded9f41
12091392	8002f2dc	7250e195f81490d8
12095488	8002f2e4	b591db8ff17b2274
12099584	8002f2dc	2fd3a157df175da5
12103680	8002f2dc	71e72b3e4124fa8b
12107776	8002f2e4	dd709dc0e59de5a9
12111872	8002f2dc	a8c215190ac2f56b
12115968	8002f2dc	df54408e765aa8b1
12120064	8002f2e4	f37b774000c75282
12124160	8002f2dc	9f6a4ec3eb94631e
12128256	8002f2e4	d6c0e8b55339dc11
12132352	8002f2e4	7eed5343a7d4e74e
12136448	8002f2dc	5759340d7b6e0515
12140544	8002f2e4	27ae28ddd9db2ce3
12144640	8002f2e4	abc678ae68cfaca7
12148736	8002f2dc	349c42bc6543a99f
12152832	8002f2e4	2b893f1f0faa1f52
12156928	8002f2dc	47b3f0f2ef5735d7
12161024	8002f2dc	71c67cf83779b09e
12165120	8002f2e4	336b20243b84e274
12169216	8002f2dc	87c103db0bbbfbb2
12173312	8002f2e4	0bdb03326c3ba05d
12177408	8002f2e4	7209005bdd5d0fb4
12181504	8002f2dc	259b5725f815aaeb
12185600	8002f2e4	30ff064c7a0dadd5
12189696	8002f2dc	80666ad3196d4c8b
12193792	8002f2dc	72eb834199b947bb
12197888	8002f2e4	7c965ea3ae30d9ae
12201984	8002f2dc	69e2a745e2b5c8c6
12206080	8002f2e4	02b9d3cf911f5a8a
12210176	8002f2e4	6dab50eab41293ef
12214272	8002f2dc	793affe144dea2a9
12218368	8002f2e4	226ca88b824cf889
12222464	8002f2dc	81193f40dd5e1cd6
12226560	8002f2dc	5c0b9788ca5551d2
12230656	8002f2e4	d7c897b15aac517e
12234752	8002f2dc	4fbb44bc6d54a033
12238848	8002f2e4	9d90cc35fe4f170b
12242944	8002f2dc	bca8fb95d217b0e6
12247040	8002f2dc	7648b42c526d97d8
12251136	8002f2e4	4d11406fab81c607
12255232	8002f2dc	a817cc4d341498ce
12259328	8002f2e4	f6711a8cea02f250
12263424	8002f2dc	812418025eed4460
12267520	8002f2dc	3c59228c4ab0c570
12271616	8002f2e4	c1c62b8575837412
12275712	8002f2dc	db5f0fe24e9dd88a
12279808	8002f2e4	93adec3390a6bb50
12283904	8002f2dc	32de0631d5153aee
12288000	8002f2dc	87272daee0ce810b
12292096	8002f2e4	3d2121fe236b2b4b
12296192	8002f2dc	13d434915aee412f
12300288	8002f2e4	568b6758ae0672f2
12304384	8002f2dc	e29c2ae80a96826c
12308480	8002f2e4	ca6e37a3391f4db1
12312576	8002f2e4	b340eaf86a895c82
12316672	8002f2dc	112eb0cfe13fc46c
12320768	8002f2e4	976885ad747c0066
12324864	8002f2dc	52915aa878111e55
12328960	8002f2e4	f39acadb55461741
12333056	8002f2dc	0cb068eedd1b7c1b
12337152	8002f2dc	2312cb11267285dc
12341248	8002f2e4	a4b4d08f5fe82a16
12345344	8002f2dc	ca47de52ab16a1cd
12349440	8002f2e4	b32423d4718f25ce
12353536	8002f2dc	48436402a657d52b
12357632	8002f2e4	442f70438721db89
12361728	8002f2dc	e8aba5520a16ad98
12365824	8002f2e4	5509ede4b3903333
12369920	8002f2e4	ecb67c308a71cc42
12374016	8002f2dc	4d6b6c24d2930a64
12378112	8002f2e4	edb970e162f43b07
12382208	8002f2dc	b69712545b3839ef
12386304	8002f2e4	434a1c8ac3262512
12390400	8002f2dc	bff50bc52fab59ec
12394496	8002f2e4	f2bbbbc43db82a8c
12398592	8002f2dc	36e0ff17e612c840
12402688	8002f2e4	d15772c98c300a92
12406784	8002f2e4	a72ed9e3dac65ff1
12410880	8002f2dc	d1f05f20a3e8fc3c
12414976	8002f2e4	fd0173344b86c1ff
12419072	8002f2dc	5512fe1a66ceb374
12423168	8002f2e4	0c02c1eb4011f471
12427264	8002f2dc	cc334c734bac5d54
12431360	8002f2e4	b895b2b6ffcaddd9
12435456	8002f2dc	5634ad80daf3f36c
12439552	8002f2e4	856a49cff116bb33
12443648	8002f2dc	2e0efdc4d24eb224
12447744	8002f2e4	cad4aa956e0b6edb
12451840	8002f2dc	e3f9d348d4689ba2
12455936	8002f2e4	dff40415f857b8d9
12460032	8002f2dc	5828743f8f32c080
12464128	8002f2e4	1fdfe7351a8621f6
12468224	8002f2dc	b01fa3c06f70bb58
12472320	8002f2dc	377b53ad9b5ae656
12476416	8002f2e4	b4d111ae217bfce1
12480512	8002f2dc	fdb9bfe13d2d2482
12484608	8002f2e4	98465ccf1060635f
12488704	8002f2dc	b1b8bcb081d7d8e7
12492800	8002f2e4	127fc4f630f60221
12496896	8002f2dc	6dec517b52bbfbbd
12500992	8002f2e4	a626107f027a6f7b
12505088	8002f2dc	81a70661073a6956
12509184	8002f338	2667483c53edd317
12513280	8002f318	830dd417b64cb674
12517376	80010abc	458d948f49a24355
12521472	8002f324	fcc9864e5fbc7b86
12525568	8002f318	de41af2e5b3715a8
12529664	80010abc	af28cab85f50d216
12533760	8002f320	257c843f596a3aea
12537856	80010ac4	0a61b1868ab219c8
12541952	8002f32c	bacd73ddbc210348
12546048	80010acc	e8c7e9c376cbc8b5
12550144	8002f334	427811da0e8d38ce
12554240	8002f344	32dcc788c40c4c76
12558336	8002f33c	c51373d05e4d4cf4
12562432	8002f334	e67ab989cb443304
12566528	8002f334	859ffdc221751062
12570624	8002f334	1ebe4d3e3a696185
12574720	8002f334	0fa64631e0bcbacd
12578816	8002f648	344691bd4c43d528
12582912	8002f6c0	011fa90562307ac6	3903250cf312e571	7bed8159bb569479
12587008	8002f668	c50419926e66a1f7
12591104	8002f66c	e013478aeccb9094
12595200	8002f670	a5a45524c4cf8038
12599296	8002f6f8	2ab5e40240815d69
12603392	8005ae04	3aaf7b6b32060501
12607488	80010ae0	3ef04ef2b28e42e0
12611584	8005ae44	6b048df265f34af7
12615680	8003d760	0344e5ca052b758b
12619776	8005aeb8	d3f6d617df0f2fad
12623872	8005adc4	8410ec4a7fa8e697
12627968	8002f6f8	399b41b14bcf3347
12632064	8005ae04	ecdb13861b5aee2e
12636160	8002f78c	ec80414548f9e4b0
12640256	8002f7b4	8bb024802f02fb8a
12644352	8002f7b8	1905df18fc300745
12648448	80049564	d95e079b662079aa
12652544	80045168	289c94a62608001c
12656640	80049568	155c8eb53e86e9be
12660736	8004959c	de3ef01237f268e6
12664832	8004957c	07d15456743c3a0f
12668928	8004955c	eb320292f761676e
12673024	80049550	c6e712ebc11bc8a4
12677120	80049588	a4885d7f6883030a
12681216	800464cc	966c024994a047e4
12685312	8004959c	6b7b6e81936864b6
12689408	8004957c	a1ae297db960b951
12693504	80049570	511098fb2a03ce05
12697600	80049550	caa66175b6d0b449
12701696	80049588	cf80cc19e7d94b4b
12705792	80049564	6e0de43dd89816a4
12709888	8004959c	1ff9e305e3f1e120
12713984	800490b8	fe084d9c84508a9e
12718080	80049570	1ac5d280cfb03d14
12722176	80049550	e0e1f147fb2e3b74
12726272	80049584	94265d892ba6dcdd
12730368	80049564	eb798bd6cff3747f
12734464	8004959c	4733ba41ec471fd2
12738560	80049590	ef9c47e12a618cdc
12742656	80049570	7b7cfdf584c30e45
12746752	8004523c	e56224f018bb519b
12750848	80037aa4	4e753c7f8ef30835
12754944	80037aac	d4081ee80cad4657
12759040	80037ab0	06fbe99289991db4
12763136	80037aa4	aeeb61189d7031af
12767232	80037aac	102a9d043dc21d42
12771328	80037ab4	758db4672ef219a4
12775424	80037aa8	eba109d685508a46
12779520	80037ab0	7e21a375a522501d
12783616	80037aa4	2fbdebb8c594459c
12787712	80037a84	163759d7c35e501b
12791808	80037aa8	27d92d6e0740c883
12795904	80037ab0	0563d5e67593791f
12800000	80037aa4	e8451d800f516542
12804096	80037aac	81e186bcac4617ad
12808192	80037ab0	f7f855f5b13d153d
12812288	80037aa4	6a683564b8cb0934
12816384	80037aac	34bef950971e9ec3
12820480	80037ab4	b82333e1723b74c3
12824576	80037aa8	68ba6685b8e2dcad
12828672	80037ab0	2fab7337bd575a73
12832768	80037aa4	beb5b9a02e1f6e85
12836864	80037a5c	20dd9609c45f8b95
12840960	80037aa8	6ffcf519aaa50e9b
12845056	80037ab0	cb75f4d9a7b66bfd
12849152	80037aa4	fdddf3d313848ef5
12853248	80037aac	334629241307c019
12857344	80037ab0	4ce9c60b398e2062
12861440	80037aa4	fac8d7643cf5ed69
12865536	80037aac	11fe219259438585
12869632	80037ab4	badf2cc9ce35620d
12873728	80037aa8	341bd44dcdc17fc0
12877824	80037ab0	bc2dd1ee768f7ba6
12881920	80037aa4	dac512ef95d2fd9b
12886016	80037ac8	d71aa9a3ab210e72
12890112	80037aa8	114380354493bbda
12894208	80037ab0	14806837d9608850
12898304	80037aa4	44c0b933c0bf3d3b
12902400	80037aac	a46e8e1d39d9e360
12906496	80037ab0	163582edef3f997d
12910592	80037aa4	05711606657a4699
12914688	80037aac	fc424d811078999c
12918784	80037ab4	e7932ceaa140126a
12922880	80037aa8	0cebcfcc707e07f2
12926976	80037ab0	6a8769fb3874df09
12931072	80037aa4	aa8b7b3e1c3e697b
12935168	80037ab4	64cd0bc909b59460
12939264	80037aa8	b4ef7623fad63d97
12943360	80037ab0	13d40ca2066ee96f
12947456	80037aa4	b5ce95f89586ec50
12951552	80037aac	08550575d7b99e04
12955648	80037ab0	e61bec7cbab4e073
12959744	80037aa4	ed3a6f0ab609ed50
12963840	80037aac	b280adfcee93425c
12967936	80037ab4	6239bc083f19cb22
12972032	80037aa8	f81396fe3b3b3591
12976128	80037ab0	5880fc71724cc7ee
12980224	80037aa4	dd358a661e8f4c00
12984320	80037ab4	d2f406bd81138380
12988416	80037aa8	95064ec238ab375a
12992512	80037ab0	8865bca8d7107c41
12996608	80037aa4	84d1582aff30d7c2
13000704	80037a84	88b678f401186d61
13004800	80037ab0	a925ff820e067a77
13008896	80037aa4	c3621030b617eca2
13012992	80037aac	9d3d2f9bc7e82e57
13017088	80037ab4	32804ffb12dd3fcc
13021184	80037aa8	4df3ff485ce1c935
13025280	80037ab0	5b93685e2db28f25
13029376	80037aa4	4d246bfe8b2e4b91
13033472	80037ab4	b5637eda03bd7a12
13037568	80037aa8	2b4b10cb47bd5abe
13041664	80037ab0	2ee4f6770c6559b8
13045760	80037aa4	b38a96289a1b151d
13049856	80037aa8	516c8538043d816c
13053952	80037ab0	d4d46e26d6a130dc
13058048	80037aa4	7fdb7817d9cf8519
13062144	80037aac	a5e6898031fd7811
13066240	80037ab4	c13d982ae3d473a6
13070336	80037aa8	a09ecde435a0226b
13074432	80037ab0	acbf31149378a51e
13078528	80037aa4	150d430ba7824ecb
13082624	80037ab4	8866cb28d05d057a
13086720	8004957c	ab362503ede87adf
13090816	80049598	335adef6b407ff47
13094912	80049574	a2b977d27a9a2fc5
13099008	80049554	d28da00379aeff5f
13103104	8000f4dc	d0cd4d469bb66456
13107200	80049598	02fe315cfa0c8ce3
13111296	800495a4	402b30b58c05bf59
13115392	800494e8	ec33d340afc1c2d0
13119488	80049558	6033b751d150b24a
13123584	800494fc	2ad523781c6568aa
13127680	80049564	9989a01438145e60
13131776	80049570	f3fea21a2fff646c
13135872	80049500	322b4f9f4dbaf222
13139968	8004957c	42228c3614ea4efc
13144064	80049588	bd7cf38d9b019d3e
13148160	80049504	7c652f1f055114f3
13152256	80049594	87f94df32ede9963
13156352	800495a0	b8c70827154cc167
13160448	80000738	e0fa76cc8e90629d
13164544	80000790	09131643d5a7b234
13168640	80000794	f18be1d2e85853e6
13172736	80000798	4839f6b194588729
13176832	8000079c	1d1b41d8bab86887
13180928	800007a0	00aa852e8f16a1d9
13185024	80000790	672f7d0f9449dead
13189120	80000794	f961ad92ef200bb8
13193216	80000798	5e63f47ee821b654
13197312	8000079c	16bec361425420d5
13201408	800007a0	e6a1a8f2ccb5bbde
13205504	80000790	f14abf89fce4cbc3
13209600	80000794	2e4dc4c57fb65582
13213696	80000798	5bd16b4c26be816a
13217792	8000079c	6646009ecdd4e94e
13221888	800007a0	368798ef7c550c72
13225984	80000790	5b2298429eed8c87
13230080	80000794	ef7e357c693b15de
13234176	80000798	b951b8ecdc54ef98
13238272	8000079c	3f0cf0b65d5b8679
13242368	800007a0	e65dc5501a6afa6e
13246464	80037aa8	fab99aef46471055
13250560	80037ab0	8e661c7a80b141f4
13254656	80037aac	8c7d284d506254ce
13258752	80037ab4	5f4610b3e110ac18
13262848	80037aa8	fa0a4f617bebd05b
13266944	80037ab0	f27d1f2f325faaf0
13271040	80037aa4	a2a46beaec7cb83d
13275136	80037aa8	cdfba27f6c2bcd26
13279232	80037ab0	b884b9483f58c640
13283328	80037aa4	e59278f5b2c1b9fc
13287424	80037aac	1622786d4d6405f9
13291520	80037ab4	f20e58544f1e45c3
13295616	80037aa8	e6059b55b64ecfce
13299712	80037ab0	c8b639b1dab3b16b
13303808	80037aac	e6bea85cf14f1736
13307904	80037ab4	186b3326308603d5
13312000	80037aa8	ad0aee8f6c1c9f2b
13316096	80037ab0	00169b59dd53c7e0
13320192	80037a90	497d18f2aa2a15bc
13324288	80037aa8	54078c3768cb0aa0
13328384	80037ab0	ccde19cfa2a70f70
13332480	80037aa4	6d0e2dd94add6b07
13336576	80037aac	843fab2ba64eedef
13340672	80037ab4	24c1c58a1a5eace4
13344768	80037aa8	35df83df22975038
13348864	80037ab0	43d56f2e07dc8879
13352960	80037aac	05ef596d34521bd0
13357056	80037ab4	047ca29e75153850
13361152	80037aa8	b586852471cac607
13365248	80037ab0	f764979b9ba40b40
13369344	80037ab4	38e62d1a84d8f1b5
13373440	80037aa8	6cfee63a04699461
13377536	80037ab0	8dd4272e1878973b
13381632	80037aa4	1a80a53fdc5b237d
13385728	80037aac	4a4ff11d0c8df596
13389824	80037ab4	67c7d3bae853257a
13393920	80037aa8	9cf48e2e555a478d
13398016	80037ab0	fd655a2246914462
13402112	80037aac	8e48fcde4fa549b6
13406208	80037ab4	7919816b23697117
13410304	80037aa8	04a6be43e20d2c17
13414400	80037ab0	84c68f8f1f1cf2b1
13418496	80037ab4	c240d8408179cc48
13422592	80037aa8	eef2663caef7655b
13426688	80037ab0	289fe464571d22e0
13430784	80037aa4	f1a676e77a0a0c61
13434880	80037aac	2a9615b180c38e94
13438976	80037ab4	28cc32985fca05fe
13443072	80037aa8	0b85456649efe7a5
13447168	80037ab0	efe2e0d7eb98e3c0
13451264	80037aac	2ba70fdd1c3834be
13455360	80037ab4	d46bf1d0a981a737
13459456	80037aa8	b3b0c065356d39ce
13463552	80037ab0	ce164283de805e3c
13467648	80037ab4	b942fc71dec0b05c
13471744	80037aa8	01e3593fb4432463
13475840	80037ab0	d54a98e0d2b31300
13479936	80037aa4	87a963160374c32f
13484032	80037aac	ba9b50cb27a51681
13488128	80037ab4	a4ddd0e80af70afd
13492224	80037aa8	97aa20da1c06cd23
13496320	80037ab0	0bea58e21805657e
13500416	80037aac	9c408daf2340fd99
13504512	80037ab4	bb046a4f69f66a02
13508608	80037aa8	5ef1529ed0bf4662
13512704	80037ab0	9368ee674f5859d1
13516800	80037ab4	a57bad1c7f6d2e5c
13520896	80037aa8	8140014d193b74e2
13524992	80037ab0	a724d16eb82070e7
13529088	80037aa4	967a8c4eda8cf14a
13533184	80037aac	325b3c3f3313fcd5
13537280	80037ab4	28fabd37972406be
13541376	80037aa8	393b42b850ffd154
13545472	80037a88	75537dbf2dc24253
13549568	80037aac	c9af0b847c79dd91
13553664	80037ab4	094103ba9ba438e2
13557760	80037aa8	6ea5e8d46afef190
13561856	80037ab0	158969c0843c21e8
13565952	80037ab4	dd8c01b7156a5d8c
13570048	80037aa8	4fb8b7be69e735af
13574144	80037ab0	e14af1235c4fdbb2
13578240	80037aa4	7c8c7d60f1c0c8b3
13582336	8004959c	4f6ad800da4cff57
13586432	800495a8	60b7a94360525696
13590528	80049550	84f56cd9eae8aa82
13594624	8004955c	7ba8ce6a838960ee
13598720	80049500	d8e4f2dcd4de3e4d
13602816	80049568	e1f0d35f9d0536fb
13606912	80049574	8610cdc62eba43be
13611008	80049504	e8b1b74f678c428d
13615104	80049580	aa9aad239682f2a4
13619200	8004958c	4e8c260d6a6ada58
13623296	80049508	f06de80fbc20279b
13627392	80049598	cfa6c10229659b41
13631488	800495a4	ebbb216e0de497cf	43c779bb83d08487	ce36be7a861e13e0
