4096	80000024	1e5e6053fbab5918
8192	8000001c	2061bd9cd3852738
12288	80000020	6f1809304bbeaf10
16384	80000024	0eafa5fb67185038
20480	8000001c	556d8d6b4e419a8c
24576	80000020	318b02b27e1ae5e4
28672	80000024	60d337472688d616
32768	8000001c	38d1629e1448bb05
36864	80000020	4d7fac3d52c116e2
40960	80000024	e5af70cd24b4a8b8
45056	8000001c	afcee5006de7975e
49152	80000020	135944e1249ec8f2
53248	80000024	7f502321210d3aa3
57344	8000001c	09f587bd270685ba
61440	80000020	360578046ed206f2
65536	80000024	26e65fa7d9507f19
69632	8000001c	36d58431887cfb55
73728	80000020	05a9dfef6871e00d
77824	80000024	06b83e6a15bb32c8
81920	8000001c	06612665bb740033
86016	80000020	d94d442e97e2ca9f
90112	80000024	0b0d6e84b2539362
94208	8000001c	233ae26156541214
98304	80000020	95904e7f09730013
102400	80000024	eafcda656b59c68e
106496	8000001c	994d67df6006f5c2
110592	80000020	dec7d1ba507a1ea3
114688	80000024	fecd0676c42285fe
118784	8000001c	1d9f55f0e08d97d4
122880	80000020	96ee2cbf5d8a8f39
126976	80000024	9f1dcc0afd35c201
131072	8000001c	66a0d2db65110b73
135168	80000020	9b2710cdbb3be053
139264	80000024	b50ec10092be9cdb
143360	8000001c	60365744b85fdb4c
147456	80000020	f5d1e31252df250b
151552	80000024	ef2c1b96940e5612
155648	8000001c	42306b90b5416889
159744	80000020	75e133223176b878
163840	80000024	fca257cfa1bcbd8b
167936	8000001c	8d1f669f21adab9e
172032	80000020	9ce6bc1232496f71
176128	80000024	b3dfdac723dd6e6e
180224	8000001c	6e52be8cdc8c4a0e
184320	8003e250	6c63d17d559abca7
188416	80040d28	23e1ccc01fe3fb6f
192512	800445e0	40ef44126860d4cf
196608	80040d4c	13c38cf5fef0dd9d
200704	8000fa30	5e3eb04f7c9e724e
204800	8000fa34	8525c73f346fd818
208896	8000fa4c	2a63cb1e2083a191
212992	80049834	d051e842a00361ff
217088	8000fa58	1c550d80a8a130ba
221184	800497a0	ee3115020b49e797
225280	8004978c	83042c8ae73e9567
229376	8004fdf0	a173f0950758efcd
233472	8000fab4	920e2553ed8e2e37
237568	80049798	9fa51b7fbc7d17db
241664	8004977c	0390a12e11639589
245760	800543d8	1d7996a5da4b185f
249856	800497c8	f8ec8856ff4798e2
253952	8000fa38	1b8a42ee52e6e9f4
258048	8000fa38	0423d9b7d49454a6
262144	8004cb1c	092f4714a74e7216
266240	8000fab0	63d21315091cadab
270336	8004985c	73409d6d0da4a3e3
274432	80054380	51d1dc9e66b4b352
278528	800497a8	f2e50ca09ed92cf0
282624	80049860	86e5f03cdb63e3dc
286720	8000fa3c	4d82643ed01f25cb
290816	8000fa58	f427de06807a2a23
294912	80049834	77123e319c0a479f
299008	80049790	4041055741ef24ed
303104	80049784	a8468fdb25f70d44
307200	8000fa48	2b8a7930163edc71
311296	8004987c	0c7dc8724aebd204
315392	8000fa4c	1a14168aae55d97f
319488	80049784	86519ea3dbd6c558
323584	80049780	6cf4eb4d3c74c858
327680	80049784	bd9be050f6d16c24
331776	80049790	f9b579a442a7e3a0
335872	8000fa54	89febefdba0624c2
339968	8000fa54	9a584ce9fb8d9380
344064	8004985c	cc407a5ac8040eee
348160	80049834	973d07207bf60146
352256	8004977c	34f0ee93e6ccf1de
356352	80049858	9a49757dd070ff94
360448	80049774	1706094c3f0bc9bc
364544	800497c4	e6c2b0d4e070a906
368640	80049790	b61e95a23b42957d
372736	80049834	9b70349df95bf9cc
376832	8000fa38	f9b9b43a2462f2ac
380928	80049784	b369a28f94675d47
385024	800497ac	a2078befa135ab0f
389120	8004979c	dbe5cc4745814d1c
393216	8000fa34	1c2993284b0100fa
397312	80049838	b0c484219bce1d44
401408	8000faa8	0a61e4ea7e6b1136
405504	80049864	0cd5938ebffe6d0d
409600	8004983c	708e875632c8aa6a
413696	8004987c	1cafba7488413a21
417792	80049858	6bf73c95bce2cfe5
421888	8000fa98	dd2c5882f8d7eb37
425984	8004983c	5bb5e01d89979f7f
430080	80049798	4ae4e885e52b9b01
434176	80049860	62c053691b5e8cce
438272	800497b0	1bf416373bebc6a9
442368	80049874	0aecbbc6c76e247a
446464	8000faa8	661cb077822b1e85
450560	80049860	744fc3fa18128cbc
454656	8000fa3c	e493fa671519426e
458752	80049794	e42447a56fe06584
462848	80049838	469506e8c5c0ec46
466944	8004979c	7d749dacb4c77d25
471040	80049774	be444c61726348b0
475136	8000fa40	9be4c4f1ef6c6796
479232	8000fa54	dd37150c5e3d8c90
483328	8004985c	7ecbf10159f8dead
487424	8004979c	6acf99d7d618d13b
491520	8004983c	6cab465c6dd9af34
495616	8004977c	973fb1dde3ac1aa3
499712	800497b0	23952db9e975de7c
503808	800497a0	d3b9870d7a78d5f6
507904	8000fab0	27e013dc458ef943
512000	800497bc	6db47ee1f44b7576
516096	800497ac	b48d819e4d6f3c60
520192	80049778	3f83fed948d25c4c
524288	8004979c	4002be0b53bf5328
528384	80049780	b37f9d3b54b7923d
532480	8004979c	2b55b9adf7314ed2
536576	8004983c	aa23529cabdf11d0
540672	80049858	b615e309d60451ee
544768	8004978c	7f704733b9efbc4f
548864	8004977c	2a2c58441b659552
552960	8000fa34	3a54a337d144deb1
557056	800497a4	709be26979c3c34b
561152	8000fa54	1934d3201388f81a
565248	8004985c	5003d2ec5eae816c
569344	80049874	b81c2c403e8b650c
573440	80049864	a2daf291d53e0c67
577536	800497a0	f30659dfc6fbae0e
581632	80049864	a591331ed42dbda0
585728	80049874	36a1a283ad375e4a
589824	8004979c	5c2d0a6e40814608
593920	8000fa54	fc5ad8db1b8fe9d4
598016	80049774	7e2cae1058cde8f0
602112	8000fab8	0331fe9fbdc08a2d
606208	80049790	d7c284a226be230a
610304	80049788	5f3901c4a6fb1377
614400	80049878	c8a914c472557506
618496	8004987c	179924337f478521
622592	800497c4	a979fb563c7e1036
626688	8000faac	9cc10f12a2e6a81e
630784	8004977c	ab3d91fa67b448eb
634880	80049838	215db524aa568996
638976	800497d4	93c12f97c3b33c32
643072	80049778	04e7bf9fb89f413a
647168	8004978c	73a4a679b534f07b
651264	8000faa4	7091b694c2b60eb4
655360	80049860	5a49a196c6bd8942
659456	80049774	8ebb6254e417f0ca
663552	800497d8	dfed4d23bd4ca940
667648	8000fa98	0bc25271c31e9055
671744	80049798	f13980ede27dfd67
675840	80049790	89ce468254308ec8
679936	8000fa98	3999ccb0c5c9deeb
684032	80049784	3cb60a45ecea0e56
688128	80049774	86f9b0c5ead25a4b
692224	8000fa3c	ba0dc33dcfc481ce
696320	80049780	ebe44b90fb86b9bb
700416	8000faa4	5dccb2665a99c037
704512	80054398	2b5a4ed7ecdd39ef
708608	80049878	e154a50783849739
712704	8004ec40	86c8dfa3faa319b0
716800	80049860	c2f6cdbb80582a06
720896	8000faa4	c178fe7b73543128
724992	8004987c	44850cb5785cf1a2
729088	80049868	5957f4bd4551bb0d
733184	8000fa44	c4b0a9746face7bd
737280	800497bc	a30fffbabe86eda5
741376	80049834	65b0e1262dbc8a08
745472	8000fa30	ed0d6eddf9696902
749568	8004977c	06ffc6bc07501668
753664	80049798	86399769d8615d81
757760	8004987c	0841dc0d3e8af007
761856	800497a8	444bae630f803fe4
765952	80049860	26d9227a8448e424
770048	8004cb20	31ebd152f692cd95
774144	8000467c	93745b2c4704a03d
778240	800497a4	58ad689aedd4b6cb
782336	8000fa4c	553e1d1b78d0634e
786432	80049774	c0c27dc80b987bf5
790528	80049868	17d7aabd2b281e88
794624	80049674	953a32593e48a0d3
798720	800446fc	1808b73f7ac238a8
802816	8004965c	f8370b9afe7c7300
806912	8004cb20	06db82f7b8a80265
811008	8004cb1c	272d9d67ad3af77c
815104	800495d8	1571c7d5f378ef35
819200	800495f0	2478e7d38a748867
823296	800495d0	ede2b2ce80431f38
827392	8004954c	8f82ff0567c7f11d
831488	800495fc	85c15cab5993ab4f
835584	800495dc	de138c6830144e53
839680	8004956c	430c9f81bf7d73fa
843776	800495f4	c9a21b6a2b73404c
847872	8004946c	c4e516201b0fc204
851968	80049464	746de71d266e067b
856064	80049474	2e94df572a56a20e
860160	80039418	502c9bbdcaefd753
864256	800393bc	2785ff9ecb3df273
868352	8004750c	27d10273e4f6e5ec
872448	8003940c	bb403ec37f2005ba
876544	800393b0	77354a2af192b40a
880640	8004751c	1d3dbfa3355ec447
884736	800474a4	2fa242b17bde918e
888832	800393b0	085bc5b71c6a4460
892928	800474dc	6feea62a2956108c
897024	80047504	debc35e27b1c2cd6
901120	80047520	a5d22696711dd2f3
905216	800393c8	7b9ce02706d9c0be
909312	800393d8	a7c0ec93938aee51
913408	80039400	47d24a8be2ba4a7f
917504	80039420	9f068043213745f0
921600	8004750c	6ae690e6e57f917b
925696	800393e8	52939c3987555c3f
929792	800393ec	68a691a512977b3d
933888	80047530	5a77b62bbda3c2d4
937984	80039418	0f794e9d15e80f3b
942080	800474fc	8be75f949f67e866
946176	8004750c	59269f9797f28c88
950272	800474f8	dfc3beec2cc387c3
954368	800474e4	e1c45889769b4103
958464	80039430	e4011562eee633b5
962560	800474f8	692675aed65e7e36
966656	8004739c	4955e371cc08d57b
970752	800473ac	ac1c0802882fbdb0
974848	800473bc	a13f079f974332bf
978944	800473cc	71dd22199ce81efc
983040	800473f8	2d2ecf453889afe6
987136	800396a0	e0838dde6855b901
991232	8004739c	8275c3f0247c40e5
995328	800473ac	4ef7656ee20dc48a
999424	800473bc	dfd731ef334cc811
1003520	800473cc	94af8191841db826
1007616	800473bc	2dbc5aadccb984b3
1011712	800473c0	8adf6561ebb7321a
1015808	800473ec	4b1acc3cc7e3f8c8
1019904	80047398	1e18e823ee4b8b1e
1024000	800473a8	79924fc711d2d849
1028096	800473b8	3efec2dfd2a863a4
1032192	800473c8	79fe6e6cbdf633a8
1036288	800473f4	39d0928c1723b0aa
1040384	8003969c	e51b9ec029e0507c
1044480	800396ac	3151519eb016e1be
1048576	800473b8	d93dcfdf4488293b	645d8443dbc63e68	7bed8159bb569479
1052672	800396b8	b64f93d4487519a5
1056768	800473f0	2790495cb482b158
1060864	80047384	d181a7855720bd3b
1064960	80047394	62871204bab72ba8
1069056	800473a4	7c5d95054afc6492
1073152	800473cc	271da582ef1d804b
1077248	800473f8	d9994a4a412c8263
1081344	800396a0	69c901ff3ba47087
1085440	800473c0	10e06dd2c6e9b6e7
1089536	800473ec	f03d01ed23f7de1e
1093632	800396b4	e5a175a33b4e440d
1097728	80047388	5a6818147a32ba30
1101824	800473f4	51c7214d7fdb8a33
1105920	8003969c	5f37dc6adaa39557
1110016	800396ac	93a96b4233ed6bd5
1114112	80047384	cda5a4a2e0dca7f5
1118208	80047394	26fd9a783f08e27b
1122304	800473a4	7bbb3ab3932d8904
1126400	800473b4	9a77428b80916d7e
1130496	80047384	e14c91a56d2b93ec
1134592	800473f8	339c3f2bd08786b2
1138688	8003969c	599484b8adc96dfb
1142784	800473b4	2737eefc52fc753f
1146880	800473c4	0ffa587cad6765f2
1150976	800473f0	316f132681f779c7
1155072	80039698	05b4fc9adfd95c2e
1159168	800396a8	843702922820d0c5
1163264	80047380	ba38dfbcf8857640
1167360	80047390	1765a91c7f3394a4
1171456	800473a0	6739504c41f99dde
1175552	80047194	811a4ba70a94eebe
1179648	80047388	0810e4fb44c058c8
1183744	80047388	93743a81e10b407f
1187840	80047388	45192edf06e3939c
1191936	80047388	8869ee0a38d3827a
1196032	80047388	de68c5f0d4f696dd
1200128	80047388	4a4c58a1f75747f1
1204224	80047388	a51f287740c8e84e
1208320	80047388	e7f23dbac94b227b
1212416	800473e8	3f8efa10697453a2
1216512	80047388	01c7a2dfe407a327
1220608	800455dc	6b5eb9089bbf23ef
1224704	8003d944	a593dc4ca9c9d027
1228800	80039c54	ccfb29d3f0109f37
1232896	80039c70	d828fc00799c4168
1236992	80039c68	f57b8425dc248b66
1241088	80039c54	60b935ae2d9addaf
1245184	80039c80	89e659f1404f0237
1249280	80039c74	e66c70b1e90756c8
1253376	80039c7c	f06591ec6f9e2cce
1257472	80039c70	f59039fe698484f8
1261568	80039c74	66d2c4d01f131b01
1265664	80039c6c	8faa24f67cd36985
1269760	80039c80	6016cb4d16510988
1273856	80039c50	c67cf4f0eaceafc5
1277952	80039c7c	9b9821a880afd7a7
1282048	80039c58	898a87c12bafa3ca
1286144	80039c74	91ed2261516aa6ef
1290240	80039c7c	6f3fbfc8b9ebd437
1294336	80039c64	1b307bf1dfddfe54
1298432	80039c44	8957ad313401e0ca
1302528	80039c3c	d7f8305c30b477ed
1306624	80039c58	a7e9b3fcdef194f7
1310720	80039c68	46a0bdbde3789b05
1314816	80039c54	267d819d99dcc689
1318912	80039c80	7cb9144e35bea89b
1323008	80039c50	ab5e4859ead68372
1327104	80039c54	ff6d497012da7fbf
1331200	80039c64	9b25b0225a63a6e8
1335296	80039c5c	614f49c80e509e9b
1339392	80039ca0	455479677c3841e9
1343488	80039c98	5dc48e83ee15f072
1347584	80039c50	ea595480d7a23f95
1351680	80039c6c	06dbefb84c0e1988
1355776	80048e30	8670dbfebf1b4005
1359872	80054838	67cd3afd4b0d073e
1363968	80054770	53105ce25365574f
1368064	8000e954	48d9e01d6f42b1bc
1372160	80040d2c	0f3c554dcd741500
1376256	80040d44	33f365ef2fcc5625
1380352	800004b4	2cfcc7787eb9044d
1384448	80054854	ed37d126d2c469ee
1388544	80049384	3935c53d9623ccae
1392640	80034914	24128b44a2529c7e
1396736	800355e0	aa512b8f6fd4cfd6
1400832	80049658	3b7bf1b007c86d2b
1404928	80033a04	f4905e32f52662c7
1409024	80034430	4f1c77394719cee2
1413120	80034ef8	60510a27e89fe4ef
1417216	80038ee8	dae56ea379f3abce
1421312	80035180	fe69cac1f93d2068
1425408	80033ebc	12af51930aabcfb0
1429504	80034b40	45391119855e7cf0
1433600	80035180	9b7106808c1a975e
1437696	80035190	a6ae2d98073cee18
1441792	80033a8c	c7d332e8c4b315f2
1445888	80034764	0d7e9fb630515d27
1449984	8003526c	bd2231aacbd92fda
1454080	80049660	577ba85e500d9535
1458176	800339f8	abb648a2369a4080
1462272	800341c4	bd202a9cb41f8e67
1466368	80034e30	5874cce41924d9f6
1470464	800474d4	efa98f3d9a95b8ff
1474560	8003557c	08edce4b41d9120d
1478656	80033dc0	79b26d95b8e53268
1482752	80034a14	e4a4718deadfb045
1486848	8003557c	78cc6e0a88b3d15b
1490944	80035184	a5d6149bba183764
1495040	800339ec	69b516463b2b7f84
1499136	800343bc	e2a81763171733f8
1503232	80035288	f97c83faa3dca524
1507328	800474bc	b980cd29b3a4b9dd
1511424	80033a08	acdbe394a5233735
1515520	800345a4	65af0794fd32e216
1519616	80035170	8eaad2a4bd6e9ef3
1523712	8003518c	139635f0d1fb8b43
1527808	800339e4	01c3ee55578ec873
1531904	80034700	e38c6528f787f5c3
1536000	80035180	e7e07b284d396487
1540096	800474e0	5b382e33c864a2a0
1544192	800339fc	5a0c3c53f3db72aa
1548288	80034734	40af9e73a1211ba1
1552384	8003518c	5bec749dfc97f65c
1556480	80038edc	72153620bbb2de6c
1560576	80033a38	54b5f4dc65d0327a
1564672	800347b4	4cdbf2a7617297cf
1568768	80038e98	53e3435a953a8a71
1572864	80014098	ac287c333da8ca62
1576960	80033a6c	f0a9219b17271ff7
1581056	800347e8	6327ac521853c49d
1585152	800474a4	f094493daf8a3dc2
1589248	80035174	0f7a8a1da3eb90c9
1593344	80033d24	00329ac24f780ad2
1597440	80034930	174d716a16eaf593
1601536	80035188	567b013077beeba4
1605632	80047514	30d47d447d044c6a
1609728	800339f8	bf1e81bb0ab96d1d
1613824	800342d8	056763459b557df7
1617920	80034f58	3d26121ca700ba15
1622016	80035188	a4b8d1ac72a92b23
1626112	800474d4	7a66fed6e4eb8a5e
1630208	80033a94	30f0b25c08dda8f6
1634304	80034770	25f28a7e64609af1
1638400	80035144	374b87bb5445ddc1
1642496	80035180	bdb6883f5fd46d3e
1646592	800474d8	145a178f57ef20db
1650688	80033f94	b287d4ac739498d0
1654784	80034b44	7afdfa1cc9072d46
1658880	800355a8	c0e897da42839086
1662976	80049668	cd0cfa34f911f54d
1667072	800339f0	1881279900f83633
1671168	80034770	02754cd7dd172e7e
1675264	800355a8	74e27d451fbd7f9a
1679360	80038ecc	c64eebfbd4da4846
1683456	800339fc	971aaa27a32cd870
1687552	800342e0	087cff8772c7cf48
1691648	8003505c	e0a4a7ba71cffb42
1695744	80014088	426f050e14127343
1699840	800339f0	bd4d38fd8d722175
1703936	80034650	8433617bcfa206ba
1708032	80035574	fef162041fd48af3
1712128	80035144	2c0c9c7582382f58
1716224	80033b8c	f1236d0651acddad
1720320	80034864	2080673044a4689f
1724416	80035178	572513acd9cadcf1
1728512	80047530	1b93a0fe91b80611
1732608	80033db4	f38e6f2a223a64af
1736704	80034b30	e53a809c0dbacf83
1740800	8003517c	bc49ab1a22469f42
1744896	8003518c	ff06c886e6a9573e
1748992	80033e70	c787a7878578a008
1753088	80034bec	a394d2b1a4959a32
1757184	80035194	16f5c1321a75adc5
1761280	8003518c	dd627f0be3774938
1765376	80033ab4	56c8ecb48b421c14
1769472	80034664	cfd9fdd3c15bb6b3
1773568	800474cc	359e0f8cdcc18c26
1777664	8003559c	f124754dec960a39
1781760	80035168	83358d3b2257f44e
1785856	80034134	61bcd574dce945fe
1789952	80034d9c	b11d89040eb27b3a
1794048	80035178	58e3ccc47179cdd6
1798144	8003514c	e4fbc2c87381ee00
1802240	80033c30	6db95025689e6c31
1806336	80034884	c059522a2bc274e5
1810432	800355c4	f6d8a5d2cee0a0cb
1814528	80035590	c1c1b363b2166cc2
1818624	80033bac	1b460b181ca116b5
1822720	800348d0	bfd121f89537f914
1826816	80035174	49aad848141d9762
1830912	80049698	474c3bfe639b0f31
1835008	80035170	e89528a6a647e973
1839104	8003400c	083c66e66525c683
1843200	80034c90	1fbd361d408c7a15
1847296	80035180	c3f9761768093cbb
1851392	800496c8	ccbdac0c2ec4c1fa
1855488	80034014	ba5832f735029904
1859584	80034be0	262c1d8256079779
1863680	80014070	0775ea31399f69d4
1867776	80035590	143ec6565206091e
1871872	80033be8	ff4393570f4a99a1
1875968	80034964	702101acbd20ad8e
1880064	80035568	a9fd746f8e8a9ae0
1884160	80049664	e6530ec07b2e5277
1888256	80033eb4	f1a2ca134de171d0
1892352	80034c30	b7ef8cb1b0dd10e8
1896448	80047528	0e2d71a8e51ad396
1900544	80035184	e766715becb2a562
1904640	80033b1c	434eabcd050a0a0a
1908736	800344f0	b62df30200e0c9d2
1912832	80035018	0f7e114e9f87a5b8
1916928	80035190	908cf7f229196f1a
1921024	800474dc	654d13154e492ee3
1925120	800339fc	af5408645c6935bf
1929216	80034580	2a19b2f3ed7a5ced
1933312	80035140	521191461ee1f3e4
1937408	80035188	e8adc14ef7f4da30
1941504	800355d0	d9b2ddfa9d9bec53
1945600	80033b44	9e4baef53dee3fb3
1949696	80034670	949fa90650444cf8
1953792	8003500c	0de466c3654c8841
1957888	80049670	2473338e5f1b3cf7
1961984	8003518c	3f0edf638c4ce9dd
1966080	80033c40	b3544574cafe0e28
1970176	800345e4	7ffe1799d3ba7e81
1974272	80035278	6e6abf16098de541
1978368	80035180	58a3fdbe4e2a7242
1982464	80049670	567d82933d5d9d66
1986560	80033adc	c6765bf826467ed2
1990656	800346c0	c0bbe6480432c8c5
1994752	80014088	86d36ab2f6b9bcab
1998848	80035180	b70013834938fe88
2002944	8003517c	223cf0c82a5af71a
2007040	80033c84	5d3966ac40b8f448
2011136	800347b0	7d616d592abc552e
2015232	800355d8	07fa485dd069038c
2019328	800474b0	8a8cf39f0c9a50e0
2023424	8003518c	18490afde254e50a
2027520	80033f54	25dffd760b8e156b
2031616	80034c8c	5295a1bfd4aca032
2035712	80035180	49f51eeb19d811f4
2039808	80049698	be7c5919bd01bfaf
2043904	800339e8	4477bac8eb7f785d
2048000	800344d4	6b5e7ad0fe841bc0
2052096	80034f00	d2817ae5a3c34514
2056192	80035574	00fdcf30560a3ed2
2060288	8003514c	77d9a280bd03953b
2064384	80033dcc	fcff85247e3ec6b4
2068480	80034ac0	79010ca05150b1d7
2072576	80035170	92b690c31a8ce527
2076672	800474d4	565c4330b2d9e70e
2080768	80033a00	9ca62858fc1d04c8
2084864	800345e4	da2b1b7f09a9251b
2088960	80035274	46fe659db0c8ee39
2093056	800351d0	abf4a2880c7340e9
2097152	80035184	7982968216d2b00d	518a4d8b9688f52d	7bed8159bb569479
2101248	80033bac	3339835b0ebb5db1
2105344	800346ec	89f27c399d542f5b
2109440	80034fd8	42c22876076e3fb7
2113536	80035170	cbfddb327f884a6d
2117632	80038ecc	3b8c7c6056b802e4
2121728	80033e1c	e62882ab356acb8f
2125824	80034b98	a00de250f0021c30
2129920	80038e98	cdc675ac64d502d1
2134016	80049644	5659b4849319dd7d
2138112	80033b04	c02d60422838bf04
2142208	8003483c	40ad69ae7980355a
2146304	800474fc	9cddf16d463b8e24
2150400	8003518c	e6dcb5823049affb
2154496	80033ab4	4de4cfc53dfe6077
2158592	800344e0	a31d839b96dc18ad
2162688	800350c4	a794c09cc1be31fb
2166784	80049680	f09f2405f6e76b34
2170880	80014068	eb61a560bd850f60
2174976	80033e68	238830c13439927e
2179072	80034aa4	ae9620cb24160743
2183168	80035568	35e55d29b832f03f
2187264	80035140	1664de3ad70d8454
2191360	80033bc4	56f3daffff806c1b
2195456	80034704	830bd273e9834076
2199552	800350a8	5076908be441d42f
2203648	800474bc	546bf07ce88c4d54
2207744	80038ef0	6963c8c9d224834c
2211840	80033ccc	361cf775331246d3
2215936	800345b8	a2ca8bc3fbd91ded
2220032	80035568	26aac8cb44a57079
2224128	80035184	92a1eeef3c29834f
2228224	800474d0	000e1fcecc6647f5
2232320	80033e00	63eb873bfd7f8a37
2236416	80034b7c	9ee66bfb681996a6
2240512	80035180	bb94e326fdbfaaaa
2244608	800351cc	66060796ade91c8d
2248704	80033ba0	3191cf86b8fc1602
2252800	8003491c	de7aa2b4256882e3
2256896	800351c8	8d683394a588c3eb
2260992	800355bc	aa54828107560f13
2265088	800339e8	c78aa9dc87de0686
2269184	80034664	e4cfeb96d2cb0ed7
2273280	800474a0	d8de13257132ccb4
2277376	80035190	5356b5978210f452
2281472	80035188	6b3dc3f45145b05e
2285568	8003419c	71ea62538ac27658
2289664	80034a9c	6f30295c77c6ee0c
2293760	800355d8	1b507982cdef2b3a
2297856	800474a0	f15e74629b09c241
2301952	800339e4	3b2853c698b9aa4b
2306048	80034660	7e55644c5ae2fcea
2310144	80035588	ed943164e9868961
2314240	80035178	85e3001e74160e4a
2318336	80035140	980aef32078afe44
2322432	80034318	82dfb4027103f330
2326528	80035094	0b4a6b917d56ee77
2330624	80049660	c68b2176319cc3d1
2334720	80035568	3872feb09091f132
2338816	80033e24	33b09886e65c6de1
2342912	80034964	98903950f93cd4bc
2347008	80038ecc	2be36a87753c2fc5
2351104	8003517c	9498de15deeed6b1
2355200	80033a04	42b36da0808142b9
2359296	80034580	a4dc81f07735e6ba
2363392	80034fac	a3170eeb064f2365
2367488	80035180	eac002f4aaf9d8d3
2371584	80035180	e4b101ca9dfee3fe
2375680	80034320	9dbd110f38d3820a
2379776	80034f60	4c38a14120204d95
2383872	80035198	cb8b14a5a190f2c6
2387968	80049688	c86ddb0399e96a62
2392064	80033ac4	61f331e9a3a61ea5
2396160	800346a8	69cbbea0f069c9ed
2400256	800474fc	88f04893d8950ec3
2404352	80035174	5a453ec57921b01c
2408448	80035194	eacb285c65d82da6
2412544	80033c70	568ec2baba3d777f
2416640	800347b0	0f1ecb1b40a1332a
2420736	8003509c	3650c57f1b7c8823
2424832	80047510	31a12294ebae68d4
2428928	80035188	1688e5373f94382b
2433024	80033d4c	cbcf05f947e62280
2437120	800348a0	b4fc4d88f3a8f63a
2441216	8003518c	44baf95c16e356d2
2445312	8003513c	6ef6b9b597ea6a6c
2449408	8004750c	4aa24b2a00115aea
2453504	80033e3c	8be6c4fa1d1ec0a3
2457600	8003473c	c8051373a02602e1
2461696	8003517c	083fa77f641f59b9
2465792	80035184	d188d27fd430f11c
2469888	80033acc	72e336061b3a1763
2473984	800347a4	385daad99523c253
2478080	80035170	052b3db095db1639
2482176	80049664	2d9373265e145b21
2486272	80033ae4	617c650579de3dbe
2490368	80034860	eedf1763bb3a8e99
2494464	80035198	ac9564339a4fcb9f
2498560	80035198	565951ba2f6d2c6c
2502656	800339f8	c4ae3c428ce2aace
2506752	80034494	8dc75d82e4e4ce42
2510848	80034e40	2092ac9d760f7676
2514944	80035170	48253fe2db7dbed3
2519040	80035190	e249bc49f8a8b9f1
2523136	80033df8	1f67f6d6fbbe0fb5
2527232	80034924	dd1b7de89a94e965
2531328	80038e94	879b5e59f4641c54
2535424	800140a0	7071e1ed433d0905
2539520	80035184	1ca4bfc1d4ae27cd
2543616	80033ed4	8fbac187ed14768d
2547712	80034a14	89669e3c09ac73d6
2551808	80035170	343c0f81695b212c
2555904	80035178	ef5b1f11219b82c5
2560000	80033a08	3b7b2ec392875c5a
2564096	800341cc	cc003c235ee162be
2568192	80034d40	77bc21ee3b0d854e
2572288	80047538	4b3332f9761ef299
2576384	80035180	1f144e67b064faa7
2580480	80033f88	012bf8cbecc915a1
2584576	80034d04	8625e6403a5641db
2588672	80035188	290e99a9ff1c8889
2592768	8003516c	2f82f5bc3f5e6664
2596864	800342f8	a10244a7285082f2
2600960	80034f04	7de8817b37915300
2605056	80035198	7f56bf49e3fc78c5
2609152	800351cc	14a68e6c7a450b0e
2613248	80033b90	0b3a01c769956c66
2617344	800347a4	6f1d6fa94526985e
2621440	80035580	4d50ccdb116390fa
2625536	800355d0	600caeb695937771
2629632	80038e84	2f91ee698b58cbf9
2633728	80033ae0	4215bd0bcbe45f3d
2637824	80034800	99619e7fff794e4b
2641920	80049648	798df3e2af6a7f83
2646016	8003517c	e65d804d56cb51b3
2650112	80033d50	7fe398e20fd24955
2654208	80034724	b84bed2ec5436dec
2658304	800351c4	a1591ff4e1a2d5a9
2662400	80038e9c	e17b6ced7ba99269
2666496	80033a24	059a17acfa2c7984
2670592	800345d4	fb2a4b7fe686b8fc
2674688	80034f18	a817c780b1e731fa
2678784	800351c0	be98b513a1302af6
2682880	80035588	75954114ace29543
2686976	80033c0c	6002cfc20ca89700
2691072	800347bc	dedc013d08fe07ba
2695168	80035140	28691b480ef73ab1
2699264	8004cb10	d7c24082e6895590
2703360	800495d4	680388045fdd931e
2707456	80047534	e90202d62b74f0dc
2711552	800473d0	fd89fe4cc29d5e78
2715648	800473ec	e73f1316b2672573
2719744	800395c8	9d52c39e104cab34
2723840	80039640	d6dde6cac4e5e02d
2727936	8004739c	74128926af21f813
2732032	800395c4	8704234b271954fd
2736128	800473c4	e0efa1cdba9c61d0
2740224	8003963c	2f0c0904f7f28be5
2744320	800395b8	1e499e99fd58ae61
2748416	800395c4	ec8f0081ea1ba65c
2752512	800395d8	1626926d08edae77
2756608	800473ac	91377fcf14eb9dd1
2760704	800395b4	8a903053842ed614
2764800	8002ced4	e543e0ffcda8f867
2768896	800395d0	59f731b22253cd00
2772992	800395c0	03cd1cb7d45c6d11
2777088	80039614	f044e9064ee8f13a
2781184	800395ac	cdff8f577fe555be
2785280	800395fc	9d20d1b74cdab52d
2789376	800473a8	2db63fab4a4053f1
2793472	800395e0	7a328eec7937bd70
2797568	8002cef0	6bda7679f632390b
2801664	80014070	3c22e576a66fe580
2805760	800395cc	184b14d07436bd8e
2809856	800395d8	b83e57963b7a0dd2
2813952	800473bc	83fa790162348e9f
2818048	800395bc	cb5a86ddf8761036
2822144	800495b8	da4ffd62878bdb32
2826240	800495f0	866d05939efce18e
2830336	80049580	80e8c6cd5bebad07
2834432	8003d1dc	78661adf61d8429f
2838528	8003d0b8	4a1936074b0d5c3c
2842624	8003d1a0	bee1a541e1c3c249
2846720	80049540	4588877133d13c86
2850816	8003d0e8	c04357310f2b3214
2854912	8002d1a0	096907e8d3e2f603
2859008	80049528	015e88392003180a
2863104	8002d214	413488db4aa3797c
2867200	8003d0c0	96621ff2b212d283
2871296	8002d1c0	8ddf205e8cca49f2
2875392	8002d294	4bef1dc2330b2070
2879488	8003d104	92fd61f9a26e1838
2883584	8003d0a8	f6524513488140fb
2887680	8003d094	3fc49ffdd35b46e1
2891776	8002d1b8	17aed176cc5b76f7
2895872	8003d0c8	98e367af0133b60c
2899968	8003d19c	2ebe2717d26e6db5
2904064	800495b4	f79eabb9c24d80a1
2908160	80049600	a8e1143ec6c403f1
2912256	800495dc	8787b88ef4863ae4
2916352	8002cc50	20042604c076279b
2920448	80049600	8a9e4a0d43df1083
2924544	800495e0	8ebbd05121739400
2928640	800495d4	3c426e1e1c75a2fb
2932736	8002cc64	fc9c726f608e7d44
2936832	8002ccd8	ed1fa2b8ec594128
2940928	800495d0	06b933c12a7668bb
2945024	80049608	6404794e7d210eb9
2949120	800495e4	a9b291651924e927
2953216	800495c4	134497ea497bc229
2957312	80046020	e054f2af83db2cab
2961408	800495f0	5264804292506b50
2965504	8002cccc	bceeba07d7496c92
2969600	800495e4	bfba61bb3500bc63
2973696	800495c4	25e14c8b686c3e8b
2977792	800460a4	b0a29b338e7cee07
2981888	800495d8	2fffb867dd00e6da
2985984	800495b8	988eabc56ddb40c7
2990080	80049604	8f24b63013306705
2994176	8002cc24	dfc4a6c93a86499a
2998272	80046010	ca29f0a4c7124e15
3002368	800495e0	b005655e467e3613
3006464	800495c0	57b624ffe54563ce
3010560	800495f4	988eb477b59f5779
3014656	800495d4	7fcac0c03dc80d91
3018752	8002cc58	7e3724b58da96377
3022848	800495e8	47467e81a88f7d52
3026944	800495d0	3c7669ca00c60dfa
3031040	800495f8	3ad49c42652e3189
3035136	800495d8	e3df26b425404109
3039232	80049564	1ace2d27138a7365
3043328	80049604	3fd270564a3349a2
3047424	800495e4	e5bc9ceedc608aa1
3051520	8002cc40	8bcd378500638fc4
3055616	8004607c	6041238025c1a8a2
3059712	80046d6c	2fcd2e4ff4d5dbc8
3063808	80046060	f2590ba5941c9a1d
3067904	800495c8	2fd9f8669d517eb0
3072000	80049600	3c8d20176a632361
3076096	800495dc	32abdeea51b01ded
3080192	800495bc	631b31e2b3ef30e9
3084288	800495f4	8fda72b4e5697b8a
3088384	8002ccc4	e0e8bb145be77a11
3092480	800495e4	23adb21e318e5248
3096576	80045300	2be666c45aa52f38
3100672	80049608	bc97e51b0f826d83
3104768	800452e0	bbc8c619afb06fae
3108864	800495b8	646de73309a94021
3112960	8003981c	c9a3c7983f164afd
3117056	800495d4	b4c46e61f226cb72
3121152	800495c4	d6df70862791477a
3125248	8002cc20	721e62c5ccf8441f
3129344	800495f0	92d2834530f8c453
3133440	800495e4	47f9a01eb7815aae
3137536	800495d0	892f3c4fefccc100
3141632	800495b4	859c7edf1dd2c26b
3145728	8000034c	537906959ff80234	c1ba1711343720cf	7bed8159bb569479
3149824	8002cc24	32d84532eabd2b92
3153920	8002cce8	7e3ccbca9308a219
3158016	800452a4	9edd4df43473f3a8
3162112	800495c0	269c8cecd18fdc26
3166208	800495b4	86612ba5adec1462
3170304	800495bc	790622a31afd5514
3174400	8002cc64	23a451ac287e4846
3178496	8002ccc8	cbd726b4734c9fc0
3182592	800495d8	86620d98329bcadd
3186688	800495bc	1ccbcc060db2b61f
3190784	8002cc48	043d6b32caa34ddf
3194880	80049038	00abf6c3deb9a9f3
3198976	800495dc	3e6b971b96ffbbe7
3203072	800495bc	caa9c93352369170
3207168	800495f0	74698523331826df
3211264	800495d0	bf1401152c16c420
3215360	80049608	f3bdccc424621357
3219456	800495fc	7f6bd8317577a909
3223552	80046c84	aee80ca04a9be7fb
3227648	8002cc60	b09e1c87abc62987
3231744	80049560	2797747bc910f621
3235840	8002cc34	931de68c0a72ecc7
3239936	8002cc24	71332a7992b7a57f
3244032	800495e0	a5351f54c07d868c
3248128	800495bc	31c62a99ea4b881a
3252224	800495c0	8de8f3e09ea53037
3256320	800495f8	9f2510a5ca262abf
3260416	80046b1c	2f7984a9efbff66b
3264512	800495fc	2b39af0e6a60dc46
3268608	800495d0	00f18c09388ce2e2
3272704	80049604	75dd0adf8c7fd450
3276800	800495d4	c6288bc7d19f0905
3280896	80049608	57e0f9f4d9cc0aec
3284992	80049114	2cc181ff22e34bcf
3289088	800495b4	6845454703b23aeb
3293184	8002cc54	7481d027674aea08
3297280	800495f4	4e5af8c95413d885
3301376	8002cc50	7dddff8c3f4d3259
3305472	80049600	ee29f981e7f60d85
3309568	8002cc4c	95eb837a60dd02ac
3313664	8002cc3c	c78d5e8d168f8506
3317760	8002cc4c	24be8cbc635a32d8
3321856	8003d6d4	b3e27eebc93f0ec6
3325952	8002cce4	c5d057e167739d8a
3330048	80049074	fa8456ff3fe86994
3334144	8002cbdc	5ce9991ec4e1e09a
3338240	800495f8	874f0e0e3e4ec719
3342336	8000036c	0717881fe24a9d5e
3346432	800495cc	cba7f7549dfae753
3350528	80049604	13321eea881e4ac2
3354624	8002cc24	cd68358cc4bb4ba7
3358720	80046538	fb1f21b0cbfd3014
3362816	80049608	d210ecbd7b3f7ec6
3366912	800495e8	26876529b22966d4
3371008	8002cc68	c02ec5c6a84ba104
3375104	800495c4	2ba023c6345ee8c8
3379200	800495d0	f8503ea19a392c19
3383296	80049608	116a01197273ab04
3387392	800495fc	8e8533186d5ef683
3391488	8002cc24	0c03908173917d7f
3395584	8002cc54	8d78fa15703ae12d
3399680	80049600	4bd34360e8c7b125
3403776	800495b4	cf886b346ef1186b
3407872	800495dc	336caa601fa41739
3411968	800495b8	2f0cdcc55933238f
3416064	8002cc3c	8fdbc80bf89dfa4d
3420160	80000338	deb733a8244884dd
3424256	800495d4	1aed0ef422d02527
3428352	80049608	eccf918fd8b5b3e1
3432448	8004951c	b16c4a97c089984c
3436544	800495cc	6bbc9f04fbf473a1
3440640	800495f8	104307bee0f67871
3444736	800495d8	eae6c0c2c477cd24
3448832	8002cc3c	6c7850ed4394d4cd
3452928	800495f0	8e1ad881b890c2b7
3457024	800495cc	68b79c201e61f35f
3461120	800495cc	4b4dd65789c37972
3465216	80049604	c37e55583cdf24dd
3469312	8002cce4	0d1ef92d23fa5427
3473408	8002ccc4	e3487c8c7bd86ff7
3477504	800495ec	f9a81a454880dd4d
3481600	800495d8	fb015d7f56039025
3485696	800495c0	98abacd4248ab407
3489792	80000400	972fb833b7044029
3493888	8002cc54	2e41b3bda44feec3
3497984	8002ccdc	989b41f2b8623f24
3502080	800495e4	53cc99c2ce350fc5
3506176	8002cc20	8dcdfcc8861c0b1b
3510272	800495e0	def0ae51c33087ff
3514368	8002cc64	eca8a3360ef438a3
3518464	8002cc24	2252cd8be2aae7dc
3522560	8002cc74	857615ff36535951
3526656	800495f0	b6b535909f81cb54
3530752	8002cc24	9b73e9fdeadceb17
3534848	80049600	e5d470a3e9582ff1
3538944	8002cc68	7533330a150b625c
3543040	800495fc	d7c44565e957109a
3547136	8002ccc4	c25d8165fd3d4e65
3551232	8002cc60	8590955a49056a2c
3555328	8002ccdc	da3a45e74d737fde
3559424	800495e4	bebda027d4ef5ebe
3563520	800495c0	a488c2bbeaafc9cf
3567616	800495bc	caf9f184776908c3
3571712	8002cc28	01f9da2837bfb7c0
3575808	8002cc48	d2fd0a10e298a47c
3579904	8002cce8	bda23a214b3a37cb
3584000	800495d4	7d31bed5ca32e97c
3588096	80049564	04c5df4b74c292b1
3592192	80046d7c	77ba69c6aa317454
3596288	800495b4	81ecd9666f3a9441
3600384	800495e8	53c2d81311940272
3604480	8002cc6c	2e517b09680355ca
3608576	8002cc38	13ef60a9dc59b4bf
3612672	8002ccd4	99c2b8b203f9cfe0
3616768	800495e4	d37952d35e6c8450
3620864	80049558	0c2f79dbb7ed9373
3624960	800495f4	b8633082d07bfe61
3629056	8002cc28	87c01ca0828ee075
3633152	800495e4	10e30603ee8b4f61
3637248	800495d4	ce5157904a4fc2ca
3641344	8002cc2c	40882da68df14045
3645440	80046cac	65ba1590a78b57a3
3649536	800495d4	26a688a4db687c35
3653632	800495f0	016a1ff233fb6f48
3657728	8002cc38	48d8e0c49a19bba5
3661824	800495c8	bf730a40d6b1201b
3665920	80046024	8d0e61247a0c2e74
3670016	8002cc3c	34510a179b0cde4a
3674112	800003d4	dbd9218b06899311
3678208	80049604	51bb4a5b3b5bff72
3682304	8002cc24	e1fac243b4794ec5
3686400	800495f4	b7545d7bc9d6541e
3690496	8002cc5c	2d151f52b7ebe7da
3694592	8002cc5c	c43d8f2c9c6e3be2
3698688	8002cc5c	21b837bb0f438506
3702784	8002cc5c	0b854378c060fe8d
3706880	8002ccc8	4fb6f7192689d65d
3710976	800451dc	53c16d62e2a6c78b
3715072	800495c4	00324dcbf3969efb
3719168	800495fc	ba5db573a07d3687
3723264	80000370	c424ec5c7fd64133
3727360	80039988	3af83221d950037b
3731456	8002cc68	1902bef81cf961a5
3735552	8002cc20	3aa0beea6ffb1324
3739648	800495f0	533e4f6926c82375
3743744	800495c4	2acb33e8c60cfd4a
3747840	8002cc68	4597d0b95f0fb82e
3751936	80039944	b9722c7d10e0806c
3756032	8002cc48	4e2d9e447f2a5b02
3760128	8002cc48	263a7a1f4023eef7
3764224	8002cc20	41ad19308fd94f54
3768320	8003d67c	635b236623ae9839
3772416	8002cc68	c59e69be730b060e
3776512	8003d0ec	7b6e9c00d2b36758
3780608	80049600	9f0cea2fe2153420
3784704	800495c8	c365cbea1af44bf8
3788800	8002cc68	9a06dcd0b4876321
3792896	8002cc68	39e9f7de41cae7e3
3796992	800495f4	ac83362431ee0ab9
3801088	800495d4	f8f6073111a2f55b
3805184	8002ccfc	a61237318a980746
3809280	800495f4	6376c78be3bbabe2
3813376	800495b4	704abb4f3ba490af
3817472	800495cc	894ee15458a8ae53
3821568	800495e0	b259908db6783ce7
3825664	8002cc58	cd4eb2ab94e10952
3829760	800495bc	025ac7e3224e5688
3833856	8002cc58	0c29fe25199ea4a5
3837952	8002ccd0	f8a59d9277bbc739
3842048	800495e0	5c6559678eed03ef
3846144	800003dc	95f069a83901759d
3850240	800495b4	e4df7c30a1d28894
3854336	8002cc64	31b647901e7acdaa
3858432	800495bc	9c1fd411bff9a3e6
3862528	80049608	a6064d24bcb0f686
3866624	800495e8	8dec7f09a6e83704
3870720	800495c8	7d984ae4fcc01513
3874816	800495fc	7773a5920e7c8fb3
3878912	800495dc	b8f4561e89176bd2
3883008	8002cc28	82fe1ff843e6dc79
3887104	8002ccc4	929f8756af036c42
3891200	800495d4	b1bef177d44206ae
3895296	800495b4	5dd9c8c2f6911c7d
3899392	800495ec	cb2061f3869499bc
3903488	80046024	0739abe7a1224887
3907584	800495f8	ae7ef4f0e8ee9ae5
3911680	80039988	80db2424da5e4018
3915776	800495f4	3a24c069186e79e7
3919872	800495dc	c1f3e4838dd86946
3923968	800003d8	86673f315207bc4d
3928064	80049608	537823185c357286
3932160	8002cc30	a7d55437bc176f8e
3936256	800495e4	4dbe56d51bc64244
3940352	800495c4	6c380ff82648be9c
3944448	8002cc48	588d1bc441d8ac3b
3948544	8002ccd4	062a7aedaadd71eb
3952640	80049568	380bc0859bfc0fd3
3956736	80049608	22c6d80ef0fe5d18
3960832	800495e8	97d6960efbd169fc
3964928	800495c4	db11ca2188634feb
3969024	800495fc	ff4e8120b4d3bf11
3973120	80000370	f0c58922b2247e14
3977216	8002cc40	e5dd1280c9dfe281
3981312	800495f8	ad7636b1fbcef414
3985408	800495b8	7629b71e0dc72a27
3989504	8002cc00	8ae5f98ebee47c1a
3993600	800495d8	167ba0e93317d969
3997696	800495b4	26637095f4ae828a
4001792	8002cc20	06c4a94cda2551d6
4005888	8002cb2c	bc2a1840d1d906b2
4009984	800495c0	247658fb68ed0646
4014080	80049568	e55fe9f88a460e4d
4018176	800495ec	7312bf2ff208328b
4022272	800495cc	99036ff86170db6f
4026368	80049600	ef8793ec1e3bb82d
4030464	800495e0	4f39c02ff8e2a565
4034560	800003dc	176b45bf88dd714f
4038656	800495b4	168962c6c0947374
4042752	800495ec	96de31f7bf53a7df
4046848	80049560	668925d1f34f4b97
4050944	80049600	1bee0c7c7e66e7e7
4055040	800495e0	e998b3cac4c916c0
4059136	800495d0	692acb3022e0d2b5
4063232	8002cc44	178cde88617388c4
4067328	800495ec	9218df401f3c1798
4071424	80049520	a582e986763dfd4b
4075520	800495d0	55692c67e097bbc4
4079616	80049604	79d5f1beb1e2163a
4083712	8002ccf8	aff099b1c60c4568
4087808	80049604	554f2bbe0eab4851
4091904	800495e4	50b609139031eb86
4096000	800495c0	011aa6a4746b7ecf
4100096	80049460	0eb24f46045e3166
4104192	800495c8	e88eea65ddde1ba0
4108288	80049600	bb18bbc03b1f1162
4112384	800495f4	5343df66dc85bc59
4116480	800003d4	39aaac0bff04b7e5
4120576	80049604	3eb4fd4e7ab2d4b4
4124672	800495e4	0b1515290ebebb33
4128768	8002cc40	03088f45d0be00c5
4132864	800495f4	a85ea5d787e908bf
4136960	800495f8	2c5e800db37f4f86
4141056	80039014	fc50c2052dbd4260
4145152	800495d0	84e8bd28d0b33009
4149248	800495e4	f0af9e4b7b92b724
4153344	800495fc	538ce8b0e8fc2225
4157440	800495dc	aa9247ef9617368d
4161536	800495b8	04f20f58d9cbb00c
4165632	80049600	da5cd1c031e34caa
4169728	8004911c	9a82956741e7ba88
4173824	800495d4	a300d912e74618a9
4177920	8002ccdc	63971a49527781b8
4182016	80046018	dde04ec586f2135a
4186112	800495e4	cb04672747a65302
4190208	800495e0	b972045386c03840
4194304	8002cc28	38802c36958f8e0b	d990dd23590e67fc	7bed8159bb569479
4198400	800495f4	dfbe9a628e45ab55
4202496	80046538	9d8eaaec797151b2
4206592	800495cc	a65b897fe387548d
4210688	8002cc68	466456a17f228895
4214784	800003c0	77aba103f5cdd833
4218880	8002cc4c	ce524d85664cd20a
4222976	800495e8	240896e4aabdcf2d
4227072	80049574	cbeccb2e066f70da
4231168	800495f8	8b4f111d8cf579cd
4235264	80049600	48f4625998d09594
4239360	800495f8	b7656146f8cc579e
4243456	8002ccc4	ddc11d4cc60a43ce
4247552	800495e8	eee1592c76d85d22
4251648	80049578	aca96d4f5ee51192
4255744	800495fc	3bbcc525f93adf02
4259840	800495ec	6969a8a89f93989f
4263936	800495e0	2e8c716f5a5bdabb
4268032	800495c0	2a2490518363691e
4272128	800495f4	c0198d1a461e111d
4276224	800495e8	299a55b02b233c1e
4280320	8002cc64	494bdd1a94ae4663
4284416	80039004	a0bbc52079c7f4c6
4288512	800495e4	bad7feac50ec1c49
4292608	800495c4	a73a97e19707b117
4296704	8000040c	55b3c752962cbdc3
4300800	800495d0	0cf3d0a2488f3197
4304896	80049540	bb9aafdfecb48a44
4308992	800495fc	7349d6939ea043d1
4313088	800495e4	3125050aa40cdf7e
4317184	8002cc44	0fe0a4e6c5cecc33
4321280	800495b8	863eb1bcd07f8171
4325376	800398c0	6258ec778f7bfb55
4329472	8002cc54	d8dc33d15c07c1f2
4333568	8002cc44	98c7683e2c05f027
4337664	8002cc44	9e578bd06dfc4d5f
4341760	8002cc44	2a6e9096d50722ee
4345856	8002cc44	38ad2252a7428a67
4349952	8002ccc8	1e31c4c400d2c37c
4354048	80049608	4018245a48c3bdc4
4358144	800495cc	9a85e667497fb80d
4362240	8002cc5c	cd522ffc660fb7ad
4366336	800495f8	862533cb648a51fc
4370432	800495d4	086e267bf6091283
4374528	8002ccec	a4f5428d2db3871f
4378624	800495b8	6c44acc4b1285165
4382720	8004955c	aeb777aa3d59da81
4386816	8004955c	d9be4d6ee2d6edf6
4390912	800495dc	b474c5429c7c988f
4395008	8002cc28	ccb12bf2253f9783
4399104	8002cce4	c4a4d9f8113ee59a
4403200	8002cc60	2925b4d799b20d90
4407296	8002ccd4	93fd972e61fa9f26
4411392	800495e8	5c87729d58b50fd8
4415488	8002cc18	f62e623dd10600cd
4419584	8002cc60	a0a74129eb50966f
4423680	8002cc54	2b0ea4b8fd7bda63
4427776	8002cc48	9fd7ff0e5ef3930a
4431872	8002cce8	9f93c905fb8d2119
4435968	800469cc	612d4e56505fd082
4440064	8002cc58	1d74a189043f2243
4444160	8002cc40	f08248e35704b956
4448256	80049600	caf732d57aa9e462
4452352	8002cc38	187f43bd089eb335
4456448	8002cc6c	b14f95637873e41d
4460544	80049588	12edbfcebf051935
4464640	8002cc30	8a2b87c768890b92
4468736	8002ccc0	2a4393e3da790dac
4472832	800495c8	19c317ce3eb38e3e
4476928	80049600	c02013b26bfeef36
4481024	8002cc64	46f162edffebefab
4485120	8002cc58	ba223c007d5e2010
4489216	8002cc3c	c0e4c2b22c097d2f
4493312	8002cc40	62bb3cc9b2d777a7
4497408	8002cc54	5d3b3d20029f1082
4501504	8002ccc4	f6458fa565f56541
4505600	8002ccd4	51b263459e5f538f
4509696	8002cc20	9333f2ff3fc83e88
4513792	8002cc38	7dda563561a33ec5
4517888	8002cc40	c2db6c108239eb1e
4521984	8002cc50	42ac47e49818feb1
4526080	8002cc38	29e35ab1556e95e1
4530176	8002cc30	3dbfcf6930168114
4534272	8002ccc8	18774310ae4c551c
4538368	8002cc60	4b7277dbd8261667
4542464	8002cc44	5269779e047b9fba
4546560	80049604	59b3dd1912b16101
4550656	8002cc44	4244d77d4d90bb6a
4554752	800398c4	9d7eb80d2861a20c
4558848	8002cc5c	d51a8a6640ac1a9a
4562944	8002cc20	ce57fe76da99e2a8
4567040	8002ccc0	8f6fb5025f7206f7
4571136	8002ccc8	765a5badadcc2bb0
4575232	8002cc54	b8fc3b900224a63d
4579328	80039898	3b6ce970c569b4c3
4583424	8002ccc8	7bc86a8c8850e93b
4587520	8002ccf8	eee4b32cb0f0735d
4591616	8002cc4c	ec23bb48869f8a5d
4595712	800495d0	4f670f598c34df52
4599808	8002cc58	8d93423722672d24
4603904	8002cc6c	9d475df36d220529
4608000	8003d6c8	4d66825494464514
4612096	8002ccd0	6b228bc9ebb7684c
4616192	8002cc34	196ce9984e22adce
4620288	8002ccdc	58a81877127a25a6
4624384	800495f0	9b465a7acb7ae25f
4628480	800495cc	3eb9fd23a01cb8ed
4632576	80049604	21d5a1ce2a5195bc
4636672	800495e4	49c7b6ded6a328a6
4640768	800495c0	554d07420784f03b
4644864	800495f8	c3746ed80040f23e
4648960	80046064	1f401b163d09760f
4653056	800495cc	2a90f111cb8fa799
4657152	80049604	bb2ab60c9fe7beaa
4661248	800495e0	50be75a769b8db0b
4665344	8002cc6c	c19dd0e75d1c136c
4669440	8002cc28	13e4eab5af9a01a9
4673536	800495ec	40fb42ba5c3f9aa2
4677632	80049564	8043a61db21b3d12
4681728	800495c0	5198badeefc88c93
4685824	800495f8	57372f44423d62de
4689920	800495d4	461f20a7d804fa5a
4694016	800495b4	edfb80147797f84e
4698112	80000380	c4b720020d95f3c0
4702208	800495e0	ea6b8a152df4d7ba
4706304	800495c0	e87eaf90b119527a
4710400	800495f4	f6ba9c5ed149afc8
4714496	800495d4	cc1836b1f26c136d
4718592	800495b4	75e0090008e29a12
4722688	80049600	649e95773d158ea3
4726784	8002cc64	679cda0198b83980
4730880	8002cc58	81126aedc7080ca5
4734976	80000388	8f1bdd0d89a69ee6
4739072	800495e8	3d2981158e0558f1
4743168	800495c8	6da7fdc2fbc3aaba
4747264	800495fc	0433fe7b12e744e1
4751360	800495dc	95e99ca1a7970049
4755456	800495bc	155dd6af0b89f5b8
4759552	8002cc20	064722046be16109
4763648	8002cc48	c21893db4736ba3a
4767744	8003d15c	95765935199fc045
4771840	800391dc	bd40a0ec2ba3c791
4775936	800391dc	eb6f073407e7bb3a
4780032	800391c0	ef489cff83509bc1
4784128	8002d5c0	491605f026742230
4788224	80049608	337c813238154a70
4792320	8004952c	829927644083bb1c
4796416	800495c4	250c55e85346f8a5
4800512	800495e0	00a49dec6ed47221
4804608	800495c0	772d56c4afe9a623
4808704	800495f4	42979ae051f3663a
4812800	8004955c	2db2cdc225302295
4816896	800495dc	1f270ca34081fa0c
4820992	80049570	9231ca1f9199cb5c
4825088	800495f4	06782d2ec5131cf9
4829184	800495d0	0282abf0c5f9c06e
4833280	800495d8	c3f90cb57bb7f37e
4837376	800495cc	9c85b043e35ec45c
4841472	800495ec	7ec547ed7ae02fb5
4845568	800495cc	c31d4a5d01d35b84
4849664	80049548	f0c184f19df9d938
4853760	800495e4	f29226f6fdcf6289
4857856	800495c0	c8dcfb09d3a97638
4861952	800495f8	ac8077c50928520c
4866048	800495b8	bf076ccdd5eac521
4870144	800495c0	426ae94e6fd1c66e
4874240	800495dc	82d190be745a2aa1
4878336	80049140	02ab0cbb0b769ff0
4882432	80046524	0d2ca243651bfc66
4886528	80046540	0d60f1b4fc3fdf2c
4890624	800495b8	0ca9456af73be8a9
4894720	80049140	4745ce404733ad53
4898816	800495c4	081a01615118e8de
4902912	800495e0	36aedb28ffd28a2f
4907008	800495d4	756b1b1570e36106
4911104	800452f8	43c6fb3d58a31433
4915200	800495d0	2d6016cd6e6aa39d
4919296	800495d0	f8f78677af0ebe54
4923392	800495e8	04cbc6f5e729ad2c
4927488	800495c4	e6c037b1c9979ab3
4931584	800495cc	7247862b51f5a01d
4935680	80049574	578dc95821450580
4939776	80049564	2f2f11d53d4167e7
4943872	80046028	154ca9b02d08a1bc
4947968	80049558	82632139a690e78e
4952064	80046af8	9a21f2884f6f1240
4956160	800495d4	05ca09bd57cc14f2
4960256	80039814	403dfac1153bcbaf
4964352	80046e44	995fcc5343e7a1f5
4968448	80049608	15c90d2a44e34a32
4972544	800495ec	1ba1220cd9037b53
4976640	800495dc	9e61bd8fd8bd510f
4980736	80039818	b93fbbcf2b3a0020
4984832	80046ca4	aec0984322547e84
4988928	80038ff8	89b719c5bdb2aade
4993024	8004953c	04debcd5ce19751c
4997120	800495dc	5fa3861bc615a807
5001216	80046990	3f965dd74a243b24
5005312	8003d114	c600c6595c6db2a3
5009408	800495e4	8c96bdbdbb7aeab0
5013504	800495fc	87272512e23368b5
5017600	800495fc	7865d1226b9589fe
5021696	800495f0	1abcd4fccb51fab7
5025792	800495f8	eef0817d1e4c6eeb
5029888	8004653c	963d829a0fa83daa
5033984	80049118	ea8deff95aa5706b
5038080	800495d0	5e64baa59acbff11
5042176	800495f0	d05eb17774939fe8
5046272	800495d0	3e172784e7842afb
5050368	80049608	134007f9ccd43aa5
5054464	800495b4	c771c2c51c8e8437
5058560	800495cc	3b2ee4a65955fefe
5062656	80049600	a391e2cdcf059a11
5066752	800495c0	3f813f1f64c4d0fb
5070848	800495f4	48ac66cf4d34c328
5074944	800495fc	9426470bd0ed8fa8
5079040	80049604	cb1825cef6d02fd1
5083136	8004960c	ec21e8a930a79905
5087232	80049600	064be6c534496318
5091328	800495e0	73b9704e19957ff8
5095424	800495bc	74ea29fbc2217b50
5099520	800495d8	70f884cb42fe8680
5103616	800495b8	ba20b4bb593467ae
5107712	80049534	65634899a404c148
5111808	8004912c	348c3da18442dedb
5115904	800495e4	e4a75df98aac09b6
5120000	800495c4	d754ebf01aac0593
5124096	800495f8	bf3af1024ea0c85d
5128192	8004960c	0125a3059f1ad3c9
5132288	800495e0	56edfd77cad9f5d9
5136384	800495c0	0b933f092492d93a
5140480	800495c0	07eb3c47e941e391
5144576	800495d8	55201cd603455b71
5148672	80038fd4	4697cd4be48977b4
5152768	800495d8	ac0e68bad5e84be6
5156864	800495f0	3ddff24a05cadb2a
5160960	800495b8	b3dfb76dc59f9ebb
5165056	800495cc	c90d64cb21fe1e64
5169152	800495f8	531a15a1ada8edd5
5173248	800495b4	9dcfca21b38244c3
5177344	800495f4	7606fb0484a925c8
5181440	800495d0	3b732dc4ec2d1027
5185536	8002d6f8	17d88919b0d5410d
5189632	800495bc	7bb3137f17ae3b03
5193728	800495d8	e19ccf1d1ad066e1
5197824	800495dc	c60f3d5cc9ba178b
5201920	800495f0	a42be2f8b60fa86d
5206016	8004954c	de4d72a2d3bd48a8
5210112	800495bc	ba688f6ac16c44e3
5214208	800495f4	9eb829eabfca2a3d
5218304	800495f4	00704d66ba434b13
5222400	8004960c	4c528a674a304fea
5226496	80049554	6056192dbaf88fde
5230592	800495bc	84a0cf7bba14fc4c
5234688	800495d4	28d03b7e92c866af
5238784	800495d4	83e3b78c6585b84a
5242880	800495f0	2016a693444c04d7	def7e12dfc38e1d4	7bed8159bb569479
5246976	800495f4	72e1da5b2582e382
5251072	800452cc	1500c372111233e5
5255168	800495f4	035d3f72ade55077
5259264	8004100c	29783bf78678d348
5263360	800495e8	a3edfa9ebe45262e
5267456	800495d0	4ecb40c49e741007
5271552	800495ec	2c52c503259e7fda
5275648	800495ec	27a5ba1df2688663
5279744	80049604	bc10b80c726dce3a
5283840	80049604	2f62529786904fb5
5287936	8003d0dc	4ead9a3ed6d50d7c
5292032	8004910c	8789d49009fe9d9f
5296128	800003f8	b23f01e788d48f87
5300224	80045324	6df8f0eabd48e26e
5304320	800495e8	9bd44e79bf3e0cb3
5308416	80049600	087b62c12b3b86c9
5312512	80049604	7faa712fdf27b3b2
5316608	800495e4	2693e1472487dfd6
5320704	800495e4	715defce5ef12258
5324800	80049608	ab2af4311ef55f81
5328896	800495cc	1bf6e0a946663ce4
5332992	800495d0	aa22b3c920912971
5337088	800452a0	f5baa87143992d53
5341184	80049608	4473b3739f0d1aba
5345280	800495b4	2eab581b9f63dc1f
5349376	800495f4	9a0572c60cf11194
5353472	800495d8	d9f9d23f825cc6a6
5357568	800495e8	c32de4c6e94c1aa4
5361664	800495d4	fbe1b7b1213bfd6b
5365760	800495ec	8230fee82060e771
5369856	800495c8	dbe4fe3c7a9969d9
5373952	80049600	601f36a4be370c1b
5378048	80049568	eb10fddaa12a3f52
5382144	80049554	959a4d7773b3e000
5386240	800495f4	cdd87c29f9782ef2
5390336	800495fc	984477975b148fe2
5394432	80049108	62704daf72473ce0
5398528	800003f4	4bc0a5f243214dc6
5402624	800495e0	1c5f931445c4e87f
5406720	800495b8	edcec02f156a5508
5410816	800495ec	9f1ca026d76be0b4
5414912	800495d0	e4068445fa621359
5419008	80049608	3042b2f2f93c892a
5423104	800495f4	01778311d9924791
5427200	800495c0	7e587e63890a2459
5431296	800495b4	9a478600119d1eea
5435392	8002d6cc	b26fcc467ad526ab
5439488	8004606c	a233425dc1d7080a
5443584	80049564	dd55917e2da3aee3
5447680	80046020	413954ee141b54c8
5451776	80049570	7e1c504107e268b0
5455872	80049588	502609164fb95e86
5459968	800495d4	d31847b0e9f4a920
5464064	800495b8	6416372860dbeb66
5468160	800495bc	bd43736eec9ddc55
5472256	800495d0	ca13e867adddca63
5476352	80046ce4	d32401dc0e2e5144
5480448	800495d8	5c228ed7cde5a14f
5484544	80049604	e4f30806907dc068
5488640	800495f0	e6d814691656d3b4
5492736	800495e4	2ce56f5bfe8aad0f
5496832	800495b4	7d08cfea46f3052c
5500928	800495cc	77fe149135c6f255
5505024	800495d0	1b0e99fd9248eb5f
5509120	80049608	9f9d2a405d77bf5c
5513216	80049608	11dc0507a8e247d2
5517312	800495c8	964677fc2d17c070
5521408	800495b8	4a3ca197b2f53581
5525504	80049600	4a34dab9c3846f2f
5529600	800495b4	2079eb33501cc659
5533696	80049604	c2ec3be3cfa50eaa
5537792	800495c4	767fdd86ec4e6095
5541888	800495c4	080249e34d6fb2f4
5545984	800495cc	5e1d2f5adc105232
5550080	800495e0	fdc18b99d4cf5b3b
5554176	800495f8	75429dd291a75f4f
5558272	800495fc	9fa92f205203b221
5562368	800495bc	41efabeffdf5ba31
5566464	800495bc	a6f9840d935e9500
5570560	800495d4	53606a903bd0df49
5574656	800495d8	171196e9cb9adb5c
5578752	800495e0	0e7fe8aa4e70e5e0
5582848	800495f4	733cd2e5a2239778
5586944	800495d4	8235b002618251ae
5591040	800495d8	df19973ce9b6cab0
5595136	800495f0	df1514b6f05a7b70
5599232	800495f4	3ff99fa37ebb4df0
5603328	800495b4	3a39724fd8285af1
5607424	800495d4	12ce8547ff6b73a4
5611520	800495f0	07fc69f77039beba
5615616	800495f4	9f155b1b043eab12
5619712	800495b4	7a22703b30b46ca0
5623808	800495b4	8a93a90c3c76d16c
5627904	800495cc	ad901b21b792a270
5632000	8004956c	da40421a18fc52bc
5636096	800469c8	aa896d129c0eec85
5640192	8004958c	2216dbbbc32a3177
5644288	80046e30	914b9aeb7af1b4b1
5648384	8004956c	d4c92b3ab6891bbc
5652480	800495f4	f3420ac0876eb300
5656576	800495c8	e235a8597a95608d
5660672	800495b8	cd6d787650838ab9
5664768	800495d4	6bab7f71bb99a656
5668864	800495d8	9fbcbc56bd111516
5672960	800495f0	ba373d29ef2ebc82
5677056	800495d0	319cecf63be22490
5681152	80049608	9aa2ff84951b85ed
5685248	800495d0	03c49a18497161a1
5689344	800495d4	d55f38ea4552daee
5693440	800495fc	9587c08a12ccf02b
5697536	800495e0	68eb5f29586fa656
5701632	800495e4	f7028b86dd95fc4f
5705728	800495e4	caceb574d1cf83c3
5709824	800495f4	47ea3ed7c9f357a7
5713920	800494d0	64a7dd251a817856
5718016	800495d0	cb0020789f98a787
5722112	80049568	7586710b7e03dd16
5726208	800492fc	dfe6bde83918c7a5
5730304	800495dc	985bbaae282bbe84
5734400	800495c0	3d2c80ace1645d09
5738496	80045358	4abd943f937717eb
5742592	800469c4	e36477512577418d
5746688	800495cc	0c58a9acaf9d26a5
5750784	80049608	8021929d5b098e9d
5754880	8003900c	2f30e287e63c2af3
5758976	80046c30	e3b363476c6e5cc0
5763072	80049600	9cf7ccf86795cc4d
5767168	80046a38	9f146900ffceb979
5771264	80046e74	409c1b763d2097c1
5775360	800495ec	b19a2d3134491d64
5779456	800495cc	a9f3bf223bacb89c
5783552	80039890	a86964ffbbe3fda6
5787648	80046520	bea80d864cb824f7
5791744	800495f4	b31f164e3a8b129b
5795840	80049608	688ba565297a9eff
5799936	800495b4	fe0ee84fbab8ca59
5804032	80000374	a39ca6883ceba4e1
5808128	800495c4	6157842bdd1f3948
5812224	800495e0	0c09854a7bb51260
5816320	800451f0	7cd7d491b4161d1e
5820416	8002d6d4	87b3d51ad2b1400f
5824512	800495fc	959f4fd18066aa3e
5828608	80049608	de120a4a069b78d5
5832704	800495bc	271564aec4d8bc32
5836800	800495e0	06ca833d290bba01
5840896	800460b4	ccc8b446f95e632a
5844992	80049134	17458d5f3a4c6b26
5849088	800495e4	d4ab04eb221466b1
5853184	80049608	9cc7ed6a930476a4
5857280	800003d8	91b06d9b971e7303
5861376	800495d4	f905f49760d25228
5865472	800495d8	a446c361e2df1933
5869568	80049608	dd40b509daa4bf32
5873664	800495bc	04b717db2ec7fb98
5877760	800495c0	606e6df9f16abb3a
5881856	800495c8	64f79a64c4751f1c
5885952	800495d4	a3ff8b002b784ca2
5890048	800495e8	04f8ce57f45369d7
5894144	800495b4	df51eae8d9dba11f
5898240	800495ec	a9a437fdd284994a
5902336	80049548	13ea1cbe9de4e5d4
5906432	800495c4	344f316f1a19bd7e
5910528	80049604	33294e1df94b17da
5914624	800495f8	3fc723ce13bc8725
5918720	80049604	5934175ef94f0e25
5922816	800495d0	a7ee9f2b2d7d81eb
5926912	800495ec	e9052feaaa7e9d00
5931008	800495dc	0c3d2fc748ee3fb2
5935104	800495f4	21ae1651a2e28b02
5939200	8004956c	0c63fcdd5cbe1eca
5943296	800495b4	d9affc2ec5f09c49
5947392	80039960	a8f2f006babf5f13
5951488	800495b8	38d5f15dc9aec99d
5955584	800495d0	f7b2dfce8ac70961
5959680	80049608	e567079e17bb7b26
5963776	800451e0	25cb727c86e8ded4
5967872	800495d0	438026a14af170a7
5971968	800495d0	2f1c933b895f9e6a
5976064	800495e0	9ae27c2dc815a830
5980160	80046024	47a30299c41595e0
5984256	80049574	7f27f61a18745d5f
5988352	800495c4	330813ed49dbd27c
5992448	800495dc	2ea09183f0adf0b4
5996544	800495d8	cef3bde8cc906153
6000640	80049560	587ba541ecde905f
6004736	80049608	d153e0de8d6d6281
6008832	80049608	fc11be2ed853b2b4
6012928	800495ec	cc0d21cee7e7ff3d
6017024	80046064	1d89cf0c1b209260
6021120	800495d8	b29aad535e773f00
6025216	800495ec	6ae9acbc24a3d6ee
6029312	800495f4	cf81af14b3c39f66
6033408	800003c4	761b55e4b3ca1086
6037504	800452ac	5c980abb982eb8ed
6041600	800495bc	45b274203da8b919
6045696	80049608	43f26863c0294807
6049792	800495b4	c276437405e399b1
6053888	800495ec	55db4dce337ddca4
6057984	80049604	f1e0dce4b7b9b250
6062080	80049604	01d1f5a8b14458d0
6066176	800495c4	db100d06d4d0a7e5
6070272	800495e4	26c7d727c2783a62
6074368	80045520	9c823ff1af98bc93
6078464	800495e4	0d60505d6b601b4e
6082560	800495b8	7c8261146e11528b
6086656	80049604	d19949ada1768786
6090752	800495c0	6b72d4a6ac23a20a
6094848	800495d8	9ba9f3074473310d
6098944	800495c4	2cae877b0313521d
6103040	80045254	3e90c8b88eb11f2a
6107136	8002d72c	a107766e4cdbecff
6111232	800495c8	e7fda89acbe3e1a8
6115328	80049550	718961538074e04a
6119424	800495f0	7f40b882b3cc6874
6123520	800495e4	1a4a9b85ac56e0d2
6127616	80040cc0	81e61c8d89afd6d2
6131712	800495f8	d0d03b560b350e06
6135808	800495c8	4e427a6eeeff3608
6139904	800495cc	226894f3e9755900
6144000	80049604	d91ed53610398014
6148096	80049604	635992447041002c
6152192	800495c4	deef9d82ab01a8f9
6156288	80049600	5504311f4b177233
6160384	80046b0c	f7cf9b163d6f9aca
6164480	80039960	b3974a4e9b10a6c3
6168576	800495d4	4a612e5e3ed12fe5
6172672	80045290	bc8c8d8cea9fc076
6176768	800452dc	cedcb9fff6f64ae3
6180864	800495fc	2193ee2721cbcce8
6184960	800495c0	54c978e49a8f41b0
6189056	800495cc	83ebd6c66aceb012
6193152	80049604	4253d3f78f2c8434
6197248	80049528	da95ae34f495496b
6201344	80045de8	89532a7577c198c1
6205440	8005aea0	0302774a5260d382
6209536	8003d7c0	a1f76eb67200d367
6213632	8005af08	4409f343f8e832c8
6217728	8003d7c0	7a8be41015bfb0e6
6221824	8005aee8	389e6404bb5c965a
6225920	80010bc0	c8702c330db34711
6230016	8002f4dc	b94545abaf75938a
6234112	80010bb0	a29950e460798d77
6238208	8002f4cc	6dbcf3c0a96eef38
6242304	8005ae4c	ebd15bd0a6cdb4b5
6246400	80010bd0	b56d2ce5e3691366
6250496	8005ae3c	7906ee5117324fdc
6254592	8002f4b0	90cc4f232bd484f5
6258688	8005ae60	21a56c4d7f23d13f
6262784	8002f4a0	5953d322b70783c4
6266880	8005ae74	abf27c63c8e84759
6270976	80010b54	c2b8e6f403bfd434
6275072	8005ae64	0142aaeded9c4074
6279168	80010b44	d9cd460ca874cc91
6283264	8005aea8	4a48aa460364003c
6287360	80010b4c	dc6116b7158dd6cd
6291456	8005ae98	36b965479f72e1c4	d8be248f45a3649b	7bed8159bb569479
6295552	80010b68	f7d6224e882f21df
6299648	8005af00	13b908c9de04a1cb
6303744	8003d7c8	92ba6ca18e6b95f8
6307840	8005aee0	63593e0184385667
6311936	80010bb8	40b2078b940e183c
6316032	8005aed0	476d5398a53bcb1c
6320128	80010ba8	aeff1a16d7313a11
6324224	80010bd8	2aa2f760114fa349
6328320	8005ae2c	e6f75735701761c7
6332416	80010bc8	8fa6286ac70114b1
6336512	8005ae34	8f6911ab9c7465f0
6340608	8002f4f8	9aac236594ca1aca
6344704	8005ae10	39c3e589a1778f07
6348800	8002f4e8	dfe424e567f1aeff
6352896	8005ae6c	7f3b02124ecb577b
6356992	8002f4f8	0f1023efa7c9f687
6361088	8005ae5c	f68617fdb512125a
6365184	80010b3c	2e04fe18a0e37b29
6369280	8005aea0	04f8fd7d5d830984
6373376	8002f4bc	cd5a96abff059224
6377472	8005ae90	90d1b93cfb0106f8
6381568	80010b60	a0155631282ef65f
6385664	8005ae84	59521e75ad11509b
6389760	8003d7c0	0f0cd01f9a9cee56
6393856	8005aed8	7af285fb38c0bf3a
6397952	80010bb0	83b9475ef64c3ef9
6402048	8005aec8	3f2ca35e463881e6
6406144	80010ba0	13bce64fa31e60fc
6410240	80010bd0	0d4d09970a958b9b
6414336	8003d7c4	a1a78f0b3e1eff2e
6418432	8005af1c	dc5b7cf4e5951bd9
6422528	8005ae2c	669e9e5eab61a412
6426624	8002e468	bde4f3421c07f88b
6430720	8002e468	da8dd84fa71241e2
6434816	800473b0	dc95f31cd9e4d18f
6438912	800473c0	fa3b2a702858a913
6443008	800391c0	135004f10103d320
6447104	800395b8	1a33adf908deb31e
6451200	800391d0	a09611773b71e28d
6455296	800473d8	466f4e6da797749f
6459392	800473c4	5557d6dcc46d80a3
6463488	800317a4	543b37b0d974f208
6467584	80031abc	1acc52d216018ccf
6471680	80031a9c	50d8050e63f58b71
6475776	80031aa0	bff4d52816fa8ef5
6479872	800495e8	e609ef177cc106c7
6483968	8004738c	7884023ef65f5121
6488064	80031a98	1b424a82b751e8ad
6492160	80031a9c	3aaa9e46795f62b5
6496256	80047394	03cf9d73d4fbe417
6500352	80031be4	375e55f22d0fd2b5
6504448	80031aa8	f5e5c56efef6d208
6508544	80031aac	39b325deb1ff196a
6512640	80047390	faaa975e19c739ae
6516736	800473f0	d4519d7e051a7382
6520832	8004944c	f84e06707685e607
6524928	80031a88	21f02f73f5b9e44c
6529024	80031a8c	dba5d35b4dfdc184
6533120	800473b0	ca4b40004dea1950
6537216	800473b4	672d0bfea03a220c
6541312	80049508	6fc78916cadc0939
6545408	80031a90	48a36889aaa60417
6549504	80031a94	61750f27f2bb169e
6553600	800473ac	dc8e0a172bafd7f5
6557696	800473bc	c9c027cb1f80c376
6561792	800473a8	0926508b4a0db767
6565888	800473f0	3dfde84de7b4e511
6569984	80031aa4	abb498debc7f4199
6574080	80031aa8	e7fc0786cbb1b46a
6578176	80031aac	7468c960192d74f3
6582272	80047384	a421beda9f24f089
6586368	80031a88	44aa507388a2f481
6590464	80047398	1020bef8478b9f1f
6594560	8004739c	1df68853baf4b2b1
6598656	800473f0	def731eb70c4bc10
6602752	800473ac	77ee0e2abeb3db96
6606848	800473b0	bbac9ca2ca3deded
6610944	800473b4	81faa35f185b9d5e
6615040	800473b8	8641e6785ed906ea
6619136	800495cc	b19fb321f57b941f
6623232	800473b4	7ba60f5320e6f3ad
6627328	800473b8	b1ea577711c7c9a4
6631424	800473bc	350dd17f793dd576
6635520	80031aa0	6063c3c48f88e6fa
6639616	800473a0	3f284709346375ea
6643712	80031a9c	c821b1be81e1db6d
6647808	80031aa0	5b00c2a89d49cf74
6651904	80031aa4	550ee47a2028d523
6656000	80049478	80c11f4a38ad42ea
6660096	800473f8	b4ee9967b7dc5a6b
6664192	800473f0	c2dee7d6a1c0a797
6668288	800473f4	ef71b88036e973a4
6672384	80047394	194210f36b299fa3
6676480	80031a88	c42c7a5bcad285f8
6680576	80031aa0	54f51fc80505fff3
6684672	80047384	81d23f6c8f7d7d77
6688768	80047388	57fbeb555fe6942e
6692864	80031aac	d32b0407606090bd
6696960	800473c4	afcf83d202f4bbe9
6701056	80031aa4	cdc85255d5574f5e
6705152	80031aa8	8364c420aa3a762a
6709248	800473f4	5a3f1df0d002bca0
6713344	800473b0	b67a5f8b368e5cb9
6717440	80031aac	96216bcccf56149c
6721536	80031aa4	bb10ff8d6443d1cc
6725632	80031aa8	3bf786f313fa2441
6729728	800473f0	95fb312f03a8fe49
6733824	800473b0	e4eae9b509e3c67f
6737920	800473c8	aae2bff0c9c0865b
6742016	800473b4	386b9dad0a280cd8
6746112	800473bc	954ade0220568f28
6750208	800473bc	214bfd6edf46bbb3
6754304	800473b4	4340f282f65b23bf
6758400	800473b8	a20518e39a39968f
6762496	800473b4	58a55e43085c166a
6766592	8004738c	04c0a7cb85a40690
6770688	800473bc	44db213b490d6086
6774784	8004739c	9aad37a5d45f9369
6778880	80031a98	45a9f6a12e8d785b
6782976	80031a9c	85b66deefcb09deb
6787072	80031aa0	5167e2b1964b413b
6791168	80031aa4	73ad653193223597
6795264	800473cc	0185c5d84cc724dc
6799360	800473f4	69e9014848c7b573
6803456	800473f8	b197f885bebc6bb9
6807552	800473f0	69bd2963d43d2bc4
6811648	800473a8	420a52033f8392db
6815744	800473c0	f2578074bf4efbdf
6819840	800473ac	e71816277ba5c816
6823936	80031a88	2afe4dd2948ff81f
6828032	80031ab0	d755cb49f932e5c8
6832128	80031a88	debdab2e681e922c
6836224	800473c8	f9a36d5e863186bf
6840320	800473b4	ab873dd15bf6d1ba
6844416	80031a94	7ad21dd46fc2c83e
6848512	80031a8c	48c88b5b2a74bd1c
6852608	80031a90	259d23db20c2f4c6
6856704	800473ec	e47a92617e68f0ec
6860800	800473b8	629f86c9d7c1ca72
6864896	800473bc	5a866b60d5a5a527
6868992	800473b4	fad645416593ce6d
6873088	80031a98	162f7d9be99e851f
6877184	800473ec	37e98d9931328077
6881280	800473b8	ce674beff57db5be
6885376	800473bc	61f3c39d50ecf84d
6889472	800473b4	6cfc47bec8c5fe0b
6893568	80031a98	15cbe66761873085
6897664	800473ec	1626dba72eca90a3
6901760	800473a0	b15ce1ac8f69b248
6905856	80031a90	0074179d8311b4ee
6909952	80031a94	c2bdf9e49b6e7280
6914048	800473ac	ada314c7afdab3b6
6918144	80031aac	8861589e4d78467e
6922240	80031aa8	d25d8f84024829de
6926336	800473b4	dfb8d51a47a41c83
6930432	80047380	d96b54f53e021d74
6934528	800473b4	22754c83938401d4
6938624	800473bc	427015f4589941a3
6942720	80031aa8	904424838c31fc56
6946816	800473c8	112b8821776a4c09
6950912	80047380	655a3a7ce74adb83
6955008	80049470	cd83a9c7a8af01aa
6959104	80031aa4	3a3c8043e330ec6a
6963200	80031a8c	13cd182b727c354e
6967296	80031aac	72534d2fa72a81f0
6971392	80047380	4fa0a5cbf6623d4f
6975488	800473f4	799295fcf5e20bdf
6979584	80031a94	e050a245867241e1
6983680	800473ec	caf02edf590b8d2d
6987776	800473f0	a731b754611f1351
6991872	800473f4	54ef59d6f2f4e9dd
6995968	80031aac	16e8e716fd4c1eeb
7000064	800473a4	504adbef0dc07db5
7004160	800473a8	9dfd880fd12ae2d0
7008256	800473ac	7548c4bd2f34d2cf
7012352	8004946c	b16a570043ff0207
7016448	80031a8c	1783d8aadf255c66
7020544	80031a90	d6fd68e1a70c362c
7024640	800473b8	2e2087f2abdd4b91
7028736	80031a7c	372094d8487766cc
7032832	80047390	d42cef30d7fd5076
7036928	8004739c	086e2767ce3ae3be
7041024	80031a94	61f80377d468617c
7045120	80031a90	8294c3d38adf2971
7049216	80031a94	90fd3870b3632499
7053312	80047398	0c0c6bea6334bbfe
7057408	80031774	2949036967273772
7061504	8003170c	de70c02721bc1ee2
7065600	80031aa4	1c6895ce72397066
7069696	800473cc	8b7555f5401c0621
7073792	800473f8	e7bd9ab425b91c5a
7077888	80031ab0	7169ceb00279d530
7081984	80031764	a1de2ca1767d6a12
7086080	800473d8	51b99b2cf31dbc23
7090176	800473c8	bd49ef72b83ebf06
7094272	800473a0	a64439fa40e67426
7098368	800473a4	13434c2b8731481b
7102464	800473a8	9da7ce5174a02843
7106560	800473ac	01764802b4014355
7110656	800473b0	9b3204bad7834ff2
7114752	80031a8c	57e9ebf15b09310b
7118848	80031a90	f1c71045b7aef6f7
7122944	80031a94	0a027b179e8f0e66
7127040	80031a98	71dc9f3f94fa82ad
7131136	800473a0	2c141f928c29a486
7135232	800473a4	a90801a1a0c19ac3
7139328	800473a8	1468a8b7bc1d69ca
7143424	800473ac	e492e93e8f5b5313
7147520	80031a88	4d3b376819d6a9a8
7151616	80031a8c	1cbc3a29d4c5f1a8
7155712	80031a90	b23bb1f95e754352
7159808	80031a94	774a7f5c8da34623
7163904	80047394	f690e13848179dbb
7168000	80031ab0	ef182193256396b2
7172096	800473a8	a22af313d18a3db5
7176192	800473ac	0868c2398719a989
7180288	800473f4	f126ba64e0f3039a
7184384	800473b4	440d17af8fb1b0e1
7188480	80031aa0	083413c8b4af5a64
7192576	80031aa4	5c4fe648f621fccc
7196672	80031aa8	d95f0c78eeb906dc
7200768	80031aa8	7bd02378fc582672
7204864	80031aac	b0ad9be3ae2eb18d
7208960	80047380	109d2b56b9715036
7213056	80047384	cfcc821d025fcb18
7217152	80047388	e4fae106cb346cdd
7221248	800473b8	aa69789325090c8b
7225344	800473bc	57ff4b613062fed2
7229440	800473c0	eee850353e1faeb7
7233536	800473c4	d137801ee6fd26a4
7237632	8004739c	98386d54bfd8fe9d
7241728	80047398	f888d8435ad20674
7245824	800473c0	3d0af22ab1f3b2aa
7249920	80031890	a6679000ded133a8
7254016	8004738c	7ad75ce9c9308464
7258112	80047390	5f949172e11ef7ae
7262208	800473b4	7937e774ab31dddf
7266304	80031ab0	080759040b07a149
7270400	80031a88	c6b0b44706b9cc0f
7274496	80031a8c	27d6a0bbb11fb1ca
7278592	80031a90	ae6b7b9fe929c4db
7282688	800473a0	a7b6591c6ad951f5
7286784	80031a8c	87c6a282d79867b0
7290880	800473b0	5c1cb5a52a808410
7294976	80031a90	d814e91ec2a004ec
7299072	80031a94	e284f0fea505b8fb
7303168	80031a58	09b9a3ab6ad7d677
7307264	80031a98	849ac663615de919
7311360	800473b8	309d751d94453963
7315456	8003179c	186a4e9b19d79db1
7319552	800473ec	889da7d3823ff5dc
7323648	800473c0	b5313e95341b2076
7327744	80031aa4	fefcf4d5f44cbcf0
7331840	800473a0	4d3b195aad0fed71
7335936	80031ab0	60cfed80153d5014
7340032	800473b4	00b8c9e7042879a6	6a09b4fecc84f462	7bed8159bb569479
7344128	80031a8c	36b5869a8717722f
7348224	80031a90	7fd2e93466cd60b4
7352320	80031a90	9b3681f2400f93bd
7356416	800473bc	b74eb7dac7dc5d7b
7360512	800473b4	8ed5c4009070fb7b
7364608	800473b8	fa03c490473c9c41
7368704	80031a94	10b21e481ed19cf6
7372800	80031aa8	81e6ec33f42f9d8d
7376896	80031aa0	6c95dd7ecca81ff7
7380992	8004738c	b558203bf9f64908
7385088	80047390	db2f71f0d2231af1
7389184	80031a98	eb8e92f5ce784fd7
7393280	800473b4	0e21f92c66202170
7397376	80031a94	00f2052823212bf8
7401472	800473a8	977a55149f12591c
7405568	80031a9c	6e3f55be7de2a699
7409664	80031a94	17773cef4ac2e581
7413760	80047380	3fddf925bc00410a
7417856	80047384	90be9ac8186007ba
7421952	80047388	bb50880bd532f7d5
7426048	8004738c	e5e418388cb5881e
7430144	800473c4	4ec63a374c65897e
7434240	80047384	e8c5ad26ac7ba598
7438336	80047388	d46845657ea39bc1
7442432	8004738c	202f847ad316bf3a
7446528	800473cc	7e113bb436d7ca57
7450624	8004738c	6578089c56b601c1
7454720	80047390	a9a3db39be9d54b3
7458816	80047394	567d51319d8ad892
7462912	80047390	41b9d57585f96acc
7467008	80031a9c	83ba720a2c290fc1
7471104	80031a98	bcd3322062399297
7475200	800473a4	695669bf86a1c585
7479296	80031ab0	17f64cf2e5763504
7483392	800473b8	b82a051dda847c8b
7487488	80047398	c96de2d267abb059
7491584	800473a8	8f18e4c1c7572a0b
7495680	800473ac	5451eed2c559b0c7
7499776	800473f0	78ef03f46e7a7977
7503872	80049468	6311eff27164b86b
7507968	80031aa8	fe8c6d9c3dbf2d17
7512064	80031aac	98cc5db4eaef78e5
7516160	80047380	31f352083e53c0ae
7520256	80047384	45d6aaae15ddd3ce
7524352	80031ab0	bace34ede69c42c5
7528448	80031a88	734e5b0b5bb7d381
7532544	80031a8c	2f8207792720814d
7536640	80031a90	632a4675912a94f0
7540736	800473b8	48256d2e2c862259
7544832	80047380	b1598d07639cb465
7548928	800473a8	3a15ff786206aa4d
7553024	800473b0	02d099c512cbf96e
7557120	800473b8	f2b44d6f93ab4834
7561216	80031a90	af23b669174c3722
7565312	80031a90	44853799ac9dfa77
7569408	80031a94	9b9fd3f55dd78535
7573504	80031a98	b97b0739ec6ac1a8
7577600	80031a9c	2d92afb59e9a179d
7581696	8004738c	a5241f4b37689ff9
7585792	800473c8	a7232ab8418e0066
7589888	800473cc	fc2f1a54debbd25c
7593984	800473ec	7cfadb3af7303bff
7598080	80031a9c	ba8f15384cd5ccd1
7602176	80031aa8	87974b28362fdc26
7606272	800473c0	c36989f1ac39740d
7610368	800473b0	ff02b6b4fe2c0a02
7614464	800473b4	bec823292230322c
7618560	80049478	aea8bdf65493dc14
7622656	800473f4	b12477e894a7e325
7626752	800473c0	8b6f5d698ee2ba93
7630848	80031ab0	8e5cf238fac5112d
7634944	80031a88	7fed11622546e275
7639040	80031ab0	56f381307cbf0a7d
7643136	80031a88	9f05ae7b33c4b69d
7647232	80031a8c	7af7d4fbd8ce5a09
7651328	80031a90	f7b8414afcf3b8f4
7655424	80031a94	5ebd13f640f7f2a3
7659520	800473b8	1710c65ad807d974
7663616	800473b0	582df319a361a7e8
7667712	800473a0	812279b17de8fdad
7671808	80047394	f728e33995132565
7675904	80047380	3d045078606a8b2e
7680000	8004738c	a0acc1d886638ece
7684096	80047390	40b58f8d50596680
7688192	800473f8	acc4b6cddafbf14d
7692288	80031a98	8441e4bcdd69b408
7696384	80031a88	df86dc90446536db
7700480	80031aa0	725eb4e955cae2bc
7704576	80031a9c	f5e9a91d169692b4
7708672	800473cc	7596d6a00c9a9efe
7712768	80031aa4	03417797386f9a5e
7716864	80031aa0	bf5117436028eb20
7720960	80031a94	d8618b4301e124d2
7725056	80031a98	3b6fcba31778d3a9
7729152	80031a9c	755ae3dea1dfc931
7733248	800473b4	8a65154def435dae
7737344	80031aac	7efbc968221097ee
7741440	80047380	e401af5a9aff33a6
7745536	80047384	85cb83bfea77021c
7749632	80047388	9f4bfc22c0f447bd
7753728	800473f8	0cc92a60b775800c
7757824	80031aa8	e933f3dd58019492
7761920	800473f4	1aae52644db8e16e
7766016	80047380	a2dcd967f7d5e4b9
7770112	80047384	69725f8f86bc8ab3
7774208	800473f8	6906650eed5c05ca
7778304	80031ab0	4565dc225014c9aa
7782400	80031a88	451fc70162ba8c24
7786496	80031a8c	94e0f5ad46328f01
7790592	800473f0	65ae3fd8a21b42dd
7794688	800473f4	7bdcb25cc52e9500
7798784	800473f8	c851c1e28f32489c
7802880	80031ab0	549aadf6ebd11cae
7806976	80049468	a946c439ae5f0690
7811072	80031a90	977d3dd915d382d6
7815168	80047394	16ffea926664d797
7819264	80047398	d4fe337b6f6a2a04
7823360	800473d8	a0894c7dd9ed2ef5
7827456	80031a90	f11dfef821feb16b
7831552	800473c0	bb743af0b894604f
7835648	800473c4	bee23316bece652e
7839744	800473c8	181ddf792992f1a6
7843840	800473b0	b4970578e3d3c66b
7847936	80031a9c	5e12021a25b34c05
7852032	80031aac	022de92ae314aede
7856128	80047380	73f46bd9d9ea2e38
7860224	80031a8c	4008f91e178112f2
7864320	800473cc	656c321db9d1f810
7868416	8004738c	c8eee2755d258894
7872512	80047390	770fd62d661693b4
7876608	80031a88	d8003dff36e83b04
7880704	80031a8c	3fc143dcd7b02dc5
7884800	80049468	b5cd71fb7b593275
7888896	8004739c	9afe610648725f8b
7892992	800473a0	6bb6b067e2e20399
7897088	80047390	46e137363b35862c
7901184	80031a9c	2e5dd694acbbe7e0
7905280	800473bc	dab067c56c2e2605
7909376	800473b0	a9c06abe9436ff8a
7913472	800473b4	a377fe16e9d3f4dd
7917568	80047384	0780b06e577d9149
7921664	800473c4	854bcf1d028c0aa2
7925760	800473c4	52cd7f1ec005bedd
7929856	80047398	c8b841336439f807
7933952	8004739c	a5050cd752d9e317
7938048	800473a0	6b99f574cd70f80b
7942144	80031a88	a6afd8d84f631240
7946240	800473b4	a7b16331a7d14907
7950336	80047398	fe36ecc40dcd46b7
7954432	8004739c	b67f226566f78906
7958528	800473a4	3b35a6bbc7ca6a7d
7962624	80031a94	8cadc5866b26fd21
7966720	800473f4	626bc10f7ef752e5
7970816	800473f8	58b10d425a4a3878
7974912	800473bc	9f6e5802dc982b98
7979008	800473a8	6d132e0dbb6b11b6
7983104	8004739c	0bdb23a49c1a714b
7987200	800473f0	3fcc2965503914a7
7991296	800473f4	36ad05892a38d8a3
7995392	80031a98	8d56f41f863034c0
7999488	80031a8c	d846c370571e1b7d
8003584	80047398	07a6972ea718386e
8007680	8004739c	52b3108a3be79e0d
8011776	800473a0	6547808f69cea5ec
8015872	800473a4	f9657b7130d25b2c
8019968	80049464	cdfab18364460f47
8024064	800473c8	f97b4a6f4cef16cc
8028160	800473cc	df66d377424ddb8a
8032256	800473ec	9b2b78f8b62638ce
8036352	80031a9c	97e0783b6462a5a3
8040448	800473bc	e277ac8625c18e2c
8044544	800473c0	c1e975965303576f
8048640	800473c4	29618d2ae7fdb012
8052736	800473c8	b2820627476d9f95
8056832	8004739c	683846f39989fd66
8060928	800473f8	80ff9e997bb17bde
8065024	800473f4	c46ef9b489d7d16e
8069120	80031a88	058189100240e40d
8073216	800473c4	6bcfe20f80ab39f7
8077312	800473ac	6af2be27f741e74b
8081408	800473b0	6d64d64965d60629
8085504	800473b4	14fc29a6b1760295
8089600	800473b8	3ad84f6e4bbf5dbc
8093696	80047398	7475b61f2912a8cd
8097792	8004739c	592f9396b591a459
8101888	800473a0	8a61fb7890d7cb93
8105984	800473a4	317eefb8f7825f52
8110080	8004738c	f7493650695c085e
8114176	80047398	91df706a96d6b141
8118272	8004738c	8bb68c32affbba2a
8122368	80047390	89f6d5b1428c84e8
8126464	80047388	22402043798e3916
8130560	80047394	3b0882f46ff828e2
8134656	8004739c	3b1b1edea4d08e88
8138752	800473a8	c589db1bfa177635
8142848	800473ac	681bd350b4bbe2c5
8146944	800473f4	61ddda0d398d5ac8
8151040	800473a0	0e76d04ac220426c
8155136	8004739c	bc846d76afbbcec1
8159232	800473d8	23f14dc2aa0bebfa
8163328	800473a4	ed6f65d4f795411b
8167424	800473c8	a78ba06e710e18f7
8171520	800473a0	f481da9d58bdee4f
8175616	8004739c	a1f8fd648801a656
8179712	800473b4	70be98b6c8425cd7
8183808	800473a4	4ae3803656ca68e9
8187904	800473c8	8ef332a24e0ed744
8192000	800473ec	8e989fc62404ead1
8196096	800473f0	8219ae3747832c8c
8200192	800473f4	107a52ada7ac4f2b
8204288	800473c0	b5669ea3733b67fc
8208384	80031aac	60193d412c0b7b2b
8212480	80047380	8b24ee248b764a2a
8216576	80047384	aac85dd59e25d3ca
8220672	80047388	463b37f7c9601d0e
8224768	80031aa0	6f81e39a2a60f3b2
8228864	80031aa4	4ff7a12c355b6260
8232960	80031aa8	d2a12b44f2592dd4
8237056	80031aac	5c85ffe7af109808
8241152	80031bdc	4269ebba37e18d14
8245248	80031ab0	3e1c49ad200424de
8249344	80031a88	925c9e3387f8f009
8253440	800473a8	a0af25d73f2ade5a
8257536	80047398	dc48d14ae728d581
8261632	800473b4	b18d7d7585a7e906
8265728	800473f0	6cfe49f25f888fe8
8269824	800473f4	1c32af7e0d4434c2
8273920	800473f8	95696a081ed3d65e
8278016	800473c8	71ffeaa40c3ac377
8282112	80031a88	1e78305412a5ddad
8286208	80047398	6dd065a56c50a83a
8290304	80031a98	489437f14bba87b7
8294400	80031a9c	84171a1b09e96cf5
8298496	800473cc	9b5ef0d2b3930c1a
8302592	80031aa8	b558469c74ec5fe4
8306688	800473bc	c33c26c087abb7ab
8310784	800473c0	b08b76e6aae5563d
8314880	800473c4	27b111bb69b7b18c
8318976	80031a90	94195fcb2ccd89f4
8323072	800473a8	d58a254965bfb3a8
8327168	800473b8	1853de5296bd18dc
8331264	800473bc	8aadd7545efb3402
8335360	800473a0	06cbc9316126fbe8
8339456	800494bc	e101e8c54db6b42d
8343552	80047388	f20dcd1e2c875da4
8347648	8004738c	e79bfb5343609a88
8351744	80047390	17a41ad4ad5010a5
8355840	80047394	378d8cd10ff2b9e5
8359936	800473b0	44923148bf3e0af4
8364032	800473b4	77ee95d7e3127ceb
8368128	80047388	8df9292a239df327
8372224	800473f4	eb995bc5229e2db0
8376320	80031a90	bab1be96891fe4ae
8380416	800473b8	b7307c7db4caacf0
8384512	800473bc	e74af7be80155559
8388608	800473f0	e237f904113c5288	f4eb2d1c139966ca	7bed8159bb569479
8392704	80047398	5b4d2cc69a5f226b
8396800	8004739c	c20732bb5b2b5f1c
8400896	80047384	6d58b93903a65885
8404992	800473c8	ea296579c1796ce7
8409088	80031a8c	d24db5ed24e90493
8413184	800473b0	6ceee7ebc3a34da7
8417280	800473c0	8c042af70cbc97cc
8421376	800473ec	0696918d380936a1
8425472	800473ec	b21981b678d9c474
8429568	800473a8	38e83a2c18a30df7
8433664	800473b4	ecd7e97158d31728
8437760	800473c8	88f5b70ba3e416b4
8441856	800473f4	e146af1ca122d1d1
8445952	800473f4	85c92d2429370db5
8450048	800473b0	67eb71b6ce1efc5a
8454144	800473bc	20c76435fca14ec3
8458240	80047388	849d1c8a6edfb2bd
8462336	80047398	5230973e94b8574f
8466432	80031ab0	832c17266e2467ee
8470528	80031aa0	c15a15cf7fad2908
8474624	800473c0	f42676c21b0e6471
8478720	800473f0	b40bc3a5fa5e8391
8482816	80031aa4	74312d26de78b14c
8486912	80031aa8	186abc75cbf0dd34
8491008	80031aac	07f338670a2c9473
8495104	80047380	aae77978f5351622
8499200	800473b8	772399aafd80a4b2
8503296	800473bc	7d2d68816be17cb5
8507392	800473c0	9c4cf08de2d18293
8511488	800473c4	fe9204233637bf03
8515584	80031aa0	d7c7943720ae7962
8519680	80031aa4	b57657c4e11e8cd0
8523776	80031aa8	19fc80a2bb47be85
8527872	80031aac	3d35fec6148b838c
8531968	800473b4	0339bd125f6933e8
8536064	800473b8	11b84afae58ec42f
8540160	800473bc	384c47670236304f
8544256	800473c0	a9ed0e872d61ccd4
8548352	800473c4	ced8718c513e4df8
8552448	80031a8c	248e5c26a1ffc816
8556544	80031aa8	28745ea9d31f307a
8560640	80031aac	5d9f335dd8c073c3
8564736	800473f4	055e31d21ec21200
8568832	800473c8	50cc206fc2eb58f9
8572928	800473cc	18d3774d60874b7a
8577024	800473ec	42310bc7c7a710e9
8581120	800473f0	b0266f91aaa55c57
8585216	80047388	08bed99217c73e00
8589312	800473b8	6cc3ea65f75f2be1
8593408	800473bc	281da538741f90cd
8597504	800473c0	7b72cc93d367eaf1
8601600	800473bc	44397a8ebf2a49cd
8605696	800473a4	5baa2ed07eeb5374
8609792	800473a8	e1d5b04ae9999670
8613888	800473ac	a2e2de59f1172802
8617984	800473b0	bc9b50452d11728e
8622080	80047390	5d43391bb1e113da
8626176	80047394	08144006e7e14162
8630272	80047398	91edacb8819d5bb1
8634368	8004739c	6d7c08711bcb96c2
8638464	80049478	acdd671aafce050d
8642560	80047380	9726b8fa48b1545b
8646656	80047384	35c31236126ffe89
8650752	80047388	cff9dd5ae190f628
8654848	800473b0	d7f403561f9ff914
8658944	80031a9c	5924b078bbe54970
8663040	80031aa0	e2dadf061442a799
8667136	80031aa4	3174f18ec3884b8b
8671232	80031ac4	525fe0687a2a3a62
8675328	80031a88	a8491e232438a2e9
8679424	80031a8c	ee726822c5bf5d68
8683520	80031a90	33eb998228ff6fdf
8687616	80031a94	e32284e8ff3a5cf3
8691712	800473f4	f0c2d5621b1433d5
8695808	800473c8	57914a8e389cf2b1
8699904	800473ac	6e7fb5348c906c6b
8704000	80047388	e15aae1ff8583863
8708096	8004738c	97ac35492ffc78a4
8712192	800473bc	2fcfd6c6c07c492d
8716288	800473ac	de172f4ad7a6c145
8720384	80031a98	bcd4434bb477e1fa
8724480	80031a9c	bc8069a94e263bbd
8728576	80031aa0	0e7c384996b31932
8732672	800473a0	67373bd8548e7076
8736768	800473a4	931bb02d4da74bc9
8740864	800473a8	42087a7138ed4bb7
8744960	800473ac	1712c0371d1fca60
8749056	80047394	8dd4542446ad08d2
8753152	80047398	d7a221d8887c2cfb
8757248	8004739c	dfb2cde5f2ab385b
8761344	800473a0	04ab160bae29acde
8765440	80049470	38e6cb7f98adfc96
8769536	8004738c	2a82d0f5cfb00c56
8773632	80047390	ee16786b084c2cda
8777728	80047394	ad1698035232838b
8781824	80047398	e3e7cbc048d56b0c
8785920	800473c8	e62d62076e115e30
8790016	800473cc	be07a0f81831561c
8794112	800473ec	9f3c217852e82935
8798208	800473cc	eb33b7796fe5b903
8802304	800473a8	94617dbfe76dd167
8806400	80047394	e27b7c49afce3359
8810496	8004738c	3bfaa0cd5f77acf0
8814592	80047390	d9a100e717cb61bf
8818688	80049478	79a6f2352591a275
8822784	800473b0	e66b84edbaf28c34
8826880	800473f8	bcd3c2c7a3cfdcc1
8830976	80047394	84e4aba90179b161
8835072	80047398	b9dee85981a26877
8839168	800473b4	7e37e926b827102b
8843264	80047398	849b37d8f80232ec
8847360	80031aa4	50267415092b21e4
8851456	80031aa8	e9b781b1d062aac6
8855552	80031aac	4cee24163093da93
8859648	80047380	1e6e44a1f8b91382
8863744	800473d8	d9b865b0fb3ad1b7
8867840	80047394	77f0e5c78fa5ce7d
8871936	800473f0	09294db81ca273fc
8876032	800473bc	69031eff38feefe8
8880128	80031ab0	590769e94de6f8c4
8884224	80031a98	8d6a1dcb75f35935
8888320	80031a9c	ac2d70c287463ab1
8892416	800473ec	78dcbc990327f0c8
8896512	800494c8	96903c2f3e0fe2b8
8900608	800473d8	e5054ebf6462eeb8
8904704	800473cc	a65b635a2eb3721c
8908800	800473ec	4627b796f72ff40e
8912896	80047384	4555142d22d4125f
8916992	80047398	2946544315f473b6
8921088	8004739c	ecefb21f187e8a5b
8925184	800473a0	1debfc0388cf9e2e
8929280	800473a4	0cfb057a6540cce4
8933376	800473f8	a458b91b31fc0105
8937472	80031ab0	4943ba16bf229324
8941568	80031a88	7fdde60ed1943ab5
8945664	80031a8c	98499b1cbe87297d
8949760	80031a90	f014ca2f83c859e5
8953856	80047398	82714e44eda559c7
8957952	8004739c	327710f39bd608f3
8962048	800473a0	11573c99f2a8f71b
8966144	800473a4	7ec0bf26dd1be10e
8970240	800473f8	9cff1153db9b0aa5
8974336	80031ab0	5e96845da96595ca
8978432	80031a88	0fc6c345a4f1f544
8982528	80031a8c	f60a81d8d4e0de29
8986624	80047394	6e23e3b2798df08f
8990720	80047398	09a23c76922ce624
8994816	8004739c	2daf78f0a7f794e1
8998912	800473a0	73451dadebbc5414
9003008	800473f4	86581333f91af25c
9007104	800473f8	77e1e69b3e1d8df5
9011200	80031ab0	be14a9448af8a9bc
9015296	80031a88	9b63dff2009fb94f
9019392	800494c8	051b2226f906ae64
9023488	80031aa8	9bf64648f1f12ab2
9027584	80031aac	c7bfabac0cc92446
9031680	80031aa4	b93c55923c688326
9035776	800473b8	314869d816e7b5bc
9039872	80049470	05ddf3bb3433d756
9043968	800473c0	2268b3cdb1c07c13
9048064	800473c4	539e0e22472b9d2e
9052160	80031aa4	df5fc85390feec1d
9056256	80031aa4	c476f5efbf43d391
9060352	8004946c	140371a2b5c109bc
9064448	800473bc	c67775f500ca7e7c
9068544	80031a94	81b1bd30eb55d4ae
9072640	800473c4	087bd346ea6ac57b
9076736	800473c8	ea7e2caff4739e92
9080832	800473f4	12b94bec92df08ae
9084928	800473c8	f0f2f1b13d10d9e9
9089024	800473a8	7ceee23954c2b621
9093120	800473ac	b99ca2587f2ad1de
9097216	800473b0	8baa38251aeb4be7
9101312	800473cc	9265f87ddbcdd11e
9105408	800473f0	261763c0f62a967e
9109504	800473b0	b0410eff68901689
9113600	800473b4	cd7d6ae73a60ae7c
9117696	800004b8	69a1975fe92bad0b
9121792	8004cb0c	80600359e64d8c70
9125888	8004586c	ae01db01b4a08e22
9129984	80040d24	6041da167f87f2d8
9134080	800452f0	8be642fdcc92315f
9138176	8005a2e4	efeeefb03a6e0b58
9142272	8004ed4c	ac93ae689b62e87c
9146368	8003d0a0	360e8a22dc0e32ce
9150464	8004ec4c	a64cca8708e41da4
9154560	80039a00	27854611230b873e
9158656	800495bc	2c0a33e30ab9b481
9162752	80038fb0	1eb353d712f48329
9166848	8004ec60	96e63ddcfcbfd600
9170944	800395c0	ebeed8d52b7eee40
9175040	80049568	f5a69021b5be1ed3
9179136	80046b08	4f67bc5c33448797
9183232	800543a4	3f69d4b5f300d5d8
9187328	8003d18c	227ae4a640de7b41
9191424	8004ec6c	bce249b739872dce
9195520	80049648	a2abf0da6b3533be
9199616	8005a2c8	dc2c87666b0917de
9203712	8003d168	57a672dcc2d545e5
9207808	800495c8	567c910efd9bd6f9
9211904	80049490	1ae7923a3208f6aa
9216000	8005a2bc	0cd517bf71bbea2c
9220096	80046e68	9cd9f5459aeab7df
9224192	8003d0b8	03710f24d11a41f1
9228288	8004ec4c	a19fb602a97ae6b3
9232384	800395ac	8cf21a48356ffc9b
9236480	80049358	18bf0e3510464859
9240576	80038fb4	d7f89616e50d7ab6
9244672	8004fa48	7d15170a08916b88
9248768	80039a28	9af14d51f2a1c0d5
9252864	8004ec44	feb7bc5a1b37c26f
9256960	800495c8	70de2ec80727aea7
9261056	80049604	8169a202262012cd
9265152	80047384	91c3e12b117415ec
9269248	80045524	cc8fadc92b141597
9273344	800495e8	0ea68f786b919f14
9277440	800495c8	aa1330c69f8a676b
9281536	800495d4	a4262c9df8410561
9285632	800473a0	9e338cae11835326
9289728	80046380	e5ba85444d8b2ea5
9293824	800395b4	039cda18842bb80f
9297920	8004632c	fcaa7be0b3c1ab7f
9302016	800495f8	4152ea0a72914095
9306112	80046318	4ca14f9c6d2eeb7d
9310208	80047398	24c305fd62ddd38d
9314304	80049600	7d8184cd1b741ec5
9318400	800495c4	307ef124d1efff86
9322496	800543bc	f2662fea28cf0d35
9326592	8005a2fc	ff51f011fe34d565
9330688	800495dc	d12223d932d8614b
9334784	80049604	224293283529b8b5
9338880	800495f8	fd971a1ae5f2d5dc
9342976	800495d8	f4797237575d2015
9347072	800495b8	b6e388189466dfbf
9351168	800495ec	1f2c9890b4e2213f
9355264	800495fc	6077a0b380733741
9359360	800495e0	369c535baa5f76e4
9363456	8004eb74	f37ed6299092b985
9367552	8004f6b4	1593af050c4026d1
9371648	8005440c	d91a269d9893e180
9375744	800495fc	2bed9da58aa3e9b5
9379840	80050478	9950a06ccc0499e0
9383936	8004ecc8	a8b003cdf80be795
9388032	80035c2c	fe136b6d631981db
9392128	800495b4	c27ba2957384ed90
9396224	80049490	058c43ee3ba0e877
9400320	80046014	22b0f190a0c3854f
9404416	80048e30	ffeaf130d2f17c5e
9408512	800451e4	3cb4265adff44dd1
9412608	80049604	b38050d5cb888ad8
9416704	800495c0	f82ae0a0182469ce
9420800	8004cb0c	8a9ac817649c6624
9424896	80049360	98a8bcf292e1f7b0
9428992	800495fc	bcb832b4ffda1a53
9433088	8004ec84	f59abe37a563fc73
9437184	80049364	87cbc573ec66a4ee	c4f9ee6c5c75f49c	7bed8159bb569479
9441280	8004ee34	c78487e685da63bf
9445376	80039640	8f5a3ce22467f7d9
9449472	80038fec	0cc956641643654f
9453568	80049604	568a657241979e29
9457664	800473c8	460e7fb4bad07059
9461760	800494c8	486b1097aa67616d
9465856	800495c0	25bed62564249485
9469952	8004936c	98540aa304a78873
9474048	800463bc	ca967c03629b059f
9478144	8003d0f4	c246dc17512e344a
9482240	800495ec	9572db7c57b60587
9486336	80039574	606454abcace95ef
9490432	80013820	50940b0d7dab421d
9494528	800495f8	36768e618f85a0a5
9498624	800495ec	40d98916b91e105e
9502720	800495cc	869b8ff7cfaf26d2
9506816	8003997c	a88956f29a858e34
9510912	80049604	8ba9eb5eb47696cf
9515008	800495e4	ee11212ff01a4940
9519104	80049574	cda4931f7d70fd0a
9523200	8003d27c	e7bd347f11e58dd0
9527296	8003d26c	9e103e347e47c68d
9531392	8003d28c	72f82faa7eaf2fbb
9535488	8003d284	765b74226c27ef5c
9539584	800495c4	bc8b258ed17c30eb
9543680	800495b8	e8cb98e4e78163b7
9547776	800495f0	146bbd304758fda5
9551872	80049464	31d7567b41f04d09
9555968	800495f8	6515e052443ad2ed
9560064	80027a78	6dc6e56617893833
9564160	80027a78	fbe8c85537229e59
9568256	80027a78	2f0afbd2571a8f09
9572352	80027a78	801877e4afe4440d
9576448	80049464	f93411a9572a12f4
9580544	800495b8	d6dcac29e70e794c
9584640	80049604	5e991e1d0c079fd0
9588736	800473b8	b5c33588f6edca6e
9592832	80039588	557247e0d3cb3309
9596928	80027fd4	cf4cadf7c4fefa72
9601024	800473f4	568d76d535180055
9605120	800395ec	c599d74155ed6035
9609216	800473a0	d6058a3c76ad4e76
9613312	800395c8	9c2e5264f239bd09
9617408	8002d850	53bf00f96624cfeb
9621504	800473c8	949814a9b8adc103
9625600	80039640	367e1b1fb60a839b
9629696	80047398	9dcb58586158abfd
9633792	8002d834	c588e9841a2934c4
9637888	800395e4	877e279b73d08303
9641984	800473a0	b87aab55bb262a1c
9646080	80039570	12ac1a4b9228c5e2
9650176	800395bc	29c4005bfcf07a97
9654272	80028008	4a95846c4a50834b
9658368	800395d0	efe2517bbbf3e1f7
9662464	800473c0	2b57e50273a1ef86
9666560	8002d84c	0fd53003dc663794
9670656	800395b0	dfcbcc54509ab14f
9674752	800395cc	903dadcde1928c2e
9678848	800473a0	9affa30298e360fa
9682944	800473ac	259fbf63eb27dee4
9687040	80027ff4	20011c8cf4a62d68
9691136	80049468	585092fdaa428630
9695232	80049478	90fad058848fa99d
9699328	8004607c	20cab4c78f78843c
9703424	80049550	b4aa7b508ddbc06f
9707520	800495f0	7322dfde79973630
9711616	800495d0	bfa187eeaadd4339
9715712	80049604	3c3b259c500fef36
9719808	800495e4	d42677f2515f082e
9723904	80000358	34459edfb06dc97a
9728000	800495b8	daac18ede13deac6
9732096	800495f0	38abfcfbf8430d28
9736192	800495cc	7ce2068e8cfac6f4
9740288	80049604	5a042c61e76c42b5
9744384	800495e4	53e3ea932baaecd9
9748480	800495d8	eb164fc94a1e8180
9752576	800452d4	ece161bbb03803d2
9756672	8002d8d8	cffab935a52e832e
9760768	800286b4	86de7e7a3d79908b
9764864	800391cc	91562a58398072cb
9768960	800391c8	4eeada3bbd2b18ed
9773056	8002c894	9f5d42734c9815eb
9777152	800391cc	61c7e63714897d8d
9781248	8002d90c	971ffa0e416ca1bd
9785344	800473cc	570991595cd6a07a
9789440	800391c4	34d39b75252d3e54
9793536	800391c0	1341a5dfafd0f3e9
9797632	800286e0	b9817cd12ee1c4de
9801728	800473c8	c11dd893197827e6
9805824	8002869c	3321130dab213864
9809920	800391a8	0b979c0bbbe5bdb8
9814016	8004738c	54a1d302064d124c
9818112	800473b4	7b4d3b1d1c585dca
9822208	8002d8e0	e7c7d511fb1c1ad8
9826304	800391c4	83d00932e6730122
9830400	800473c4	d845f27443eb094e
9834496	8002d8e8	509c06cea44f3fbd
9838592	800473f4	a00151263173f5f7
9842688	800473c0	30bfd510c2a8d659
9846784	800473a8	49c81c8e39667f6e
9850880	800473d8	4e3b4dbea17f0a57
9854976	80047394	446541f3cf61d577
9859072	8004739c	6b95dd3624846fea
9863168	80047398	9bcf8867baa29165
9867264	800391e0	f07fdb87be39d5bf
9871360	8002d8d0	3852a9f9f52f8d8e
9875456	800473b4	85d7d47886d225bf
9879552	800391c4	29b05adae9359473
9883648	8002c828	b103ca825be980a2
9887744	8002d8c4	8b8950e47830340f
9891840	800391dc	9d1581e2e4b16413
9895936	800473f4	6b3129892609a26f
9900032	8002d8f8	616aab130232b9b0
9904128	800286c8	c6a28643b2405aa0
9908224	800391ec	b2ab44e5a70a7204
9912320	8002c894	53fded669bf3da10
9916416	800391c4	ba2993c3749b90c3
9920512	800473ac	9a92d15d13c7cb0e
9924608	800391d8	4a6f2a157cfa41f5
9928704	80047394	ed149015f4d0a536
9932800	800391d4	1a9e016a5a1c79ef
9936896	800473b0	023776f5ec0790fc
9940992	800473b0	cb3139b02e01171e
9945088	800286f8	d645189b7b61b058
9949184	8002c874	1a90b4112a90df16
9953280	800473a8	de04e3e813817707
9957376	8002d8c0	4e4a92758892e159
9961472	8002d8e8	0afb67a05d4dfdf1
9965568	800473b8	34f8d892ef16b29c
9969664	800473b8	4a708470afb03278
9973760	800473b8	0121b0d56feaf5be
9977856	800391dc	306677eb1da32424
9981952	800286dc	1e3464ce2d0347a0
9986048	800473ac	3e1f9a0e0a3bae18
9990144	800391b0	8f8944e26344acb2
9994240	80047380	4efde385f6c8225c
9998336	8002c820	58f847dff7da1350
10002432	800391d8	afa76e1230ee6a80
10006528	8002d8f0	515b22afe8279f54
10010624	800286ac	5ad387380f7a5134
10014720	800391c4	51a15b2c3f555fe0
10018816	800473cc	aa3422039131b3fe
10022912	800391dc	05858f6418f01652
10027008	800473a8	3c1baba416b91d61
10031104	800391cc	fda32e988683d2a9
10035200	800473c0	2f640089b9fc8326
10039296	8002d90c	ff53d6e902abe1d7
10043392	8002c874	16567b1885e80c8c
10047488	800391d4	c18c6d30bd56af85
10051584	800286a4	bdf81aedd50fe6e7
10055680	800391c0	f4cd69111c220b93
10059776	800391c4	9f92aa3ff5e1c331
10063872	800473a0	82ca1ac35f895915
10067968	800391c0	bb363cf28ebb7ea1
10072064	800286ac	241d55e7453f7863
10076160	800391c8	5ae282278ac317c1
10080256	80047394	4bbff30876be6099
10084352	8002d904	d4cd42a42fee1246
10088448	800473ac	e143f97355bcf540
10092544	800391ec	7b5f4f52033f9d74
10096640	80047390	9c81bffa9d50c3f5
10100736	800391bc	7cd54b4922575963
10104832	800286cc	d6a86f04a57b1913
10108928	8002d908	0aa75fc62cbcf0fd
10113024	80047394	3ed1c08c0581f897
10117120	800391d8	eed118a0e2f6b90a
10121216	800473ec	815323b72642be58
10125312	800473f4	772e1ffc7192bebe
10129408	800391a8	6bbcfec9bea063f6
10133504	8002d904	5b0e52b333d3a293
10137600	8002c888	91718e594b16721b
10141696	8004739c	8c3bc2272f75a535
10145792	800473a0	490485fe2eb343df
10149888	800473c4	818971c013457f58
10153984	800391e0	988a6a1f48ccc8db
10158080	8002c88c	a8613c1be39d97b3
10162176	800391b8	66b599b68ea491e7
10166272	80049468	9fc6c9448f7e46a1
10170368	80049478	aa8c2333a102bac2
10174464	80049470	3d3307185cba405a
10178560	80049468	56e89a6ca50de7a4
10182656	80049478	fac348ed6c1f5a86
10186752	80049470	7e6882942097ea05
10190848	800495c8	0f42624617ea518e
10194944	80046024	1499d233a6135cc3
10199040	800495f4	cf9d714368912737
10203136	800495d4	d356299e7024fa42
10207232	80049608	feac57a9adb86d8e
10211328	8002846c	f8663b40a69864f7
10215424	800284f8	d54b56cab1bf66bf
10219520	800284c8	621fbd6adc81f023
10223616	8002843c	1b079443d5412e28
10227712	80028408	6b7a5552a2a49de5
10231808	800283dc	75094433e98f979d
10235904	80028428	d3316d046bfbdf10
10240000	80010b50	fab6653403c0fa22
10244096	80028408	02fb05ac1acafb7a
10248192	8005aea0	c6a3b6003181b661
10252288	80010bcc	f3dffaceb402da0e
10256384	800283fc	43d663e3398ccaaa
10260480	80028540	0e9459ce41a74009
10264576	800285a8	6325d087ab2906df
10268672	80028468	7b4e2ff2a7463a58
10272768	80028408	6f75e0b76e4ff6fa
10276864	800284c8	4ba21b83eaee9cd7
10280960	80028504	5b3e2efe85ffab08
10285056	80028518	b4315fc419d16f84
10289152	80028428	a872ea2475eed54f
10293248	800283d8	7afa3eeb16beda3e
10297344	8002849c	3e019068643ad38d
10301440	800284bc	dcfabbac351c6d34
10305536	80028440	c1a1b01c64a094d5
10309632	80028470	5d4320728f7ee4ff
10313728	800283e4	2a028e8bd163db99
10317824	800495d8	89f0cd9f4774b9d5
10321920	80027ea4	271aff1419ffb705
10326016	80027e8c	d6820634bc2b1c16
10330112	800495e8	1527c1730ac26667
10334208	800495c4	9ed871765d8f4e39
10338304	800495fc	3ee3470743cb9a83
10342400	800495dc	82081a8cc6c07d69
10346496	800495d0	8ae9b025a9a98244
10350592	8002814c	fec4e9e97f2aae46
10354688	80028154	a630cef185a2fcc2
10358784	80028188	3ffdc585491b8f1f
10362880	800280e4	ee2d26eea41428cb
10366976	80028144	7f3bf9d9fe528917
10371072	80028178	9818b9e0bce15c95
10375168	80028180	ff055291f39dab62
10379264	80028108	0d33f9e427a0ab8f
10383360	8002813c	b7eeeb5bfef6bfed
10387456	8002819c	252e964dcac18f3e
10391552	800281a4	70d699a8521594b8
10395648	8002812c	4ef63dd039060df5
10399744	80028134	b918dc7c81f93b5d
10403840	80028194	ad4e6276584e131d
10407936	800280c4	58c52139c6a4542c
10412032	80049474	bf1609fb63878f6d
10416128	8004946c	4f77d608b0ebd185
10420224	80049464	1e6f1e59e0fbc8c5
10424320	80049474	7f37b3d051fcae08
10428416	800495dc	bcd31c6333fe89df
10432512	800495d0	01dc33e0e27e3ffe
10436608	80049608	ba662e4635930fb4
10440704	800003f8	da89ceb89c79dfe3
10444800	800495c4	d2cf57c7b4a27e0d
10448896	800495fc	4c2be426ac8ced60
10452992	80027c50	731119613fdf340b
10457088	80027d40	707206443ab61606
10461184	80027d38	684ca0db4cc7b673
10465280	80027c40	def113b568cb691d
10469376	80027c70	ad056c2533fbc12d
10473472	80027ce8	5232a858077cb2ab
10477568	80027c88	6923cbea2f70f504
10481664	80027c30	e121fdd1707b0769
10485760	80027d20	f92aff591683d4ed	1fd8c60885f10480	7bed8159bb569479
10489856	80027c98	71aec9fde6665c97
10493952	80027d10	707c2a2985976d7b
10498048	80027c20	dd8ccba429fb0336
10502144	80027cb8	41a5eb8c5543b5ef
10506240	80027cd8	d3cc857d0504d541
10510336	80027c80	0a00a63e47e79c6c
10514432	80027ca8	1614a5ba0352d064
10518528	80027d50	5f12e8f723b2843e
10522624	80027c38	378e10c4546f239e
10526720	80027c58	da16799126e5c3c1
10530816	80027cf8	1fbcf851f818862d
10534912	80027c80	069aeec4133d8a48
10539008	80027c78	fd2df11b512fdf75
10543104	80027c90	a854ccb3fc236104
10547200	80027c60	0967c274c085d9bb
10551296	80027d28	251f8c4485d76387
10555392	80028830	b55307185a23a980
10559488	80028890	43ff86c7f4de474c
10563584	80028874	91a5058b015bbd52
10567680	8002888c	975b236d48254b2d
10571776	800288e4	11071f7ed90d6d59
10575872	80028954	b8aa31aa12bb8472
10579968	80028914	a8ee83b60b48c208
10584064	80028950	7bd03ac298c44307
10588160	80028948	5763e6fd29807d60
10592256	80028a34	1847cf0b56e5bcc2
10596352	800289d4	5971b121c49caf94
10600448	800289ac	d52b837fee39d929
10604544	80028a2c	ef32dd1d2031b2d4
10608640	8000f8bc	2077b2c0c46940e8
10612736	800289b0	a7d1127c950deaa7
10616832	80028a60	0e0d8068b330af6c
10620928	8000f8ec	c198adbf5188e472
10625024	800289a4	ab640acb728c5387
10629120	8000f8f4	257863fa255c3611
10633216	800289a8	36e51e36ad28c5dc
10637312	8000f8e4	ee038e7f64600ac6
10641408	800289e8	942a23c6c54c1049
10645504	8004555c	3901a0b6ad53ba0e
10649600	800495c0	98bdb84d37f3b06e
10653696	800495e4	4a954773b6070415
10657792	800495c0	db3f41d52a056c22
10661888	8000b9c8	48122c9e1ba5766d
10665984	8002f9ac	d08a77fda895a46e
10670080	8002f9a8	527f46c56ee6c887
10674176	80049500	62d78be3d9267e92
10678272	8001f8bc	dae29a4f5e8467a7
10682368	80028258	4dca0406e2f47c99
10686464	8002f9c8	88dc1e9701521fca
10690560	8002ecf4	d503959f044e59ae
10694656	8001ded0	2993b3266cc9d512
10698752	80049470	7630e71dfc37dfb8
10702848	8001e860	e5c9b3d2f38be776
10706944	8002f9ac	4a4c468391768c65
10711040	8001f8b8	b1959646d71014d9
10715136	8001df34	4cab5d883a0703e1
10719232	800282b4	8b4cbbd898f982f2
10723328	8001e7b8	3e1abc328cc4afd6
10727424	8002ecf8	602423fa23dc8715
10731520	8001f8b8	3d0c036faa430a5d
10735616	80010b34	0e409ef6a86068d5
10739712	80010b34	55b6a2a1d1f388d2
10743808	8002b70c	625df954611fd6f6
10747904	8002f9a4	621ac409ba471e63
10752000	8002ed30	4ef81acc631f6d43
10756096	8001f88c	ddccd320dfea4134
10760192	80049510	0109fba7a44618a4
10764288	8003d0e8	94fe63cbfc201d45
10768384	8001f97c	0c2043f64ca42ac8
10772480	8001dedc	15356b99fa2be057
10776576	8001f8b8	db148a2374c9bbf1
10780672	8001f8b8	1150ea6cc21c5000
10784768	8002ed20	9f1cc1162399d128
10788864	8003d130	ffee07936c8d5399
10792960	8001f8b8	735312399bc83dff
10797056	8002f998	31e263eddc8ce1b1
10801152	8001f828	01e80a7a548b9bd3
10805248	8001df40	58efabc7e90c4be9
10809344	8002ed60	98690490f60dfe05
10813440	8002f9a0	ad30bf6199dff606
10817536	8004946c	505b12d1ebd4f353
10821632	8001f8b8	057019c89aa730ea
10825728	8001df38	dc7c5466fc7ff0f8
10829824	8001f82c	64010a34785bea55
10833920	80049504	1bd328149ff03ff3
10838016	8003d0f0	8899a90e4c35bbad
10842112	8003d0f4	7228c42d241657a9
10846208	8003d0b0	9936dd5e4333a675
10850304	8001f8b8	5f3fb1df59079e01
10854400	8001f8b8	8b104b05cacadb91
10858496	8001f8b4	a015f54a867f4ef7
10862592	800282f4	b7b9db0d5723ea68
10866688	8001f8bc	67903b5988b3bb2b
10870784	8001f8c4	0462d4d4f8be7c08
10874880	8001f8bc	aff508710935ca47
10878976	8001f8c4	5b9140b35b59197a
10883072	8003d0a4	0a58296e0b165056
10887168	8001f8c0	fc9a5103843c7c4b
10891264	8002f9e0	01cdc53f97dd3ce6
10895360	8002ed00	4b2cdca9c95bba09
10899456	8001f8c0	99cdca0549a6b5cb
10903552	8001f95c	2c292ac0b11fe033
10907648	8003d1a0	bac30213ab4215c7
10911744	80049474	50b1e54b8c0446e0
10915840	8001e7d0	bbc325447095f038
10919936	8003d0d8	b235e18883ad5e87
10924032	8001e734	55e05c6a85cf6a1f
10928128	8001e764	302557a05f634351
10932224	8001f82c	53221778bfea6225
10936320	8001b58c	1633127f880b470c
10940416	8002a95c	ac57da567aaa8705
10944512	8002a9d0	fa20effc22d3c058
10948608	80049464	72393fe9c63b7eb7
10952704	8003d5cc	7b041855196619d7
10956800	8003d5d4	278848d1e4843c4d
10960896	8003d5e4	6d20fb3c0918e1d4
10964992	8003d5e8	938db64a9f7c5db3
10969088	8003d5f4	4fef9e78b0b01a96
10973184	8003d5f8	cd30d6330a6942bf
10977280	8001f374	ee5f27a77dfa9c06
10981376	8001f318	f0504c6d9dd83259
10985472	800290d8	202d924592a40aba
10989568	80028f00	5b9c2dd60e755433
10993664	8001f318	ac0b40fdad14e645
10997760	8002b758	51fed09a73ef88f8
11001856	80048e38	0b4071a1db1e584b
11005952	8004cb0c	230f851cbd4cf433
11010048	80040d58	bee3aeea92f729bf
11014144	800004b8	deb6752d3dd7d460
11018240	8002e7c0	1d112a54780ec3a9
11022336	8002f2f4	39a6053d038b268b
11026432	80010b24	51cd743b3d6e2f54
11030528	8002f2f0	7440debc9e82fa38
11034624	8002f2f0	9a23c99fc7872f51
11038720	8002f414	cf6adc19ac6dd25d
11042816	8002f2f8	9b10a64e83d6b13f
11046912	8002f41c	f40aa196d67fbfbe
11051008	8002f404	1c93b54b4a61e5d5
11055104	8002f424	bb1bfc1cca563094
11059200	8002f40c	0ba619f6efc173d2
11063296	8002f42c	7a18d140a09e8221
11067392	80010b24	4938dcdcae57c254
11071488	8002f434	16974a5b9a468cd1
11075584	80010b2c	3ce15feb0a09894b
11079680	8002f2e8	55014b074c5f39ec
11083776	80010b34	92d14c1787a35971
11087872	8002f2f0	c6ada744443f24d8
11091968	8002f2fc	89bbd5df0774ffe3
11096064	8002f30c	a699a317c468f3b9
11100160	8002f2f8	fb02bdf338dd24b6
11104256	8002f344	363c7784fa6d40c6
11108352	8002f344	86db11cf01ce7857
11112448	8002f344	b37c6d29fd6c8941
11116544	8002f34c	31bb4518bdef6bae
11120640	8002f34c	ef9da3a031e4bbb1
11124736	8002f34c	10814510795dc827
11128832	8002f344	26ce87dba2431a0f
11132928	8002f344	5b5832ad396b371c
11137024	8002f344	9c0a3d54557cd93a
11141120	8002f34c	e58a78be36dae421
11145216	8002f34c	51f056f01aefe699
11149312	8002f34c	edea026b14e0d358
11153408	8002f344	6f82dd1c22cbe40c
11157504	8002f344	8da826971c561410
11161600	8002f344	bbd6bcb1f609622e
11165696	8002f34c	4a0cd43c273b3ade
11169792	8002f34c	ba59ff30aa53159c
11173888	8002f34c	6ceb99828c5ceec9
11177984	8002f344	dc5d7d426b64a06b
11182080	8002f344	3b16877b2579c178
11186176	8002f344	ff45ffef34b06717
11190272	8002f34c	ad55135031cf455a
11194368	8002f34c	fcfb6d9d6b67de0a
11198464	8002f34c	b480fe6d09b0d956
11202560	8002f344	0dc5926c7bc66220
11206656	8002f344	28d36dc9d5ad46dd
11210752	8002f344	c9ecfce3940d1b1b
11214848	8002f34c	6feaa7d5eced4351
11218944	8002f34c	06c12c02c0596665
11223040	8002f34c	eee9e987ef5ed4a3
11227136	8002f344	0bc331829ad52630
11231232	8002f344	2e0998a59c5fbcaf
11235328	8002f344	334b74350413cda9
11239424	8002f34c	242be18b92c45bbc
11243520	8002f34c	182846dbff28b1ea
11247616	8002f34c	6a119cbbf09d3d4f
11251712	8002f344	dc9b1439b55e839d
11255808	8002f344	08b4e8a87d57f632
11259904	8002f34c	678a35dd84215b3a
11264000	8002f34c	9d45e16ddc866aef
11268096	8002f34c	d0c01d9614464cfd
11272192	8002f344	665f3235f55e50ea
11276288	8002f344	964dc05f2ab32fbb
11280384	8002f344	1f5af6fa9cde7173
11284480	8002f34c	a3d6ac989007e8e1
11288576	8002f34c	327f97587e2ef269
11292672	8002f34c	9e5082fd17862078
11296768	8002f344	973a98a3b5b5c5ab
11300864	8002f344	572dd3d9270851b9
11304960	8002f344	9ec0a50550e6f2ff
11309056	8002f34c	2071be4883c22d95
11313152	8002f34c	30c6bcd998ad3683
11317248	8002f34c	382bee4fa71dfb6f
11321344	8002f344	f68083f7db4c6cd5
11325440	8002f344	be3eaa4f45b367aa
11329536	8002f344	4d729999fdd7c53b
11333632	8002f34c	b044122590cccf48
11337728	8002f34c	7ec0473a46ada43b
11341824	8002f34c	ca674c977d687294
11345920	8002f344	7990dd74f3914569
11350016	8002f344	0b6bf6a70d21f70e
11354112	8002f344	3051594e5eded411
11358208	8002f34c	f81dad854a3d7712
11362304	8002f34c	9fc7244bb5bad483
11366400	8002f34c	9715f4eb37b16816
11370496	8002f344	d7ade3b18e9d66a0
11374592	8002f344	2dbb99845de2ae92
11378688	8002f344	230a7233edff5607
11382784	8002f34c	37d014b3ed15403c
11386880	8002f34c	a97253ceb561518d
11390976	8002f34c	16d9fcd7906859a0
11395072	8002f344	9f43387cf2290469
11399168	8002f344	72eee4229f591920
11403264	8002f344	f13ed9703feac781
11407360	8002f34c	2a666cc32f64df9b
11411456	8002f34c	9c116c92679419f8
11415552	8002f344	4d7f2fe36607db6d
11419648	8002f344	5c2f796e5036685e
11423744	8002f344	9c2d60188c18b4fc
11427840	8002f34c	411232f21397429d
11431936	8002f34c	de900d86e9a58cc3
11436032	8002f34c	f5564006ad4784bf
11440128	8002f344	c92ff27b169863c2
11444224	8002f344	c5bbdb227a69a0d3
11448320	8002f344	4804c45374e3e8f8
11452416	8002f34c	fc886be1d1e1dc80
11456512	8002f34c	9084ad569dc31388
11460608	8002f34c	42313484a626dbb3
11464704	8002f344	a85bf7b369cc9102
11468800	8002f344	30b862100cf73871
11472896	8002f344	f2a34c99e60ae3eb
11476992	8002f34c	ee606a6aff05a803
11481088	8002f34c	69fb2cd180aff7f9
11485184	8002f34c	e081887dc9b540a3
11489280	8002f344	c6b889b8724ec4bf
11493376	8002f344	c4f15bfd311a1234
11497472	8002f344	475da8d9090b20e6
11501568	8002f34c	96a14b54ab683945
11505664	8002f34c	b6bdf3b104323cdd
11509760	8002f344	3f2e9ac5d17628f9
11513856	8002f344	08264ccc6b562ecf
11517952	8002f344	4cc93bea3079d562
11522048	8002f34c	d6a4c233d4ceb570
11526144	8002f34c	939cb1c6c4f204a3
11530240	8002f34c	b28d2f3f83f51dd5
11534336	8002f344	e4a3c2fe530af528	b53195333b20bbbe	7bed8159bb569479
11538432	8002f344	5a8abbe24f694b16
11542528	8002f344	d7d4368f2f9f6af3
11546624	8002f34c	2305577f2555a01e
11550720	8002f34c	1e78bac7932e9eea
11554816	8002f34c	6e524ff1040bbb20
11558912	8002f344	e667dc1db5e7f96c
11563008	8002f344	c38fc194a6af095c
11567104	8002f344	a29670ee634a6984
11571200	8002f34c	be7c6ae6179f2f05
11575296	8002f34c	44ffb85ac66ba7b3
11579392	8002f344	d363a346e8537eff
11583488	8002f344	9e0978087ceab8cf
11587584	8002f344	e0e145ee26f17ac0
11591680	8002f34c	43d81ffcef03d5bc
11595776	8002f34c	ddcc8a24f003394d
11599872	8002f34c	f16d701f6206aac0
11603968	8002f344	c37ab9054849c5a3
11608064	8002f344	e0b7c774736435ef
11612160	8002f344	aeeba2f1b9435dbf
11616256	8002f34c	fa21020a2911813f
11620352	8002f34c	da01dbc206ade8fc
11624448	8002f34c	8164fdd448ef71da
11628544	8002f344	8e31727bd5fbe006
11632640	8002f344	e5e880742f614209
11636736	8002f344	e82c80df95d13786
11640832	8002f34c	d61d09f9eacac766
11644928	8002f34c	512c6b2f0b688eea
11649024	8002f344	e22ddcec1e2ea0a2
11653120	8002f344	ade3cae03ce7455f
11657216	8002f344	26c2eb88f509e6c4
11661312	8002f34c	c8ff80e613085ae5
11665408	8002f34c	da7e15216efd7914
11669504	8002f34c	37713be5fee2dbff
11673600	8002f344	dcc8da1fdf3caa32
11677696	8002f344	9c75645f584376d6
11681792	8002f344	4d3ae7ab2fa993a2
11685888	8002f34c	f854b03cfc06e832
11689984	8002f34c	ff40fb3795ba986c
11694080	8002f344	983d394ab31971b3
11698176	8002f344	9647dfa5f1fab315
11702272	8002f344	44abf1bd0c2f6b41
11706368	8002f34c	a6c44f2ec977a59e
11710464	8002f34c	02ef06ade02ba69e
11714560	8002f34c	18e79763cbd7001b
11718656	8002f344	9244ce32798e996a
11722752	8002f344	367ef5e9e1acaefc
11726848	8002f344	ea172ad5b9a270f7
11730944	8002f34c	073029ce1c2c84ca
11735040	8002f34c	3504f32f0e932f34
11739136	8002f34c	ba46c9a0b993fa8c
11743232	8002f344	c3ecf9cfb0e11d08
11747328	8002f344	6383c38f8f678fb5
11751424	8002f34c	2572e15c02609ffa
11755520	8002f34c	2c0cb6b4492e440f
11759616	8002f34c	8109ee5524b7c9db
11763712	8002f344	7cb2575f65bfb242
11767808	8002f344	0b6f2c85566170d2
11771904	8002f344	35c47497288edbba
11776000	8002f34c	a441bf216f569f8d
11780096	8002f34c	985f590ff1959587
11784192	8002f344	6f131df3457c885a
11788288	8002f344	127cfb64419f2a4f
11792384	8002f344	3b2ca2cd86b3cb96
11796480	8002f34c	0a99d30d1efd9b6e
11800576	8002f34c	91a447b97ecbc2ee
11804672	8002f34c	95a6c8e46c1b2ffe
11808768	8002f344	7ccffb63ed62b8bd
11812864	8002f344	3298c23ae0cff61c
11816960	8002f344	561b31dcbfaef120
11821056	8002f34c	e5a6bd04c81ed818
11825152	8002f34c	4d0b5d07d51b4ac9
11829248	8002f344	06b0920a88b6b1d6
11833344	8002f344	ac8ac8badba30e34
11837440	8002f344	dd4e85be71a273c5
11841536	8002f34c	6e526fe4f3cfc64b
11845632	8002f34c	1e09f399a9aea6df
11849728	8002f34c	5190a3a60a83ae1f
11853824	8002f344	81794db1559c0205
11857920	8002f344	7152e10ea71f86eb
11862016	8002f34c	25a05e88ecc78591
11866112	8002f34c	c0577b7f415a97b2
11870208	8002f34c	332f7eea51bc0923
11874304	8002f344	e0beb9d191ac252c
11878400	8002f344	2c79423322858bd3
11882496	8002f344	ca4bee3bd8d86483
11886592	8002f34c	216fdc55ed1a13dd
11890688	8002f34c	eda7a9934ce6e6e3
11894784	8002f344	ca792b08e8e86caf
11898880	8002f344	5c13b1eb7d29dad4
11902976	8002f344	5f301633d134f1da
11907072	8002f34c	2891e7206fd50cbd
11911168	8002f34c	e1fbecafbfd25b07
11915264	8002f34c	95e137c28f15558d
11919360	8002f344	7c3e2d68518e697b
11923456	8002f344	39c6cfca79463c13
11927552	8002f34c	0046ffd35718fae7
11931648	8002f34c	a421bb3b2115a132
11935744	8002f34c	75d1a94a207319c5
11939840	8002f344	0def9ba05ac07f98
11943936	8002f344	0f69ee5ebad9947d
11948032	8002f344	82e0fe58ae930921
11952128	8002f34c	8943c448dde9244e
11956224	8002f34c	fb08f79408553579
11960320	8002f344	f00a3ce4bdea114f
11964416	8002f344	d0ee1a1ec9a91076
11968512	8002f344	b6de2b73000fcfbc
11972608	8002f34c	affa5b6a001ad4fc
11976704	8002f34c	97abbd3579f1ada2
11980800	8002f34c	4a55c1e725c1a367
11984896	8002f344	de2d94c638ecfbce
11988992	8002f344	d7e3fd7705b82663
11993088	8002f34c	837e70eb2d5499b7
11997184	8002f34c	ca85687bb4e44803
12001280	8002f34c	b8ffca8bf7491fbc
12005376	8002f344	4f042fdb6cd07180
12009472	8002f344	203f024d58c636e5
12013568	8002f34c	941e28be3e4740d2
12017664	8002f34c	4ed6d303eee79950
12021760	8002f34c	838409dc24f331c9
12025856	8002f344	740ebd471720ba20
12029952	8002f344	af56691a85150b24
12034048	8002f344	deef0382448150bd
12038144	8002f34c	f9a53e1336f74161
12042240	8002f34c	7b19b3c98731d94e
12046336	8002f344	03d5587bbe8649aa
12050432	8002f344	b731a1cd575c43a1
12054528	8002f344	cde3050b6ee4cba4
12058624	8002f34c	3a0f33a445e286cc
12062720	8002f34c	f1b8388389789db4
12066816	8002f344	b82ed5f99df6d5fc
12070912	8002f344	681f5954ea87cdb4
12075008	8002f344	d0ecd9fc9d4db8b1
12079104	8002f34c	bb5bc2623803a113
12083200	8002f34c	f99401da74233b50
12087296	8002f34c	3f97eac820277018
12091392	8002f344	e7befb5c7c1822a3
12095488	8002f344	7cb98ec3056df677
12099584	8002f34c	af8224030f4831f3
12103680	8002f34c	c249b0251461b9b5
12107776	8002f34c	f93ed5a397e37e9d
12111872	8002f344	0c8a6c78b28639d6
12115968	8002f344	42fe192850992b9f
12120064	8002f34c	5822166d1996b8d4
12124160	8002f34c	431822cc0d4741d9
12128256	8002f34c	5058ed7a927feba0
12132352	8002f344	6a62fa85fa0c968a
12136448	8002f344	ddb3ebce9cbed2a8
12140544	8002f34c	6b7e40abaebb838b
12144640	8002f34c	3fdb55c8d39fa6c4
12148736	8002f34c	c17c3107814beac3
12152832	8002f344	8e484418416556be
12156928	8002f344	3a749b6b52d255f2
12161024	8002f34c	2ed66fc5b4777c3a
12165120	8002f34c	25e96ef27d812e7a
12169216	8002f34c	5cb1cbde96036342
12173312	8002f344	36f641973af57d82
12177408	8002f344	2f48c037f3c3d678
12181504	8002f34c	c34766c1ea81a151
12185600	8002f34c	19fbd965e1f505e8
12189696	8002f34c	55d86b287b71eb31
12193792	8002f344	7c07861455df293a
12197888	8002f344	fc77962ea3c9a532
12201984	8002f34c	6562f186d36c7ab5
12206080	8002f34c	53f345db8fe8c3e8
12210176	8002f34c	289f79425f127028
12214272	8002f344	41392646c307232f
12218368	8002f344	4f28badee15cdc75
12222464	8002f34c	6e00a9bea38753be
12226560	8002f34c	03d6c6fbf2d5e6df
12230656	8002f34c	6224136c1e179bf6
12234752	8002f344	7cae327edca44221
12238848	8002f344	4112df7111017c14
12242944	8002f34c	8a9388d366646042
12247040	8002f34c	1605a2e2a83d0c87
12251136	8002f34c	7af5ec4563370703
12255232	8002f344	f3069fa2c4e1cc04
12259328	8002f344	ecf4c90df19110d4
12263424	8002f34c	93a67a2692238f12
12267520	8002f34c	c7c308202b8d0f5d
12271616	8002f344	29f789728fd66258
12275712	8002f344	38893ef2142da0b2
12279808	8002f344	b02a37c9532192c5
12283904	8002f34c	64171fb7da038fa6
12288000	8002f34c	063ddf802c859ae0
12292096	8002f344	4cbb7627a2d8359e
12296192	8002f344	5269ba6718b0ceee
12300288	8002f344	f85857e5e1d4af9e
12304384	8002f34c	94db5d11157b14b7
12308480	8002f34c	4badea5a47844db3
12312576	8002f344	ec84715720ec4220
12316672	8002f344	af773db58acd8343
12320768	8002f344	8eb99b203aa7c4b7
12324864	8002f34c	158249c591bb292c
12328960	8002f34c	0f9ac66f46722434
12333056	8002f344	d8ec0e9af93d94f7
12337152	8002f344	f188dcadd54f7343
12341248	8002f34c	474bb1f9db4ef905
12345344	8002f34c	32cd00c9f1fc0cec
12349440	8002f34c	66689029432dbb46
12353536	8002f344	b315c82107014f21
12357632	8002f344	95113c2ac074e22e
12361728	8002f34c	4a072290c02075a6
12365824	8002f34c	c6986324f495a80b
12369920	8002f344	3b545e69160cdd2b
12374016	8002f344	d207ad4b63e48550
12378112	8002f344	fbb08de39d99f392
12382208	8002f34c	a42588d79bd46ef4
12386304	8002f34c	97bdd5dabc3ec192
12390400	8002f344	4fd38b656216558c
12394496	8002f344	a592cc16d23c14cc
12398592	8002f344	0a666c5bb5a4a03f
12402688	8002f34c	bb54792269b90450
12406784	8002f34c	c7acc7131cd57a88
12410880	8002f344	4fae5622ea413c10
12414976	8002f344	ea5f190e28349d6d
12419072	8002f34c	ced137e23f484031
12423168	8002f34c	d034144bd7cbd2ee
12427264	8002f34c	58c47289fc4dea96
12431360	8002f344	087d0e445ef2abe3
12435456	8002f344	210e1c1bb5ad1d9e
12439552	8002f34c	9ab21516ccd50ed6
12443648	8002f34c	a0e3646517ca908b
12447744	8002f344	22ffdb57a02de270
12451840	8002f344	9b290813f497c4e3
12455936	8002f34c	af7085bacbd10486
12460032	8002f34c	8270faf8254653b6
12464128	8002f34c	8fbb93c60be4e5e3
12468224	8002f344	48abfcb0e3cb6675
12472320	8002f344	567038ff48987ac2
12476416	8002f34c	4da8bfb1a3650dca
12480512	8002f34c	a569c4add97a8785
12484608	8002f344	7b44ae8c87ae8c4b
12488704	8002f344	6b9f3d20d179b246
12492800	8002f344	8452cfa0dd16fb96
12496896	8002f34c	2ae7dff9c55edb5e
12500992	8002f34c	42f312226419d809
12505088	8002f344	3bd10fdabc376016
12509184	8002f344	16201319c38f45e3
12513280	8002f34c	7587c7900850c1fc
12517376	8002f34c	73df153712b100aa
12521472	8002f344	9126b4f3b922dc68
12525568	8002f344	263c64837a18688d
12529664	8002f344	bec55431f1b60b69
12533760	8002f34c	74bf4fa1333007d8
12537856	8002f34c	ca2b0195f123c8df
12541952	8002f344	b6041f9d16a004a3
12546048	8002f344	7646528b7329343f
12550144	8002f34c	b60a8d62f420a64b
12554240	8002f34c	834483eb8bb9208c
12558336	8002f344	cc54650c21fd5a78
12562432	8002f344	850649ff0fadb3be
12566528	8002f34c	f5b10c3a2115d430
12570624	8002f34c	195a9313a71b6daa
12574720	8002f34c	e1968604b0401b0b
12578816	8002f344	c2b9608cf317a944
12582912	8002f344	90bd8e3bdbf73a05	f86c3558d2be9ca7	7bed8159bb569479
12587008	8002f34c	2640c3a25f8533fc
12591104	8002f34c	475eb31ffb791735
12595200	8002f344	1e2c63323894e28a
12599296	8002f344	81aa286261dd4272
12603392	8002f34c	4d5251de90d53ce6
12607488	8002f34c	611a7569a0aad15d
12611584	8002f344	2a535dd0fd81f025
12615680	8002f344	270ce17281f63afd
12619776	8002f344	46216c7f0f13c959
12623872	8002f34c	306399a310f64aa6
12627968	8002f34c	2d8820c889839741
12632064	8002f344	67f6b9770af8021e
12636160	8002f344	b01a8d1ec9e1dba9
12640256	8002f34c	73b23751c1fff375
12644352	8002f34c	73925b2522bcc9cf
12648448	8002f344	b3f43b421d6d1931
12652544	8002f344	e59bad6eefbcd044
12656640	8002f34c	d0da4c2b324f89ee
12660736	8002f34c	f6cf5c5efa8a491b
12664832	8002f344	753ac0fc0886e8b1
12668928	8002f344	e3e9a4c44b53839b
12673024	8002f34c	af4c3673815362c3
12677120	8002f34c	7c20d39a26335dbd
12681216	8002f344	241cdd6c98390461
12685312	8002f344	97615862bfa59858
12689408	8002f344	92223632ff7e4f7f
12693504	8002f34c	00999c469834a776
12697600	8002f34c	bd689b156df5c5a3
12701696	8002f344	d5efda1b2e777f7a
12705792	8002f344	e02591c762ece0e4
12709888	8002f34c	dfc4d5938f644857
12713984	8002f34c	08eaa6721ca4e8a2
12718080	8002f344	fd350e1bb9718037
12722176	8002f344	ebde7a506e57fe48
12726272	8002f34c	17892d49cbaba203
12730368	8002f34c	c0ec7920d3d0ea16
12734464	8002f344	fe42f8698be4bf25
12738560	8002f344	908c3ab8ece5ccea
12742656	8002f34c	57320e7b8a75aa7a
12746752	8002f34c	dcdffc7463914dc0
12750848	8002f344	415abb9de368d807
12754944	8002f344	e27fa606b3bd6064
12759040	8002f34c	fb8cb068d951cf19
12763136	8002f34c	691e7de936da3c4e
12767232	8002f344	36613bcaff1faf61
12771328	8002f344	e2661b5ec44c7b09
12775424	8002f34c	60a7134c49840c4e
12779520	8002f34c	5c8d94aa75544c7b
12783616	8002f344	3d5f8df38a2006dd
12787712	8002f344	1d7c1ba016384993
12791808	8002f34c	42f13167f9622f6f
12795904	8002f34c	652893ceb974e334
12800000	8002f344	dafb835335e2adb2
12804096	8002f344	58ff158ee094decb
12808192	8002f34c	095536a0c5c2c0fe
12812288	8002f34c	aa8a07fed0055e2c
12816384	8002f344	65461a8551c9fa15
12820480	8002f344	3deac6f098167a6d
12824576	8002f34c	4622e30ba287a991
12828672	8002f34c	555c5488b5b92f05
12832768	8002f344	977ee9669fb84e5e
12836864	8002f344	f4c6381d7a6b885f
12840960	8002f34c	6433f32531cf5492
12845056	8002f34c	31de6d951bbae797
12849152	8002f344	7a3875c27891d139
12853248	8002f344	fd56717fd152eb59
12857344	8002f34c	ec9240c5650b709e
12861440	8002f34c	2ce04e2b5c448478
12865536	8002f344	57bbc98ba9e63494
12869632	8002f344	915bac7dce403923
12873728	8002f34c	bf1aa99eea18532b
12877824	8002f34c	a14e029067cda47a
12881920	8002f344	ad2d84ced1e2791d
12886016	8002f354	aaf83ab2c5f16e04
12890112	8002f34c	19c43e55cda67452
12894208	8002f344	97122bb5b460b87c
12898304	8002f344	4a29c2fa35667f08
12902400	8002f34c	3af4e70766e5f85f
12906496	8002f34c	af9ffa4f2c98eb56
12910592	8002f344	0243a46a45002056
12914688	8002f344	6e4ec6356fdb6304
12918784	8002f34c	d62817d38b54d4cc
12922880	8002f34c	f90b77a8967eeb5d
12926976	8002f344	10e573afc9adac47
12931072	8002f344	a2cddc68eeb49806
12935168	8002f34c	d9afc49a5add761a
12939264	8002f34c	076f4bd5f308a6e0
12943360	8002f344	2fdeefa706ca680b
12947456	8002f34c	24f16bd11bc0d208
12951552	8002f34c	7da309945dc41562
12955648	8002f344	55ce56883de611df
12959744	8002f344	0af6509a6a3d8646
12963840	8002f34c	07e19be91c46439d
12967936	8002f34c	f0c70232218e2fb1
12972032	8002f344	4b9da6e6ccc5eb3e
12976128	8002f344	e8166f577686ce03
12980224	8002f34c	b12fb59e85174557
12984320	8002f34c	b407ff6b3e4648e2
12988416	8002f344	e7d8308db722071f
12992512	8002f34c	944e858d209a8dcf
12996608	8002f34c	604b994b714bfd23
13000704	8002f344	ee432028354511f8
13004800	8002f344	30984523b0688a16
13008896	8002f34c	3fe2b028064aaf22
13012992	8002f34c	f4cc6053bdc4aa4e
13017088	8002f344	3f3ba1fb23c78274
13021184	8002f34c	fbf2b0944daf1565
13025280	8002f34c	8401d98c7ab0915f
13029376	8002f344	187cdc649ac14073
13033472	8002f344	b3554a7b81e1220e
13037568	8002f34c	54be738b77df5398
13041664	8002f34c	873ec43c3cc4b7d0
13045760	8002f344	9743ec45f2a8d79d
13049856	8002f34c	6894cc87a46a18a2
13053952	8002f34c	c16a26db7ff05590
13058048	8002f344	1b9ec4c4cb5338b7
13062144	8002f344	57d3c49fa79fd7dd
13066240	8002f34c	08fec74c1f936863
13070336	8002f34c	2d3db1a91c9c8c42
13074432	8002f344	1e1b5f29f44e5974
13078528	8002f34c	c4d662035f1bf596
13082624	8002f34c	63b04827bb7867f0
13086720	8002f344	f4f40644590850d1
13090816	8002f344	f50a094f070652de
13094912	8002f34c	7fc38f1f8101504d
13099008	8002f344	cd3a88cd9cc8229c
13103104	8002f344	cf4a534bbc859281
13107200	8002f34c	afa4d66b15bf1de1
13111296	8002f34c	654ab274810e93d9
13115392	8002f344	a888687bac0d3881
13119488	8002f34c	16da234f9b96ef54
13123584	8002f34c	76a8b84888ea0984
13127680	8002f344	5b80394356670ac5
13131776	8002f344	813da74898cd3126
13135872	8002f34c	3a14624a2278d360
13139968	8002f344	a33937f06959f578
13144064	8002f344	6a6f888fa3f187fd
13148160	8002f34c	f7d4a79fbfb368d8
13152256	8002f34c	60a6e7bbfaa755bd
13156352	8002f344	9a0242a920457c9f
13160448	8002f34c	babc8a87d6d40916
13164544	8002f34c	da03325838086cda
13168640	8002f344	80fea5c57b3f9368
13172736	8002f34c	a31c1cc88be0b7c8
13176832	8002f34c	124f8c3f91eca857
13180928	8002f344	87ee06848a663945
13185024	8002f344	06d9bdc52cefd1e2
13189120	8002f34c	0a6dc512586f51d6
13193216	8002f344	2fa6cb25d26dff88
13197312	8002f344	dddf031c8920514c
13201408	8002f34c	3848f5a85283d2b8
13205504	8002f344	613d03244e38f542
13209600	8002f344	25e4e1c71cbd3813
13213696	8002f34c	3290bbd03bc12f70
13217792	8002f344	e26c92de1a9cd938
13221888	8002f344	e7e12bbb97756b84
13225984	8002f34c	b88c077ff8a82e1e
13230080	8002f34c	6020a526f982de0b
13234176	8002f344	5bf68e13dcb3a96a
13238272	8002f34c	6340768fe8e0a525
13242368	8002f34c	ec829d4d8e85ade1
13246464	8002f344	a50ff876f497f088
13250560	8002f34c	dd2fd35c95afdcf0
13254656	8002f34c	5ec25ca5e1ab43bf
13258752	8002f344	a03c73c1e0867fbe
13262848	8002f34c	46b62671a9b93d14
13266944	8002f34c	b24fc56508da6ed7
13271040	8002f344	03a69c71e9b12315
13275136	8002f34c	0591ec9982471108
13279232	8002f34c	74cd4b9b612b4483
13283328	8002f344	71f5d31d0de48ab9
13287424	8002f34c	482eeaaa805ccd31
13291520	8002f34c	d5abd4c1c044715a
13295616	8002f344	fd6ae4bab7a84234
13299712	8002f34c	7ba924de76986c76
13303808	8002f344	b264c62259d3a170
13307904	8002f344	00711ca67dba1977
13312000	8002f34c	65fa69834d0475d5
13316096	8002f344	c1ff40eac1b9cd1e
13320192	8002f344	b3905adfa65aba58
13324288	8002f34c	634162644c07866a
13328384	8002f344	e88bc517a52af71c
13332480	8002f344	71a691ca016ad630
13336576	8002f34c	fc07e3b29a52b1d2
13340672	8002f344	2a6a7b609d9c6d0d
13344768	8002f34c	d184a33f5bf15013
13348864	8002f34c	fa9d5e329fb4a8ab
13352960	8002f344	60d93474106b485a
13357056	8002f34c	2f538a6be138289d
13361152	8002f34c	a6b80625af7f7ddd
13365248	8002f344	782a3abc0f1ea0c2
13369344	8002f34c	78b2ed4ea7d69acd
13373440	8002f344	5359a19e44d24c3d
13377536	8002f344	3575d7cfdc82a484
13381632	8002f34c	769301a8291606c0
13385728	8002f344	2a1b13e92776bd46
13389824	8002f344	a94e407b6f9ca76c
13393920	8002f34c	2e92ac153663c584
13398016	8002f344	d51780e130269698
13402112	8002f34c	699ea40ad46f3789
13406208	8002f34c	fda955a8b9165ca8
13410304	8002f344	5ddc8edbe94042e0
13414400	8002f34c	86d6737830288265
13418496	8002f344	50ee213372879327
13422592	8002f344	809f9a029a1a61cf
13426688	8002f34c	5b3971545b14e75b
13430784	8002f344	a49d03289190b8f8
13434880	8002f34c	82a7733d31278e16
13438976	8002f34c	7bbc852ab0898f6b
13443072	8002f344	a9ba7d7676bb275e
13447168	8002f34c	5fa17a0959451163
13451264	8002f344	fa177cdca0a87199
13455360	8002f34c	2816177ef4f4cf14
13459456	8002f34c	9a7d1fa8d851302f
13463552	8002f344	a6263c6ef50f394a
13467648	8002f34c	e52149ae833c9b73
13471744	8002f344	56c6d980d1ea0369
13475840	8002f344	64c9a0cea849ce5a
13479936	8002f34c	e912bf8becd7d77f
13484032	8002f344	23cd16be3e278312
13488128	8002f34c	b5030765f971a3ec
13492224	8002f344	76b18aacf583d749
13496320	8002f344	56970dc15a93a2d5
13500416	8002f34c	7d671fac73b6c22c
13504512	8002f344	d1072d17500b6111
13508608	8002f34c	9caf48a2cc0dded9
13512704	8002f344	964ec936affaf215
13516800	8002f34c	a4873a208ff371da
13520896	8002f34c	947aaf93d021a7cd
13524992	8002f344	e3fb12942a9504d8
13529088	8002f34c	2aec5dfd3449092c
13533184	8002f344	025018f1af2ec02f
13537280	8002f34c	27f375c4774f637d
13541376	8002f34c	801813721246e2e7
13545472	8002f344	5ea709449a5a5790
13549568	8002f34c	578f5669780934f5
13553664	8002f344	1e9ce0a3e2e79ff8
13557760	8002f34c	fb25616b41cd7242
13561856	8002f344	a0605b97c552cace
13565952	8002f34c	4d01daa7fb93d945
13570048	8002f34c	9d8ed841008c1da1
13574144	8002f344	3946c3885543685a
13578240	8002f34c	7ddc3668c917d9a4
13582336	8002f344	9ebe9ba835217eb5
13586432	8002f34c	2245030d84ee67a2
13590528	8002f344	e812266fc6d897d1
13594624	8002f34c	f7536ab05d557a02
13598720	8002f34c	181f9bd3c8fc74a6
13602816	8002f344	65cb2f245bcaed9f
13606912	8002f34c	22bc195bf192a8c9
13611008	8002f344	95387b2d0498748e
13615104	8002f34c	e4a33c511d5e36b0
13619200	8002f344	b5fd6ad07e4b7a92
13623296	8002f34c	be9e8c3ff91282ea
13627392	8002f344	177be276ab1354c9
13631488	8002f34c	04d9c9dbe499dba9	5c1f5c28d2ec41c9	7bed8159bb569479
13635584	8002f344	df9a53060c3def94
13639680	8002f344	ee0fc33e63054792
13643776	8002f34c	51211f48297477a2
13647872	8002f344	2067319bb6869baf
13651968	8002f34c	e67da88dd7788669
13656064	8002f344	d65885c7d4ea56a6
13660160	8002f34c	524897f3e76c4f8e
13664256	8002f344	f822945d0a4fd120
13668352	8002f34c	13b27a549463956f
13672448	8002f344	0fe793cac68bd0e6
13676544	8002f34c	e4c8d7a583f6edae
13680640	8002f344	4fd3f364459f6892
13684736	8002f34c	bd29665ca74bdd70
13688832	8002f344	c5fa33d58080d569
13692928	8002f34c	6911c0431dd03026
13697024	8002f344	cac3c76f61e47615
13701120	8002f34c	7c2abe7c9f05d774
13705216	8002f344	b3385574a9b4fc7f
13709312	8002f34c	edb8d9c959983e64
13713408	8002f344	63fa5b5e29140ec9
13717504	8002f344	64e9a903291efbef
13721600	8002f34c	cb52f577c2479ae6
13725696	8002f344	d1595ce1a7af120f
13729792	8002f34c	526370fce3a02f4a
13733888	8002f344	f6f98029c360e0ea
13737984	8002f39c	1cc51352fe7dc6ca
13742080	8002f37c	00c3335c8f5dc269
13746176	80010b20	8ba97ae3016d003c
13750272	8002f388	0b558e1f8965bf5f
13754368	8002f394	9d49cf1840d6ecad
13758464	80010b34	b5fe54346fa7f82e
13762560	8002f39c	0de20ec0b9a5dc7a
13766656	8002f3ac	aff3b5176a109568
13770752	8002f3a4	916276626f9f2006
13774848	8002f380	4731146b8bbab971
13778944	80010b24	db45e38c56839e4e
13783040	8002f38c	3c4a5e81356b9d32
13787136	80010b2c	983f241e6504daef
13791232	80010b24	add97bf5dd1ba1d3
13795328	80010b24	dff270d15f593c40
13799424	80010b24	653444f9d3971259
13803520	80010b24	5cffa9b706ba20cc
13807616	8002f6b4	9a299f1dbf23e060
13811712	8005ae94	bd481493f93f991e
13815808	8005ae98	b695c29f84cd083c
13819904	8005ae9c	2e063584d603eca5
13824000	8005aea0	cfe84a31447f3321
13828096	80010bd4	ae6a8235c765ae7b
13832192	8005ae3c	2445c76185e5c315
13836288	8003d7bc	20b9fbaec35ca00a
13840384	8005ae7c	04c8df91c6cca192
13844480	80010b58	58a80dfe2707f139
13848576	8005aed0	81d7d7570959d4bb
13852672	80010ba4	c71306b0c9b58ee7
13856768	80010bd4	eb64b4d801d877f1
13860864	8005ae3c	5ddcb1aa9acdcd51
13864960	8002f7e0	f8fc8070895cc707
13869056	8002f7e4	1a20c03098a817e7
13873152	8002f80c	bd4785214d57f3ab
13877248	8002ed00	39da40f2e3159805
13881344	8001f38c	7f5293460aaa9de0
13885440	80028f38	ebd0159fb61cd7b5
13889536	800291ec	db2495e69c9a76f0
13893632	8001f33c	a14b697e675819cf
13897728	800335a8	f205170650fbf9f3
13901824	800495c0	f239dbdcae5746d3
13905920	800495d0	6e465a7b3ac52a94
13910016	800495e0	939d5e4cc3ad4982
13914112	800495f0	8a0ccdeb6d68c1a6
13918208	80049600	f4921523cb4de263
13922304	800495b8	a15c2049e278afb1
13926400	800495c8	ec556db763f45dfe
13930496	800495d8	d795d5fd3a69029d
13934592	800495e8	4c49f55bb6f10ae8
13938688	800495d8	5bf6031544e1e8aa
13942784	80049560	671b81d063fcbd52
13946880	800495d0	0d71347b351cb4a3
13950976	80049608	3b969a82da504411
13955072	8000f564	60dcd2d6901cec4e
13959168	80037b10	d2c888d9298c4508
13963264	80037b0c	a4f1eff858f72578
13967360	80037b1c	e9ae7d781d97b7de
13971456	80037b10	d4aea99c1497211c
13975552	80037b0c	1d1c636220cf76dc
13979648	80037b1c	89cbc56720851b1c
13983744	80037b10	a1567e9cf2b8de0a
13987840	80037b0c	71253beb1094fc80
13991936	80037b1c	c5fdeda84f2b5fc3
13996032	80037b10	3b0de7a92733d145
14000128	80037b0c	0c2d15c09d986be3
14004224	80037b1c	f4a68f4f86a65847
14008320	80037b10	4aea82fbdfb0e758
14012416	80037b0c	83fec21ff4812b4d
14016512	80037b1c	54094fc9fd87cd53
14020608	80049608	58a6a72d44e7f45a
14024704	80049560	4f3b9ce6920f120c
14028800	80049584	7752d661cc08cbd9
14032896	80037b28	f69287a1aa938843
14036992	80037b14	7a043a87b03b6589
14041088	80035738	4c339974d070db17
14045184	80037b20	56b3046ddd7c2ae9
14049280	80037b14	1a64af26682265d1
14053376	80037b20	31709b7843c0a054
14057472	80037b14	4e9fa71f2f6ce54a
14061568	80037afc	e1740d1c26247076
14065664	80037b0c	71420f13bb59ca72
14069760	80049498	250940f2603710b5
14073856	8002de20	bc9b42d07103aeb8
14077952	8002ddfc	e44f7bb88751ab07
14082048	8002de0c	cd28c80537195b71
14086144	8002de1c	59b976a5eb7c9363
14090240	8002ddf8	b36830567105046e
14094336	8002de08	3caf4955c0e90823
14098432	8002de18	a4a400594bbfcb54
14102528	8002dd50	552c7d6d5be9eeac
14106624	8002de24	4282ae3895d9e37a
14110720	8002de00	afc6a8f1b8f1c3cd
14114816	8002de10	01f9b82e3a13ef9f
14118912	8002de20	b5acbd41d4ae765d
14123008	8002ddfc	2aadbd2fc3f84d32
14127104	8002de0c	5787ca784d78e43b
14131200	80030a64	87e8aff1cede3378
14135296	8002de18	6900051bae0c7fe7
14139392	8002ddf4	a3a696cfebbbe5c1
14143488	8002de04	580721756d542d9d
14147584	8002de14	7d3673fc1eee7346
14151680	8002de24	f6c0000c80d64823
14155776	8002de00	2819284fbfebf53e
14159872	80030b40	0ce0d0e53ef39e49
14163968	8002de0c	f17812ffbfce1843
14168064	8002de1c	8adbc933e5dfb3d4
14172160	8002ddf8	77aac1dc823754fd
14176256	8002de08	6779b862b68c8b02
14180352	8002de18	0935183a33c7c8ca
14184448	80030b20	68c8d366c19c3872
14188544	8002de24	d0a18bd2196a8faf
14192640	8002de00	11e4e77bcb01c63d
14196736	8002de10	cffec11cb82d279a
14200832	8002de20	8f00783c37e234de
14204928	8002ddfc	d0783c24b13c4912
14209024	8002ddf8	63ad86590fad2694
14213120	8002de08	678a4086c9a0c5b5
14217216	8002de18	342d39a6854b9eb4
14221312	8002ddf4	4715bac389d3927e
14225408	8002de04	817695ecd3902ee1
14229504	8002de00	286c2b13c1abfeb9
14233600	8002de10	2587b29ef578a2a5
14237696	8002de20	d3e1aac43e45906b
14241792	8002ddfc	7528d4b79e689cc8
14245888	80030bc4	e1ba61c4ae75b213
14249984	8002de18	a7bd738d023d8efd
14254080	8002de20	542f4d27f45d6f0a
14258176	8002de18	833ed499a4f9ecea
14262272	8002de10	cd25b1419f4a54ae
14266368	8002de1c	28a4072bf330f9ea
14270464	8002de14	0a5b5f9037f316c1
14274560	8002de0c	f6ef9bd26eb59a0f
14278656	80030940	d889691a8b3cbb3f
14282752	8002de10	394cfb8a78e157dc
14286848	8002de08	954135cbae65756c
14290944	8002de00	74dfb49accbb3534
14295040	8002de0c	cacaa829151bd3aa
14299136	8002de04	8e9936ecd4a5c7ae
14303232	8002ddfc	a59bb428f531ca0d
14307328	8005aefc	2e47eeecffaa4717
14311424	8002de20	8a345c5867351d7f
14315520	8002ddf8	a69b0bc84e34d4af
14319616	8002de0c	6e5ba534f687182c
14323712	8002de1c	4ac215310e5dcaed
14327808	8002ddf8	ce5110359bd12bdf
14331904	8002cdc0	c1db9f9568a71e7e
14336000	8002de04	7b7a42a04d31cf43
14340096	8002de14	fb364869ac092892
14344192	8002de24	e9535a62301cd746
14348288	8002de00	66e0fa5b92be28ec
14352384	8002de10	f58cf678705de461
14356480	8002de20	15cfd88922785416
14360576	8002ddfc	8961ea6feee313ee
14364672	8002de0c	de9b936aa336284d
14368768	8002de1c	770f00f010e5bc23
14372864	8002ddf8	bc0b68c2bb76659d
14376960	80030bbc	f25d70cfb455ee99
14381056	80030a60	6980de6ccba1e34c
14385152	80030a3c	639a59d63c0f711b
14389248	8002de04	3b20bde16536c65f
14393344	8002de14	05c1fd62e7e07b49
14397440	8002de24	c64bc31831dffdff
14401536	8002de00	4619179b7130e966
14405632	8002de10	f5a038f9e99ee1bc
14409728	8002de20	9c15c6069eb0acc6
14413824	8002ddfc	afec413da84dc6f0
14417920	8002de0c	0ccc2a721fb67aff
14422016	8002de1c	bed3f359250ca78b
14426112	8002ddf8	87918c200ae465a0
14430208	8002de08	ddf1b5c05a5085cc
14434304	80030b5c	72c5c1899a679318
14438400	8002de08	a01a95a13b147f29
14442496	8002de18	970913a61ffda5a5
14446592	8002ddf4	10dd6ca172070bea
14450688	8002de04	c0f8accc01f5cea2
14454784	8002de14	880e0a0dcdbf1ff2
14458880	8003093c	ee5d318198906a26
14462976	8002de14	bbf7ffb83e067965
14467072	8002de24	2917cd718d00cab1
14471168	8002de00	a128030cf89971e6
14475264	8002de10	4170ac4e8dba09c3
14479360	8002de00	d79b110f387c8db6
14483456	8002de10	8f7f9787878e6290
14487552	8002de20	7a8006560b4b3bc9
14491648	8002ddfc	8b0eb5049ae772e7
14495744	8002de20	27c4e68c1b51b84f
14499840	8002ddfc	1370da7aabdb0f2a
14503936	8002de0c	c49707f5d8e8dbd5
14508032	80030a54	b0f6da1cc0b35358
14512128	8002de04	accd91c798d5d140
14516224	8002ddf8	9b12f451a18e4c02
14520320	8002de20	90f2e3b2bb181e1c
14524416	8002de1c	579b0b707685377f
14528512	8002de10	04a97186cd8b6f06
14532608	8002de04	98ac60ab5e18f9c2
14536704	8002de00	30720279abfff948
14540800	8002ddf4	70f13a9bdf7f067f
14544896	8002de1c	3e3d61cc9d551b7c
14548992	80030b00	7b03c0974a04f913
14553088	8002de0c	308f4f800856fb7b
14557184	8002de00	e970d65af711e1a4
14561280	8002ddf4	f7c16cc1c99556c2
14565376	8002de24	ada81b536b9bb712
14569472	8002de18	1d3e05a156580d82
14573568	8002de0c	6debb2f8df9802a0
14577664	8002de08	bbcbd96776f3335d
14581760	8002ddfc	c4ee69126285737e
14585856	8002de24	e8ef586d8f587b51
14589952	80030b90	6527b37d836f4565
14594048	8002de14	7c52e73382e4bd59
14598144	8002de08	6a131131e38d59f9
14602240	8002de1c	5d50c32b9eac75d3
14606336	8002de20	a33e73f01f07c3c6
14610432	8002de24	af9a2b5165928aa1
14614528	8002ddf4	2a6bcc654363db06
14618624	8002ddf8	7614d0b838b8700f
14622720	8002ddfc	70c40b2b50960ba7
14626816	8002de00	670e9dda8ac9e3ff
14630912	8002de04	c4f4481602755aba
14635008	8002de08	9bdf07e4bbbea775
14639104	8002de0c	6e8a72f595a293bc
14643200	8002de10	15fc7902fbef9206
14647296	8002de14	2c48624d71839cdd
14651392	8002de18	59a1ada403b45dd6
14655488	80030900	5030932c286933d0
14659584	80030b68	a7490982ca9b2cab
14663680	8003d6d0	9a12739b27a8e4cb
14667776	8002ddf4	3113b707af1b606c
14671872	8002ddf8	87d8e72809eb8481
14675968	8002ddfc	40d5d90ed71487aa
14680064	8002de00	f0bd74874a1c7704	396d6361e8580b64	7bed8159bb569479
14684160	8002de04	4b3d8e257ac531cd
14688256	8002de08	dc53e18c02027e88
14692352	8002de0c	b4d39daf84be4c19
14696448	8002de10	619d0673e2c7791f
14700544	8002de14	57840629a1e2dc74
14704640	8002de18	4d49d74bd33777e4
14708736	8002de1c	32c5f35be60b2ba5
14712832	8002de20	c9085e0cd8f21edd
14716928	8002de24	be6dff5e583e6207
14721024	8002ddf4	8177830be1893b6b
14725120	8002ddf8	5c5432ebfd81001f
14729216	800495dc	b22398cd3a55a75d
14733312	800495b8	40abf80a977081fc
14737408	80030190	11e34a7007b2a8f1
14741504	800303c4	3d3ec199a43f5630
14745600	8002e5d4	b1baa9f9809ec4a7
14749696	80010b20	d107cc82f87696ad
14753792	8002e5cc	26f4fb1fb68ca784
14757888	8002fd34	53c21670f1f1ab0a
14761984	8002e5b4	edb44f6561de74a9
14766080	8002fd74	d6400359d93dcf44
14770176	8002e5d4	196244e749d1d57e
14774272	8002e5c8	2ea40c12f8eae194
14778368	8002e5b8	386d06ea88e0cbe1
14782464	8002e5a8	a031be5f576277d8
14786560	8002e5a0	09a26ff944e19939
14790656	8002e5c8	fb24d46321680d34
14794752	8002e5b8	874346c4d41da518
14798848	8002e5a8	c1dfbe9b71d33dd1
14802944	8002e5d0	ab15d1705375432c
14807040	8002e5c0	d78c064a311ce8c2
14811136	8002e5b0	2a4fd18f4c5881d5
14815232	800300f0	3c1759fe687dfe6b
14819328	8002e5d0	d2367eee659ddfa2
14823424	8002e5c0	c7db6838f098d974
14827520	8002e5b4	468f2ec45e4b29ed
14831616	8002e5a4	a134c34a9c276a48
14835712	8002e5cc	7fc09ca9b8c64d7e
14839808	8002e5bc	975b992a2b50a38a
14843904	8002e5ac	500d8a54f150bf26
14848000	8002e5d4	054f438037484dae
14852096	8002e5c4	63e497d94c29f1dc
14856192	8002e5b4	879cf9e4cb3061e5
14860288	8002e5a4	c745559af85fb96a
14864384	8002e5cc	c43240bc998c24dd
14868480	8002e5bc	721277701d61b606
14872576	8002e5ac	0553921537ff4895
14876672	8002e5d4	1977495f5b087ce4
14880768	8002e5c4	fa40b2ba7ddf59d0
14884864	8002e5b4	6b46606ca9a187e4
14888960	8003d0e4	517bf4d5f3d5ffd1
14893056	80049608	dfeaa20c46de3b88
14897152	80030188	afaeb16925da95b2
14901248	80030100	9e0ef66e6028a01e
14905344	8002e5c8	733ac223e1f054ed
14909440	800301fc	4916e6bbdfdf323c
14913536	80031dac	730ed67a32888306
14917632	8002de20	970a0fafa40c9225
14921728	80031d48	7a3e28a769952e9e
14925824	80032a34	b1ca19e40865127a
14929920	80031e08	5276ea72ae79adbe
14934016	80031e44	5378b3a8ebe5cea2
14938112	8002ddf8	c4b4ce32d688a729
14942208	8002ddd0	fc9f8d744d78bb2a
14946304	8002ddf4	3fd2b7ded05b7b81
14950400	8003278c	31c8b3725bf21a6b
14954496	80031fb4	f5479ab68f7b1f31
14958592	80037aa8	607a94763ceee568
14962688	80037b18	e6198c3af579496f
14966784	800495b4	b9a2f9d677787b4a
14970880	800495c4	5db5f3702b3e20ae
14974976	800495d4	a0eb4f0a86eda353
14979072	800495e4	11aab74da1aa4839
14983168	800495f4	f68d1f436b5d3206
14987264	80049604	8262ea054831f4ee
14991360	800495bc	60b2087b76c2fd81
14995456	800495cc	f53166e74cc309d0
14999552	800495dc	b01f1581e79c6bcb
15003648	800495ec	971a77b5e2085ec3
15007744	80049604	f07685db8265f6da
15011840	800495e4	cbdaf4a5ea249219
15015936	8004953c	73b8cb8f8cc88072
15020032	800495d8	ac13ff6ad3029888
15024128	800495b8	fc44677a564b5098
15028224	800385d0	1ece89d64f40515e
15032320	80049604	235072f95fe2d63c
15036416	800495e4	f1608113ca548842
15040512	80049580	ed678394e1b02634
15044608	800495d8	d136d905f8d69367
15048704	800495b8	a35e728cdfe6caa0
15052800	80049568	8681a57eb2fd4fe2
15056896	80000838	8444e7667d38e0e0
15060992	800495f8	514e5b6aa4724bea
15065088	80049608	905b6b51a992cbb9
15069184	800495c0	f80108f479650e2d
15073280	800495d0	d90005bc52018fb3
15077376	800495e0	0da71a23f88b9dd6
15081472	800495f0	41292fb520e4b1b0
15085568	80049600	7ab2b734e58c5ba5
15089664	800495b8	c4158a0641d12451
15093760	800495c8	e0fca54b50534f58
15097856	800495d8	259481116aa6783d
15101952	80007928	4d0a67c50ac668bb
15106048	8000792c	1ee9e03688955334
15110144	80007930	dc7269d3f55d34c9
15114240	80007934	3c068456dfbd536d
15118336	80007924	2a9d4d13105699b1
15122432	80007928	7630568fb9af7f4a
15126528	8000792c	561a058462d999eb
15130624	80007930	25239674022beab2
15134720	80007934	345775e05c53b534
15138816	80007938	6e15879246002bef
15142912	80007924	9f98b612c6281fa1
15147008	80007928	d9f6c76e720d94f6
15151104	8000792c	f9b4fb16cf53b474
15155200	80007930	027a307910b24b5e
15159296	80007934	277d071d0284538b
15163392	80007924	2fd4a0aa22d2d7d8
15167488	80007928	5ecd579de5ec3bb1
15171584	8000792c	ff68500806037225
15175680	80007930	5619973c45a9d0a2
15179776	80007934	7e97bb74736292af
15183872	80007924	4f9f37e9433b2452
15187968	80007928	2053fe9e4ecb4740
15192064	80007928	b26a3ee7609c3f50
15196160	8000792c	a977d3bd9fa68eaa
15200256	80007930	75956d4d68db21cf
15204352	80007934	effa36c030bf2847
15208448	80007924	c115b1138342c312
15212544	80007928	638b1317d6a3b154
15216640	8000792c	f187d4044a058efd
15220736	80007930	52666632b68b64a9
15224832	80007934	bffc8c805b386f0f
15228928	80007924	ba96eae269faee88
15233024	80007928	4b6ef94f5000c8ce
15237120	8000792c	ba9d707b63c6750d
15241216	8000792c	ad999a8964f83649
15245312	80007930	94eca680365905bd
15249408	80007934	627790bb3a511d34
15253504	80007924	a2354eaa21977146
15257600	80007928	f1dbc7f69c389144
15261696	800495d4	85839611cdb01fbe
15265792	800495e4	3bf3c269c91e5730
15269888	800495f4	e0c7126bc14d03c4
15273984	80049604	9a8871edd86cb2cc
15278080	800495bc	730a33bcc54a239c
15282176	800495cc	890d3463a4459ccb
15286272	800495dc	eb75cb223d17ae8e
15290368	800495ec	6348b71c28d3015c
15294464	800495fc	eb8f92fecd005fd9
15298560	800495b4	6ed392ea579d0225
15302656	80007934	712d33ecf7c7ced2
15306752	80007924	b7ad9f6c9f59a9ec
15310848	80007928	a67aa483d1010eb3
15314944	8000792c	7b8d48482c86d6fd
15319040	80007930	b57225bb50dde346
15323136	80007934	ff52b93c39a875bd
15327232	80007924	69dfac7afadc4b23
15331328	80007924	eb97e320ad126308
15335424	80007928	7574d9a254fe67d7
15339520	8000792c	fc44f1d28516e56e
15343616	80007930	a54c876327f95c19
15347712	80007934	f037595b77325516
15351808	80007924	eaf2611b7a30cde7
15355904	80007928	4143dbf40422a8e2
15360000	8000792c	0903fab287bf3f96
15364096	80007930	bf3c0f1e3a82d0e0
15368192	80007934	49e113c0c5f9420a
15372288	80007924	db3440775df02150
15376384	80007928	e7bc7c47de5c508c
15380480	80007928	e218b8633cdc2021
15384576	8000792c	1bd5d1a1e5d72bad
15388672	80007930	3c8a1a4e14e3edee
15392768	80007934	eb98d21481ef0810
15396864	80007924	6898d33b18c04597
15400960	80007928	d4cd4c36568a7b46
15405056	8000792c	4b1ecf833eb65b48
15409152	80007930	f778f81f2f6a504a
15413248	80007934	8780303f4fb11412
15417344	80007924	1b99ad66bd8b2926
15421440	80007928	978b5484a39f6bbc
15425536	8000792c	af2c6b690f65fa19
15429632	8000792c	0619966dea3f4d21
15433728	80007930	f23ae1d03345b014
15437824	80007934	28032d688547e98f
15441920	80007924	9b2173f19ba4259e
15446016	80007928	dceaa5b887af01ce
15450112	8000792c	9c36ac81023cfd08
15454208	80007930	f9675ded6672e252
15458304	80007934	e55067283030a904
15462400	80049604	934493ac1df8fdf2
15466496	800495bc	4ca8de6f2a611edc
15470592	800495cc	829e7be77fcc64ae
15474688	800495dc	42c73a1305f36ecb
15478784	800495ec	aeee7cf0497f259c
15482880	800495fc	d1d129b6d36b8d69
15486976	800495b4	91d48c39c46b8696
15491072	800495c4	035b342958b08c0e
15495168	800495d4	8d7465b301424d91
15499264	800495e4	65b7cacdd82bc83f
15503360	80007a88	19b046b2d5115b5d
15507456	80007a88	b8247f603086c00a
15511552	80007810	78b8b7dff37603a3
15515648	80007810	5cd96df0ebc97ce9
15519744	80007810	6240e25cf86020a0
15523840	80007810	bc57f46f63f6af9f
15527936	80007810	240a6acf711fbce1
15532032	80007810	ab9fa21b9a70df3f
15536128	80007810	32317c270eb410d7
15540224	80007820	24f2cc49222934a9
15544320	80007820	8c3c27bb528502c1
15548416	80007820	1065f2d05cb6b1c9
15552512	80007820	8ea5bfcbe0e4abb9
15556608	80007820	39cee2c5ba1f1d39
15560704	800495c4	f9398dca84865717
15564800	8004955c	1051d0bcdd43536c
15568896	800495d0	7a83dd408a771052
15572992	800495dc	63ecddbfe14c4f9f
15577088	80049560	71bdf25a82ef7be0
15581184	800495e8	a9030c54b6367a74
15585280	800495f4	f81c90f4d5d053da
15589376	80049564	d0764da2d79255ee
15593472	80049600	77837c78ba38df0b
15597568	800495b4	b799837f1ce2a207
15601664	8004957c	3cba757a6a803db7
15605760	800495c0	6e40886acb346017
15609856	800495cc	204cf8125237b957
15613952	8000074c	aa87c516733ef646
15618048	800007e0	fd6dd22936fa3072
15622144	800007c0	0e9356963a4bc1ec
15626240	800007ec	62254621fc2928a4
15630336	800007cc	dc80c34733ef321a
15634432	800007f8	652e7d3486f143ac
15638528	800007d8	e76f08f98b2384a4
15642624	80000804	395d3ad1b8d3564b
15646720	800007e4	fae12b60cbf4f418
15650816	800007c4	ad04c0c4c5edac93
15654912	80000838	12670af7a9e77237
15659008	8000083c	63694bf923731b3d
15663104	80007820	0d59ba9fbf236e52
15667200	80007820	d55471d3f34c3828
15671296	80007820	338f55d37a2f5973
15675392	80007820	f59ea450fc70cba9
15679488	80007820	4177ba4ff549b4fa
15683584	80007820	2bf2ff74c5996d59
15687680	80007820	f56c7b0a779adad4
15691776	80007820	400e2d43a2386c29
15695872	80007754	6b0cbd22138cf60f
15699968	8000781c	9943e40ffadfa531
15704064	8000781c	40ff7369a9152c47
15708160	8000781c	54238d9efa9ded81
15712256	8000781c	8b56908f2fc8a859
15716352	8000781c	beac2425f5a85587
15720448	8000781c	c648e5430c791863
15724544	8000781c	82762af1c08c7c97
15728640	8000781c	4ada82985604f9c0	ba4327119455a0f8	fe5d82c0f42d45f1
