4096	80000024	8d61b1a865b9eeef
8192	8000001c	3591cb79b20ddcd5
12288	80000020	d190ab0f616d7821
16384	80000024	477d2129a940350d
20480	8000001c	8980e6fe98e6f0c8
24576	80000020	1be268657f8b64d4
28672	80000024	e0dcba7956e10f6b
32768	8000001c	47fee2d8885171c5
36864	80000020	593529fd6687e3a7
40960	80000024	530d224fcc93fec0
45056	8000001c	dd5a268e4dc99549
49152	80000020	347c1c0f0ebbc566
53248	80000024	41bbb2f53bc3bccc
57344	8000001c	9e7c853054ac2b41
61440	80000020	4a759154a3331845
65536	80000024	42946a09faf97d7f
69632	8000001c	544f2b489a4d940a
73728	80000020	cc507c7d5ef3b028
77824	80000024	e167f6de85fb1903
81920	8000001c	8e39644560649033
86016	80000020	7bb944d37b15ccdf
90112	80000024	a34f8cc9f246a991
94208	8000001c	40b48039702a8973
98304	80000020	c355c0d804231d34
102400	80000024	047d451194f27fab
106496	8000001c	e1b7eb1c1c18acd2
110592	80000020	86d4f5568fad46a9
114688	80000024	f7f45f124a2a7e34
118784	8000001c	08df52cd3b1a5114
122880	80000020	a0f9d9abce0516fb
126976	80000024	dd856495ffb9969a
131072	8000001c	b16cc86599105c1c
135168	80000020	279cc5eef7498fd0
139264	80000024	4ccd0e745ae65526
143360	8000001c	2d805718179d46b0
147456	80000020	d2ad6fb18339c5e5
151552	80000024	b2f2a6402be1cc3a
155648	8000001c	ac78c062cd624262
159744	80000020	116a5c6ed6570b91
163840	80000024	48b5a4c9e082d279
167936	8000001c	dea322575f96ccf4
172032	80000020	169b94365ebb3748
176128	80000024	177c88b006a4b171
180224	8000001c	34a12d9bd19f4f11
184320	8003e1f0	4e46a531d003f3d1
188416	80040cc8	e5fa467c707830e5
192512	80044580	d194613222b00359
196608	80040cec	bfac308b3e95da4e
200704	8000f9d0	6dfab444987ba616
204800	8000f9d4	17f8e6f9b5330396
208896	8000f9ec	88ebb804fff859f9
212992	800497d4	670ac20d649f10e8
217088	8000f9f8	cf331504b4fb6965
221184	80049740	4f1800d38066805a
225280	8004972c	dd4a1dbb97a40b29
229376	8004fd90	4c78875f64a5d796
233472	8000fa54	8b06fd4b6525dcbf
237568	80049738	f5ca970122b7439c
241664	8004971c	d618db10551b7858
245760	80054378	555c3632238ac478
249856	80049768	a7e773e74997bbba
253952	8000f9d8	ad716ab99ffc9941
258048	8000f9d8	67de7600a3ff41ac
262144	8004cabc	dab14d3e5532275b
266240	8000fa50	091b2b14e5a8a51e
270336	800497fc	ace467f7a831299c
274432	80054320	ef32a366ba9ca39e
278528	80049748	5b0a9b878f7eae4f
282624	80049800	930208bf2d8b5f8c
286720	8000f9dc	5710ea1c8088f995
290816	8000f9f8	37819b05c12126f0
294912	800497d4	f2d1e0561fc8650d
299008	80049730	f95c19a11e3e6a54
303104	80049724	3e2a0eab09e19bab
307200	8000f9e8	f8c3e55290565163
311296	8004981c	d6e1008d4a3d2925
315392	8000f9ec	03ed285bb4edaefc
319488	80049724	0bd194a72ed520ba
323584	80049720	7d4cf27b0a68fc94
327680	80049724	8698f42a31cdcee0
331776	80049730	77f9851cf7dc0318
335872	8000f9f4	fa6773948d94197c
339968	8000f9f4	ea2fba9ae61ee073
344064	800497fc	d5f6d6e83bd4c19a
348160	800497d4	1035a8cd1ec064ca
352256	8004971c	d6fb74d363cb3ec4
356352	800497f8	6f015816d8230187
360448	80049714	e1eaade0bf1e913b
364544	80049764	2084879461c55a9c
368640	80049730	ae7530f4a40fb57f
372736	800497d4	1518676f2ac63c6e
376832	8000f9d8	a2166a3f0127b1c3
380928	80049724	1e58d7b04991aa08
385024	8004974c	116d9ce790223d1e
389120	8004973c	32790c3d5b2b91f8
393216	8000f9d4	78ec65da3c47b456
397312	800497d8	9c2d30c50ba0f98c
401408	8000fa48	6ccebd3e2661ae64
405504	80049804	a56044e54a681e63
409600	800497dc	4c83236ca24e57e9
413696	8004981c	a948afda7a40f191
417792	800497f8	cce65b303cb4b4b9
421888	8000fa38	e6bb534d31257d66
425984	800497dc	4e44dddf182d1cc1
430080	80049738	0796c98ff09b8234
434176	80049800	f7d6c0d327abb0c4
438272	80049750	b1bfa763de5b3c60
442368	80049814	1a2d1f2dcb0aa45f
446464	8000fa48	311219345cec001c
450560	80049800	7e712f27cb2620b4
454656	8000f9dc	a2b7a6565e019dec
458752	80049734	d34bcd22e576ecd3
462848	800497d8	bf9625d7dc16099d
466944	8004973c	538111782b5efe9b
471040	80049714	74be465595b81fe5
475136	8000f9e0	70484729cc5f6232
479232	8000f9f4	7cd006837a2d31be
483328	800497fc	dfc235c3d515ebb6
487424	8004973c	af3c04965f14a157
491520	800497dc	1920a8959cd8e803
495616	8004971c	1378763b569e6c73
499712	80049750	0915cd4dc93d5c60
503808	80049740	2134092f6d1d92e7
507904	8000fa50	51635eaaef89d32b
512000	8004975c	83ada15810b7bd6c
516096	8004974c	239e154850c45d73
520192	80049718	a1ee85bec3b8b828
524288	8004973c	eb311355b28e3597
528384	80049720	762dc23aedd9f345
532480	8004973c	7e3a414bdd05cc66
536576	800497dc	2b70505ce2b644d2
540672	800497f8	50fa3b877f8cfdc9
544768	8004972c	aa93483ee9d9b68d
548864	8004971c	fddaad480f4a4e85
552960	8000f9d4	2316980c75979585
557056	80049744	515d5402452487bc
561152	8000f9f4	7f94ecb863ce0fdb
565248	800497fc	5e5e1fbdf2d7883a
569344	80049814	d2b93b8ee979f94d
573440	80049804	711d92f2141f2d56
577536	80049740	4dee209f05f8a6d4
581632	80049804	47077c052353975f
585728	80049814	c01b57acd404c718
589824	8004973c	2c06b64a8b27dcf8
593920	8000f9f4	ecf9e72798cb5bf8
598016	80049714	a0b9ef58b8a1fb9a
602112	8000fa58	6c7281e8dbd17da5
606208	80049730	951f95d37cf53b8a
610304	80049728	ff6f262067261bec
614400	80049818	a7f751da96a7f544
618496	8004981c	26083ae83a324e43
622592	80049764	fecb739f80b2045e
626688	8000fa4c	bd737530c5b3da50
630784	8004971c	b949a3f25622102e
634880	800497d8	59c0f511a45e6c65
638976	80049774	be429ada04dd08a8
643072	80049718	a9abaf7cede80c3b
647168	8004972c	588877ffd188f636
651264	8000fa44	3d1d776a2deaf1b0
655360	80049800	7dac6e357e2c3dce
659456	80049714	655999bf8b9a2283
663552	80049778	7b957f3d0e987714
667648	8000fa38	0a465822302b5093
671744	80049738	5235c01f65b97408
675840	80049730	676d2262daed100f
679936	8000fa38	e353e8c0ea24a809
684032	80049724	e83023dee0d97852
688128	80049714	0e1210e86d1d761f
692224	8000f9dc	1e43b83d13e6de14
696320	80049720	f6c10789aebe8f36
700416	8000fa44	c066f9bbad52e0b6
704512	80054338	00db7a15bf1791b3
708608	80049818	9307a2f0910231ec
712704	8004ebe0	578a2615b8488fcf
716800	80049800	cc41388b1d62bba2
720896	8000fa44	f0312949d71b55f1
724992	8004981c	9ee552595ae0ef31
729088	80049808	f1a0e55cd50b2d8d
733184	8000f9e4	3be34732b80bf5d5
737280	8004975c	a07ca4c1bfd104f4
741376	800497d4	3b90add7894e7378
745472	8000f9d0	5e1fc80983ef507d
749568	8004971c	1e11d88e81f71ddd
753664	80049738	8ab032f72c852528
757760	8004981c	8b9a1d6a5d207f5c
761856	80049748	7a77321b13d42c90
765952	80049800	24d36e818c8e7eb9
770048	8004cac0	3e90ac670a597ff1
774144	8000461c	b17c3c1c4e59799b
778240	80049744	c1e27b9edcae2444
782336	8000f9ec	08d54ba998b00bac
786432	80049714	3b9796df16a821b8
790528	80049808	ec41da5675384713
794624	80049614	2f76c07bbc92d2f0
798720	8004469c	bdf0d2d065bf3261
802816	800495fc	c50e77dc5142c1a1
806912	8004cac0	bd77c9910790a727
811008	8004cabc	9bd82834517af063
815104	80049578	67bd2760c5f6d55c
819200	80049590	8e6f9516c6929e29
823296	80049570	024f826224e02618
827392	800494ec	ba91e9abbd555162
831488	8004959c	570f79d37f66e25f
835584	8004957c	c33169267a761007
839680	8004950c	e82c09036d31ee40
843776	80049594	7e3c075370346217
847872	8004940c	b5f6d61fe0935d19
851968	80049404	d5b734ba7fb36596
856064	80049414	0d8951f39b535f71
860160	800393b8	b90e2bf270c124b4
864256	8003935c	7f9e60573dd0104b
868352	800474ac	ab57970d1a011845
872448	800393ac	fa48af9dfb0bb89c
876544	80039350	b3d0ea1ae183812b
880640	800474bc	3e38ca2d0ed7fb79
884736	80047444	f3d6b9da69e6d099
888832	80039350	debeb9f671a4ef1c
892928	8004747c	cfc81a10e9cf97ad
897024	800474a4	bf11f67f22b79208
901120	800474c0	929b6e075e802571
905216	80039368	9f532f5e1ad4feac
909312	80039378	0eb87dd50eee6711
913408	800393a0	359d3d505315d573
917504	800393c0	18fdf107d957f5c9
921600	800474ac	4816eccdb848d289
925696	80039388	e6170c66fe8cea67
929792	8003938c	86cd15d891b90961
933888	800474d0	dc29a70894a13ad0
937984	800393b8	edcb5b27d28beda7
942080	8004749c	984cc10248888a4a
946176	800474ac	74ba884c46f8e2d9
950272	80047498	feb3587b21ba3168
954368	80047484	4497d16f276ade0a
958464	800393d0	8e4ca92dbdcb1cc2
962560	80047498	8528d7eb46f3e09c
966656	8004733c	f314d5c782195de6
970752	8004734c	03ee910f75eb55b8
974848	8004735c	e4061cb52b81a9dd
978944	8004736c	db8e114f0e2a45fb
983040	80047398	066f2a2cc5512272
987136	80039640	f91729fa314b0896
991232	8004733c	0087bdb885043fe7
995328	8004734c	12b3027dbfe3567f
999424	8004735c	fb59e236d197183d
1003520	8004736c	017b229e7ff9158c
1007616	8004735c	984b2daf0c692ae5
1011712	80047360	4a5ddd94278b0ba8
1015808	8004738c	b84319c2104c9ba0
1019904	80047338	b158b542d63558ad
1024000	80047348	00d03bc50bb8d364
1028096	80047358	7062d8440c4845d9
1032192	80047368	aa79f0a16fceaae7
1036288	80047394	4e5350b82e02166e
1040384	8003963c	b6cac615da123506
1044480	8003964c	c52e02e0ae3923a0
1048576	80047358	d6478115927249ce	2ee762d49f9eac50	7bed8159bb569479
1052672	80039658	fb581bb888909270
1056768	80047390	bd9e51d4d53e839e
1060864	80047324	e5bf3c32d74e83d0
1064960	80047334	623d34a9ae3e8cdf
1069056	80047344	b5be6d4ff2ddb425
1073152	8004736c	8b5ce96f76f27cb4
1077248	80047398	644e0f65a889f06a
1081344	80039640	140ab82b0b3f1fb3
1085440	80047360	b1d19d47120f4b63
1089536	8004738c	1af22421f9686ae5
1093632	80039654	79339558af0d50c5
1097728	80047328	fb2e2aad128ab3bc
1101824	80047394	4a775a95c068bd88
1105920	8003963c	1cda435bfc65d8d5
1110016	8003964c	67a2c58b6588170e
1114112	80047324	a6e0ef2ef7bd1d22
1118208	80047334	0cde1084c728ffd1
1122304	80047344	d425ed77cba4b568
1126400	80047354	53796787c5fe578b
1130496	80047324	9ca26a676237ca91
1134592	80047398	40def01d1d1f6b61
1138688	8003963c	b9135fa2e8f48f81
1142784	80047354	7fc4b078c73a1e0f
1146880	80047364	1c6abb82c2afb4c5
1150976	80047390	9ddc9c3e144078cf
1155072	80039638	ab2eb4fe04a8ffb8
1159168	80039648	1351364eb02bc6bc
1163264	80047320	eaf69e82b9c46dfe
1167360	80047330	3092477e86a11fca
1171456	80047340	17fc66b1c4f4b3a9
1175552	80047134	6da2fa162720289e
1179648	80047328	84a47e4c29710dc7
1183744	80047328	28e9dc99544a4035
1187840	80047328	a626fe8e92a06734
1191936	80047328	9549fe4edd47a28c
1196032	80047328	647820386364e469
1200128	80047328	4cabef95339b9c90
1204224	80047328	e6b3c352840e1e6c
1208320	80047328	840d830af10be8a1
1212416	80047388	e76a2b8cd53ecc83
1216512	80047328	695051e2600b0d43
1220608	8004557c	6957108274537bf5
1224704	8003d8e4	525b105afdb43a18
1228800	80039bf4	44cac7222292b21e
1232896	80039c10	332194bb2b53fa58
1236992	80039c08	55b2b94b50c63f31
1241088	80039bf4	fc17a192a8a6531c
1245184	80039c20	d367fd838acf762d
1249280	80039c14	ca5a5183468fe11f
1253376	80039c1c	32c196c6db1ad0ea
1257472	80039c10	4c3597cdf15eddd7
1261568	80039c14	fae29fb347a40e60
1265664	80039c0c	3be8bacedf37c9a4
1269760	80039c20	366265f6929307d6
1273856	80039bf0	7efa3d059f7ad521
1277952	80039c1c	1e710abaed0882a1
1282048	80039bf8	8287987237055d26
1286144	80039c14	38c0851e622d766c
1290240	80039c1c	e48e98dc57ebe84f
1294336	80039c04	d7dc40c02f833679
1298432	80039be4	92e89b4e11bddd2b
1302528	80039bdc	328a879863f8783a
1306624	80039bf8	4e43cb4ae8df7b3c
1310720	80039c08	9b23f08a9cafd9a9
1314816	80039bf4	324a2f958570d013
1318912	80039c20	00aab0517cef15f6
1323008	80039bf0	69e5aa5974012f3b
1327104	80039bf4	b85a08e7d64bf95b
1331200	80039c04	59d154c942aff145
1335296	80039bfc	7ec895de9e63dd0f
1339392	80039c40	f08e27142132647d
1343488	80039c38	71b6ed70d72f807f
1347584	80039bf0	251ae9d459c630d8
1351680	80039c0c	17e2b73aa48c026e
1355776	80048dd0	5d977279a5ff4f04
1359872	800547d8	0de8a3147cab7643
1363968	80054710	6c699cd7656a2492
1368064	8000e8f4	1d81dc642910e764
1372160	80040ccc	95afb25979cf7c96
1376256	80040ce4	436493ac426b1391
1380352	800004b4	039a054e409cddb1
1384448	800547f4	87afd20bc2612205
1388544	80049324	e7687850f27fd690
1392640	800348b4	b123de6d7868a529
1396736	80035580	2de1caeb7f99563b
1400832	800495f8	275a311ba8d3ff03
1404928	800339a4	e89d253ce524007e
1409024	800343d0	8ef7a2e9ee526d8a
1413120	80034e98	1eb7eb15488f8759
1417216	80038e88	de8c50d962a351b0
1421312	80035120	bd1fc7ec40bf6cf0
1425408	80033e5c	ea2b632fd28dfe2a
1429504	80034ae0	6bf096bb188c89d8
1433600	80035120	66dfc517c6b7f6af
1437696	80035130	ff4210ae163916ca
1441792	80033a2c	4b5dff93ceeffc6f
1445888	80034704	2245305ff513c3e6
1449984	8003520c	b5c27c277d7d7fc0
1454080	80049600	bdb824a99c5e34a8
1458176	80033998	4ec4f3f67b7c864c
1462272	80034164	86dc7bd70bd0760c
1466368	80034dd0	31702ad9e767d792
1470464	80047474	ea8f41c00d2eafe0
1474560	8003551c	670e40efdb6f6a39
1478656	80033d60	5c2a39051ff8e749
1482752	800349b4	fd638a10e4db5345
1486848	8003551c	9eebe8dbda04583b
1490944	80035124	149f85c10cefbb61
1495040	8003398c	3e0e6bf91fdf1a52
1499136	8003435c	b7fc0e76603640df
1503232	80035228	197659f2f45a875f
1507328	8004745c	2c8dec2b431af747
1511424	800339a8	c08634dcb31f78f6
1515520	80034544	3706c5fba56d752d
1519616	80035110	6ce30c619730eebf
1523712	8003512c	f3f4adde902131e1
1527808	80033984	736286d2df24e454
1531904	800346a0	0dae0a51a541b0d3
1536000	80035120	595694b96fb2453e
1540096	80047480	59143a8e4b1eff00
1544192	8003399c	96b30695176a6083
1548288	800346d4	797666d1c2ddfc74
1552384	8003512c	f8ec86e7f7251ce7
1556480	80038e7c	b75f89cc412a8bd3
1560576	800339d8	382424d6278fffcc
1564672	80034754	d57027676efdbc9a
1568768	80038e38	e3cd30ef970d7c6b
1572864	80014038	d342788aa6a8e9de
1576960	80033a0c	7b465dd0062854d2
1581056	80034788	bdbf5c7c126d3018
1585152	80047444	e2572b434a690793
1589248	80035114	425494658ca4b67d
1593344	80033cc4	6d310c0175cacecf
1597440	800348d0	ca5f04f2985ba152
1601536	80035128	55f82acc03b391b7
1605632	800474b4	8fd80439e059f5ba
1609728	80033998	aff6bcddee51eef4
1613824	80034278	a00f0cbedd0a92e2
1617920	80034ef8	6aed5934f8ef0478
1622016	80035128	81e7d765ad2f8a34
1626112	80047474	8843f3b72f32075e
1630208	80033a34	467d17b724212a18
1634304	80034710	b53ba977a49397b2
1638400	800350e4	4344e9f6b88f82dc
1642496	80035120	1c0f7df580e5b143
1646592	80047478	79b636d8cc675108
1650688	80033f34	02b8f96dc266c5d0
1654784	80034ae4	888b4d86bd3b8a18
1658880	80035548	107bb83f8a5d713e
1662976	80049608	89f8b90805f383ee
1667072	80033990	a90a1fb5767f505f
1671168	80034710	af80ba5b57cab7bb
1675264	80035548	2d88414ba39aca26
1679360	80038e6c	b6304aac02f3b234
1683456	8003399c	fe9b0154bd4d1309
1687552	80034280	6010d21717fcc11e
1691648	80034ffc	5dee9c7e3466add4
1695744	80014028	fedccbad57ce8bd7
1699840	80033990	09874309e67968f3
1703936	800345f0	e854e5ed14a1bf2a
1708032	80035514	e6e8391a217a37dd
1712128	800350e4	e78a64d645988b39
1716224	80033b2c	5fce470e62faeeb1
1720320	80034804	c0d5b99221182f51
1724416	80035118	8149a3ffeb68d7ff
1728512	800474d0	4f253dfb9f1f4891
1732608	80033d54	b92c979c90dd146f
1736704	80034ad0	7ec10ce7e11e7d72
1740800	8003511c	a7210817780ee6c8
1744896	8003512c	57a4ccda83c42a12
1748992	80033e10	55014cd7b92cbe94
1753088	80034b8c	7e2c7911528e1f80
1757184	80035134	6778d7c819029872
1761280	8003512c	d51f27f23637c472
1765376	80033a54	2b3e35fbacfcdf09
1769472	80034604	8e3f92a84c759ad2
1773568	8004746c	feb5b952c6aa51ff
1777664	8003553c	5bc20bf6bf23a0db
1781760	80035108	71e72a914b86716e
1785856	800340d4	03305d6ab3b570cc
1789952	80034d3c	72f16d7e94291ed3
1794048	80035118	cecb01fb11972037
1798144	800350ec	3b2a02a302190f6a
1802240	80033bd0	2fe5aec97ae42305
1806336	80034824	9241e2fe7b509f48
1810432	80035564	e0ab5d522b9ad424
1814528	80035530	8abcb248e40d50ad
1818624	80033b4c	9a5c72494bf0204d
1822720	80034870	a52bde0147728499
1826816	80035114	233433c13eaf5c4f
1830912	80049638	af6d91ce0232b204
1835008	80035110	14f901916dfda842
1839104	80033fac	1ff46fdb81774830
1843200	80034c30	cccc08d1a0064f53
1847296	80035120	669fab4e77eea3d9
1851392	80049668	0826204f6f45f06c
1855488	80033fb4	7f571d8dd501c7d5
1859584	80034b80	2482aa176b4c6837
1863680	80014010	e4045eb6da3eff37
1867776	80035530	9ccc690288cb48d5
1871872	80033b88	e934d59671aaeb4f
1875968	80034904	8254173d64d97832
1880064	80035508	301243e90870d4e3
1884160	80049604	50cbbb539ee06995
1888256	80033e54	0e0e11aa1ce014ba
1892352	80034bd0	16d62e7d78379d09
1896448	800474c8	eafd65f54d431466
1900544	80035124	acaffe03a6f55d87
1904640	80033abc	830b84613abe932e
1908736	80034490	c4d0e78e4fc1cedb
1912832	80034fb8	00cdcfb5bdf173fa
1916928	80035130	87abb82d3fe3c991
1921024	8004747c	9c2a7b32a6cde73d
1925120	8003399c	91b7ac04681cc3fc
1929216	80034520	b85fd52a2bf7ae21
1933312	800350e0	3b523bbbf0dd2b4a
1937408	80035128	96335e446236ffe7
1941504	80035570	81c95c953f562d72
1945600	80033ae4	a38ce061e7d86225
1949696	80034610	e4a1a3600adf56f6
1953792	80034fac	395a5a27b0dd8b03
1957888	80049610	18f7833f8aaea190
1961984	8003512c	5ba05d952e5f370e
1966080	80033be0	1af71474d61da4da
1970176	80034584	8207a5ce5c80527f
1974272	80035218	56a0fd441d95ee85
1978368	80035120	5f50f9519a18bd1b
1982464	80049610	774db8e5f8161e76
1986560	80033a7c	946ec40a8f32c4af
1990656	80034660	7efa277e2aaf2d48
1994752	80014028	ddd4f8454d8a5d41
1998848	80035120	1d8f8ac510d17893
2002944	8003511c	cbd5983b88c775b0
2007040	80033c24	b257b6a0690339eb
2011136	80034750	effc7a6b9437516a
2015232	80035578	e6cd3acd33354da6
2019328	80047450	1e0898434f94a630
2023424	8003512c	5a28edcf54f8f404
2027520	80033ef4	46b28ac675652419
2031616	80034c2c	3db5c5626a302afc
2035712	80035120	fbb12d3f35696f6f
2039808	80049638	d99029aaef98f4fc
2043904	80033988	2da1ac269f3952c5
2048000	80034474	9e4a423c7cb18a1f
2052096	80034ea0	c97be03fdc2d7c8f
2056192	80035514	8b3c3fbc01acf72b
2060288	800350ec	3125c8f6e3fa45bc
2064384	80033d6c	203116a90ce297f9
2068480	80034a60	0339a3c4aa833f24
2072576	80035110	798750c6d3da337e
2076672	80047474	637cedc01ec47486
2080768	800339a0	3ddcd73ac8c9a53b
2084864	80034584	5e01af242863de39
2088960	80035214	a0e423c091d0fd40
2093056	80035170	91cc426fb5f5cd1e
2097152	80035124	c0aae3d621ab684f	4254a03fcf14b344	7bed8159bb569479
2101248	80033b4c	5740fd3863d2ab3c
2105344	8003468c	a0d6d62cc8998ed4
2109440	80034f78	ed01b97ab7c485db
2113536	80035110	b615b6c97b37370c
2117632	80038e6c	3784224d9cd73737
2121728	80033dbc	9e996c7ca7512bbd
2125824	80034b38	24394722c7d794b3
2129920	80038e38	4e88f51923b80d4a
2134016	800495e4	87e7ae5d104e996d
2138112	80033aa4	b4facb7c434131c7
2142208	800347dc	7367d834b5ae8cb2
2146304	8004749c	33dbf82ab16f038f
2150400	8003512c	1f5cb41b3b2b4362
2154496	80033a54	b0ecfd3adbfd7354
2158592	80034480	f10ec43da1e9f93b
2162688	80035064	e326d4a72a36a344
2166784	80049620	8c9211663bfd678a
2170880	80014008	3d6cc88a2a4d31f0
2174976	80033e08	e3c481ccc981fa8a
2179072	80034a44	d847a2678b9b8ab1
2183168	80035508	ae89d498a35a1a60
2187264	800350e0	c901410559eeb26e
2191360	80033b64	7254d53e0b4dfe71
2195456	800346a4	a2201f01df8a82a7
2199552	80035048	702f7e75d8d06d8e
2203648	8004745c	a169dd6ab335e5b4
2207744	80038e90	a1e69da4be75add9
2211840	80033c6c	2b8d5a80b8bae57f
2215936	80034558	d871a9181ec239cd
2220032	80035508	339a7c59c4c1ba13
2224128	80035124	224ae818f142b5fd
2228224	80047470	f7cbf90664c3fbc5
2232320	80033da0	6979d1526fee3bd1
2236416	80034b1c	bdcde4b86874e774
2240512	80035120	c2c3f26993fb3aff
2244608	8003516c	74ffaea1fe4bd58c
2248704	80033b40	7d43a597c88c9694
2252800	800348bc	ae73c99b9dbd2738
2256896	80035168	561019748b4a9a83
2260992	8003555c	14c5c9bbc8016249
2265088	80033988	8e5c5b325d4e2146
2269184	80034604	24b5ad549adbeae3
2273280	80047440	5782f1d1f078fca1
2277376	80035130	47fd95c4e7bb8e74
2281472	80035128	8256291b2e09412e
2285568	8003413c	2ad3d8fad61c150f
2289664	80034a3c	bae7d4ca676065ad
2293760	80035578	4afa4599a7ff9336
2297856	80047440	9ea2bd0b3b0561cf
2301952	80033984	b285f2a5089e9da9
2306048	80034600	ddc62a4d60720359
2310144	80035528	c20e98cab54e4b0e
2314240	80035118	bdbbe6b569443303
2318336	800350e0	3b526e4d36590384
2322432	800342b8	5e98fe9d353b4257
2326528	80035034	e5f47b1efc1e4b5d
2330624	80049600	b6af086906f2cb5e
2334720	80035508	07d1a8742bfe652e
2338816	80033dc4	dbe99e7b9e4a393b
2342912	80034904	8d6f579592eedc5c
2347008	80038e6c	b9261ebd4f9518ba
2351104	8003511c	e044c689b0085e35
2355200	800339a4	e77d367d244f72e4
2359296	80034520	0ab3658a9bdc671a
2363392	80034f4c	b95f0a59f6c8533f
2367488	80035120	c01051ffb700b03f
2371584	80035120	60bf31865d24c46d
2375680	800342c0	5b9b7dac9c13fe4d
2379776	80034f00	4c37d1225b582ef8
2383872	80035138	c70638d54602329a
2387968	80049628	92e2f8fde1717c68
2392064	80033a64	c9f684be23fe6fdc
2396160	80034648	ff1c80ab7fb8faff
2400256	8004749c	0773f44a1d5b2d85
2404352	80035114	898e7ddcc4813369
2408448	80035134	b83698193a33dddf
2412544	80033c10	25fa45e7394ed986
2416640	80034750	2191e285f8b7a625
2420736	8003503c	080d22ed644b5fa1
2424832	800474b0	5a1a28080a43d105
2428928	80035128	aad100ec7e076677
2433024	80033cec	5110e83511987c96
2437120	80034840	1bc3300fc54a99ce
2441216	8003512c	791f4f1a262555a0
2445312	800350dc	fa42c62cbd8b5ea2
2449408	800474ac	e0e38ecf3d7182a9
2453504	80033ddc	434ad77fe94e0942
2457600	800346dc	139480f460ea1539
2461696	8003511c	48b95542e29da19f
2465792	80035124	5b002b08eede9aec
2469888	80033a6c	3f2a8611af7b4724
2473984	80034744	117d02d529aeac74
2478080	80035110	c852f9049c23bf08
2482176	80049604	e0107b0111237783
2486272	80033a84	0e2a607ed9596777
2490368	80034800	1e2f4bfea99d46ad
2494464	80035138	acfb651ba92e86a8
2498560	80035138	49ffdcc961ef4148
2502656	80033998	283809f818acd76c
2506752	80034434	c272e08d1c41bf4a
2510848	80034de0	626d5ac5c3bfc594
2514944	80035110	3f3955b44520af9b
2519040	80035130	2f243c416f3f3caa
2523136	80033d98	6706bd71ca0539b5
2527232	800348c4	60a0fc9093830ae8
2531328	80038e34	a0030fbb9be5b217
2535424	80014040	8b588973e405e14d
2539520	80035124	f46a1fa6d9bcd755
2543616	80033e74	b8d9b6276e98b045
2547712	800349b4	488657c50a627196
2551808	80035110	3b6907ee44a9d918
2555904	80035118	a5e4a27493e0ca1b
2560000	800339a8	3a05b82b8663bc1a
2564096	8003416c	c1dc24ba72d22945
2568192	80034ce0	b329698bff7f5b6f
2572288	800474d8	dc3ea9310a585dec
2576384	80035120	428a69956ddded1a
2580480	80033f28	a89795e9d859d776
2584576	80034ca4	766f0f8d5ef92114
2588672	80035128	2026de141b0a0629
2592768	8003510c	28a3c5df4881c4b3
2596864	80034298	95108bcbaa702fbd
2600960	80034ea4	f0df50231d8783c0
2605056	80035138	3422e15d598faa52
2609152	8003516c	5d723491890530c6
2613248	80033b30	01cb95474fd366c2
2617344	80034744	6d0aae006e96ebb0
2621440	80035520	6778ebbc02e93f99
2625536	80035570	9df1c2adabb68730
2629632	80038e24	32f3f1fe887585ce
2633728	80033a80	8579a16c5777bbe2
2637824	800347a0	08335a72b852ba3f
2641920	800495e8	a31c4e7aaa9e58cc
2646016	8003511c	3b31e9515912f957
2650112	80033cf0	c5f845b65ea29e25
2654208	800346c4	e70813ff333bc00a
2658304	80035164	90afc6a87b34be48
2662400	80038e3c	44a9d63a6bdfcea1
2666496	800339c4	d12128de2525c466
2670592	80034574	c853a0846532b75f
2674688	80034eb8	a857802b922d019a
2678784	80035160	1fca3c1d8be13836
2682880	80035528	ab953acd8afc5138
2686976	80033bac	ab55f23498015166
2691072	8003475c	d5cb500743f53a64
2695168	800350e0	5e0fa4a3281f5a70
2699264	8004cab0	cbe610e97f79c148
2703360	80049574	e5f0d2ba4d9ad3a2
2707456	800474d4	5ab8745c675bb0d7
2711552	80047370	c9eba08192e100cc
2715648	8004738c	58e174c036a9bfb9
2719744	80039568	fbd4b1a145f9b4d6
2723840	800395e0	816a0dc3b98147f5
2727936	8004733c	d3415e74e4369372
2732032	80039564	56fd1a1ac9e68440
2736128	80047364	5591a277759f4363
2740224	800395dc	f8a622f1ee4cef07
2744320	80039558	8523dbcc85c73dc6
2748416	80039564	bcad7d47af492c40
2752512	80039578	71f19d9cc0e31fb2
2756608	8004734c	a713404f15e166f5
2760704	80039554	0f1bff1a812fa90e
2764800	8002ce74	1938b5216f8af22f
2768896	80039570	8a1fa3337f72a124
2772992	80039560	fc9667b493ab3a4e
2777088	800395b4	02932b0b3af89560
2781184	8003954c	d87550661eb306ca
2785280	8003959c	10999f7625fa66ee
2789376	80047348	cc241870586107a9
2793472	80039580	e999b98712e107a4
2797568	8002ce90	0298a9fc0b8059d9
2801664	80014010	e30f7cfa89fb404d
2805760	8003956c	4e25e7bb21d702f4
2809856	80039578	d5de3a3b789c8d16
2813952	8004735c	3192a4692f343384
2818048	8003955c	a2e4e0058e713d94
2822144	80049558	d4534e67b3ccee4d
2826240	80049590	dc27350d4ddd081c
2830336	80049520	1bc20214490e7ca3
2834432	8003d17c	51e6b7e05caaefbc
2838528	8003d058	b355d4db6fa3ba94
2842624	8003d140	2f3a057ebf4d0df9
2846720	800494e0	753b25017b14cf49
2850816	8003d088	eb83c7a1dc301413
2854912	8002d140	f25014ed11592a87
2859008	800494c8	ed17dbef4e78bf83
2863104	8002d1b4	00be7af59e7abd9b
2867200	8003d060	bb91d70ce590c314
2871296	8002d160	4cc0a781558d0a39
2875392	8002d234	89094cd141ce0a07
2879488	8003d0a4	3b541d1b3bc734ef
2883584	8003d048	c2250142befdf87b
2887680	8003d034	deb558bc7474a507
2891776	8002d158	4849a3fe8a5f9b32
2895872	8003d068	f977a5bbd2acd19a
2899968	8003d13c	ce887939c0ef4c74
2904064	80049554	0aacd87ed5985f1c
2908160	800495a0	864527342d56e2a1
2912256	8004957c	afc269e1a47e2ba4
2916352	8002cbf0	b73d0aded6952c8a
2920448	800495a0	51f48e4412e72dc1
2924544	80049580	0ac4b96c092ae0b1
2928640	80049574	79f9ce940ffe3d38
2932736	8002cc04	e79ac446d0a10cf0
2936832	8002cc78	9c270de7b1671d81
2940928	80049570	95e8c9f4483c2164
2945024	800495a8	dd7ac0a17615afc9
2949120	80049584	6cdde0702ff3c6ed
2953216	80049564	e3591c5d5fb190c7
2957312	80045fc0	1ad8a6052b6598b0
2961408	80049590	a2218aa3397974b5
2965504	8002cc6c	a7767709a6f34c91
2969600	80049584	0e079b39080d5318
2973696	80049564	336162d88d36861c
2977792	80046044	e9c46980f285d3ba
2981888	80049578	76255774246ab85e
2985984	80049558	cacc558b73a09215
2990080	800495a4	3891fd7200aab5eb
2994176	8002cbc4	592b020a3ac1e860
2998272	80045fb0	ca22b06b305c80a3
3002368	80049580	cc8368b8c42f2955
3006464	80049560	d305eb9a9f08fa8f
3010560	80049594	f25323258e8b6f5f
3014656	80049574	58496007be851b33
3018752	8002cbf8	3e40bdec6ab4b49e
3022848	80049588	983d5f41fa109b4a
3026944	80049570	d8675e9782491899
3031040	80049598	80ef6bc1d4c8d454
3035136	80049578	be2b8abe0757a0f1
3039232	80049504	7da9e57b9ea14720
3043328	800495a4	e2a118616fa889ce
3047424	80049584	601e511e51d76345
3051520	8002cbe0	2b38c28ee4ee28cd
3055616	8004601c	378d84f16cc9fed3
3059712	80046d0c	4db36e750e672ea0
3063808	80046000	18e1ac446df44855
3067904	80049568	cce23b515025f245
3072000	800495a0	c5cae84752f5a08c
3076096	8004957c	eeeab7a1f7762348
3080192	8004955c	2149883777641905
3084288	80049594	b458cb345a618954
3088384	8002cc64	e1a4705b50359c23
3092480	80049584	9e6f6d228ff4ae6b
3096576	800452a0	41a0f39df3275361
3100672	800495a8	3c1c31aded75dd5e
3104768	80045280	551a1e903140027b
3108864	80049558	4be0c08e488239e6
3112960	800397bc	4f1af2371b5a74fc
3117056	80049574	44161eb7a1a6045d
3121152	80049564	69f95418da33b255
3125248	8002cbc0	e8478f59d2dc9cf9
3129344	80049590	e0ec56eca07ea27a
3133440	80049584	3c996f6b77cf3e76
3137536	80049570	5f3f7de30721b54d
3141632	80049554	145c3523278de19e
3145728	8000034c	a9e88c7b3ea76cea	34fa436824214fe7	7bed8159bb569479
3149824	8002cbc4	1e5f55eee90df886
3153920	8002cc88	5fdeeb6a9959a6be
3158016	80045244	3e38473f3204ef9d
3162112	80049560	d39ea12e81275170
3166208	80049554	6a13efcac73519c0
3170304	8004955c	a069b0840d930e66
3174400	8002cc04	a77a7e42b31ca331
3178496	8002cc68	29c2d71a0c14c44f
3182592	80049578	35e04fdd7636fb65
3186688	8004955c	78622a47dc32744f
3190784	8002cbe8	753f85fec0c7d186
3194880	80048fd8	7492c48f50d2a8df
3198976	8004957c	e93331f117e44491
3203072	8004955c	e69bc104d0d63186
3207168	80049590	aaac735d928d79c1
3211264	80049570	0da638a76b7c63c6
3215360	800495a8	ec042de342fdeb34
3219456	8004959c	0c7b4fb624aab665
3223552	80046c24	41b161264dbfd838
3227648	8002cc00	20c2ce0fbe43249d
3231744	80049500	7f4dd864f14129b5
3235840	8002cbd4	093ba06712427af0
3239936	8002cbc4	5ac0e8b18c6917c0
3244032	80049580	2ecf86fc1449ddc3
3248128	8004955c	31c55b44366b7b30
3252224	80049560	6249a98eb7e35a4f
3256320	80049598	04b921873192ad79
3260416	80046abc	8da3198c8bd32784
3264512	8004959c	4d30752806e18e28
3268608	80049570	afec3649f2c2f00a
3272704	800495a4	54c498067fc9a349
3276800	80049574	20890546f7c4c936
3280896	800495a8	123cf8af8088a4e4
3284992	800490b4	32c94f92b50783e0
3289088	80049554	6cd5cb868b51685f
3293184	8002cbf4	83d6a0b775fe6379
3297280	80049594	f8e457ac4ccbdc6f
3301376	8002cbf0	5194b24519c90930
3305472	800495a0	3b0da0308e607825
3309568	8002cbec	ebb3d1a450b11def
3313664	8002cbdc	f54abee62151ed1b
3317760	8002cbec	4dc9afbca79c763b
3321856	8003d674	3267b4bc3667231d
3325952	8002cc84	6db97fd3646e3ba0
3330048	80049014	4911f17bf8d18e6d
3334144	8002cb7c	1ab04c3732006fc8
3338240	80049598	72ea1a903a14bc11
3342336	8000036c	fdb7e9b23b1d1ae4
3346432	8004956c	5eae79f0b9a88f04
3350528	800495a4	7b8dfde162d0ebb2
3354624	8002cbc4	f658093757b0d689
3358720	800464d8	1db08cf04e3492cf
3362816	800495a8	cb553d2fa547f54b
3366912	80049588	b3ccd32a7865bead
3371008	8002cc08	bc3db094d2af06d3
3375104	80049564	4b4f979b22819d76
3379200	80049570	7deb4b0e3fdcde40
3383296	800495a8	e0aab0396e2e3402
3387392	8004959c	2a827fa673f29d43
3391488	8002cbc4	95efdf6d33364d37
3395584	8002cbf4	84977c454ed6866d
3399680	800495a0	d99719e750e6948d
3403776	80049554	34f470ce236462fd
3407872	8004957c	bfea965450fe7171
3411968	80049558	e57d508dfff9e3a8
3416064	8002cbdc	4f0cdb430a6ad2bf
3420160	80000338	25104bdce4b2e2f8
3424256	80049574	16765b2c61351c5b
3428352	800495a8	badf6850060968bd
3432448	800494bc	4fdf12e31fae0715
3436544	8004956c	d39a2de223692546
3440640	80049598	d40c05993a9c4ebc
3444736	80049578	6f71d422395ae210
3448832	8002cbdc	0f54b3bbc4c11d5b
3452928	80049590	de7c266399f28a54
3457024	8004956c	c9490fbcf04cd1dd
3461120	8004956c	b8c767041eebbfd5
3465216	800495a4	6a7b0755820cd75e
3469312	8002cc84	42225d6be0adda01
3473408	8002cc64	a063b8524bea55cf
3477504	8004958c	4aa922f27a739685
3481600	80049578	1c0d6f0be2b20446
3485696	80049560	42b2f1583109eb69
3489792	80000400	0179a7660d071604
3493888	8002cbf4	7905f49f17571704
3497984	8002cc7c	dd2bc8edf78e377b
3502080	80049584	c39efe558d1431af
3506176	8002cbc0	41dc1d595d17ff25
3510272	80049580	391700f499232af9
3514368	8002cc04	f9270aaf84013108
3518464	8002cbc4	04f1b4bdd5240341
3522560	8002cc14	f3b67a6e48ebed6f
3526656	80049590	086a7b646cc1ff6a
3530752	8002cbc4	0e262b15e930c007
3534848	800495a0	0210e7c14ab75096
3538944	8002cc08	890246045a8dea91
3543040	8004959c	358afbeee65a671b
3547136	8002cc64	f0d20a228d394350
3551232	8002cc00	b03395a69e4e8552
3555328	8002cc7c	651563ba295d6d03
3559424	80049584	d59afb59979b7774
3563520	80049560	cac1545172998456
3567616	8004955c	49d04f2f646f5ebc
3571712	8002cbc8	e34292aa25064c6b
3575808	8002cbe8	8e23b51bde46afc4
3579904	8002cc88	f8debd2272dfac38
3584000	80049574	1d08cd8641f1fca7
3588096	80049504	406513381f0c2ed8
3592192	80046d1c	b657ad5d102c7e1b
3596288	80049554	dfb2cd22dccf5283
3600384	80049588	7552b897b8fc2be0
3604480	8002cc0c	1cfa0f1dc857c077
3608576	8002cbd8	b58488e87e3eab46
3612672	8002cc74	e64288b379e27e1e
3616768	80049584	6b1a60d19dfb34c3
3620864	800494f8	6bb2a663f0bdac8a
3624960	80049594	5bbc62fccd404c6d
3629056	8002cbc8	2e00190ad7be1cf4
3633152	80049584	e238845544903e2f
3637248	80049574	093e40c6c66902af
3641344	8002cbcc	4b2bf48c5934c59f
3645440	80046c4c	e19efd7073d837d4
3649536	80049574	ba5cf7472a7f1e56
3653632	80049590	bdb8f76f0c17f90a
3657728	8002cbd8	5b581a17dce67a73
3661824	80049568	8575481c8dd68a51
3665920	80045fc4	acac34a1c16e2b2a
3670016	8002cbdc	7e373fc708204557
3674112	800003d4	a34c9735ef9da33e
3678208	800495a4	4f9a785e62a14a61
3682304	8002cbc4	37888de208b3b5fb
3686400	80049594	860a584733ad60d0
3690496	8002cbfc	4041f3f4704ef05f
3694592	8002cbfc	3b2db3cd09b270d7
3698688	8002cbfc	7624a47410fbbb3d
3702784	8002cbfc	4ba75f342c09e66b
3706880	8002cc68	9e8390b74395ea75
3710976	8004517c	a5bac94b09d24ae9
3715072	80049564	41c3d4577e3f769d
3719168	8004959c	06721bbb3b37f680
3723264	80000370	4503f5eb05c09eaa
3727360	80039928	fdda52050931d1eb
3731456	8002cc08	2ad7a620e42170ed
3735552	8002cbc0	648d468209c0f597
3739648	80049590	1f724d49d1d2b8b8
3743744	80049564	71159071db9a3b3d
3747840	8002cc08	ca3ec7f043a6726a
3751936	800398e4	e59b3210ce4dd186
3756032	8002cbe8	5aafc055054855b2
3760128	8002cbe8	a55c7f57a6436bc5
3764224	8002cbc0	008245076a8604f2
3768320	8003d61c	e42616fd2851b7e4
3772416	8002cc08	e9623e3977581ed2
3776512	8003d08c	08d91610a8821700
3780608	800495a0	e0fceebcd5d4ba51
3784704	80049568	750c890d38ae2395
3788800	8002cc08	69f35d21785cddd1
3792896	8002cc08	3aadd77f76dd5a07
3796992	80049594	c01ecf8e90d814b9
3801088	80049574	f14533ecd5cdb549
3805184	8002cc9c	56496d5378b2bd9d
3809280	80049594	3a60827edfba9da8
3813376	80049554	003387c2af5f863c
3817472	8004956c	9e7d813860f2d9e8
3821568	80049580	2bd3a5e4be17fb57
3825664	8002cbf8	93aaea133a6ef614
3829760	8004955c	2b9c2b927b68196c
3833856	8002cbf8	5b22bd19c11c94dc
3837952	8002cc70	2d9215e2b5e6bb24
3842048	80049580	be5b0a69e0d1dbc1
3846144	800003dc	10b9520fb1db69f5
3850240	80049554	0ce73b52fceb37ff
3854336	8002cc04	8faecdd907685e9e
3858432	8004955c	a8f8b5403f8cc825
3862528	800495a8	ddfd0f5b979a8092
3866624	80049588	16b429ed5bfd15e2
3870720	80049568	4ee278461a10c0a8
3874816	8004959c	361d89ddcd3be204
3878912	8004957c	244465c6d96fd867
3883008	8002cbc8	39de4a657c37a2d6
3887104	8002cc64	65eca348dc8cf079
3891200	80049574	9470f8323e52971d
3895296	80049554	6f6356e1a778bd4f
3899392	8004958c	d0df15eb0a4b1dd5
3903488	80045fc4	effb4e0558ddcb02
3907584	80049598	fac36c33dcd589e4
3911680	80039928	f85234d6a7a43fbe
3915776	80049594	517849466fa808d4
3919872	8004957c	1988b9115fa46d5f
3923968	800003d8	968c614f82c7e2b0
3928064	800495a8	ba3b3f0061cd2c84
3932160	8002cbd0	5384f2ee08bd2734
3936256	80049584	951a89f0b99a9967
3940352	80049564	02ee0d47aa55e77d
3944448	8002cbe8	3b8cdcd8c0e71bff
3948544	8002cc74	18469ed43d090ad1
3952640	80049508	fec2bd58552b157e
3956736	800495a8	ad60acab33629d4b
3960832	80049588	ecf5b3a12cfe9ce3
3964928	80049564	13316570faf01696
3969024	8004959c	16bc67dd2b877add
3973120	80000370	07bf1fecfd5b255e
3977216	8002cbe0	feb741e1e47ba701
3981312	80049598	be3f6d5e75942fc9
3985408	80049558	79426bfa444420ed
3989504	8002cba0	b657df8afa802bc3
3993600	80049578	0a0a79b884fe3476
3997696	80049554	5f9ffb0ee0a3559a
4001792	8002cbc0	4639bb4e504bcafe
4005888	8002cacc	01d4672e0acfbaf5
4009984	80049560	400342eabfd0f4f3
4014080	80049508	e0f26c743e8f61e1
4018176	8004958c	0e36a0cb1a3e7905
4022272	8004956c	406f755157250ed1
4026368	800495a0	cb6c126202f5da58
4030464	80049580	8af35fed8eb75f4e
4034560	800003dc	1da4fd3808c46ba2
4038656	80049554	69fd71a5e3d3a0a9
4042752	8004958c	c6545b398e36a983
4046848	80049500	7130a508bb8a1306
4050944	800495a0	5c387e640e130cdb
4055040	80049580	2fb0d23d84e18c7c
4059136	80049570	7a5434c2368faf5d
4063232	8002cbe4	1e2fbcda841534e4
4067328	8004958c	eabef6b3645ada42
4071424	800494c0	5bd4409e46f82e4d
4075520	80049570	e1d59e6806518654
4079616	800495a4	9c589cf956d9ea9a
4083712	8002cc98	14a0fe5ff40f4e77
4087808	800495a4	3e570fdef6108bbe
4091904	80049584	b43370963c2ce1b9
4096000	80049560	1a2aa2b7ae68bb60
4100096	80049400	fd8d90ee1c8c7559
4104192	80049568	58c8b3ea62da4593
4108288	800495a0	07b2228d3627714f
4112384	80049594	beee6b6f437117be
4116480	800003d4	e3fbcdef60c61941
4120576	800495a4	a2551c2fdcc84b4c
4124672	80049584	b61c94fa94aafc33
4128768	8002cbe0	a05f52f26622930a
4132864	80049594	e1da04ac5ddee8b0
4136960	80049598	8620aad0a0cd3a64
4141056	80038fb4	bf524c8f1b7b2b0a
4145152	80049570	e0c9de12b550b33c
4149248	80049584	7de1dfddbff7194a
4153344	8004959c	5a30f15cb2500261
4157440	8004957c	f219682b318fe645
4161536	80049558	29d44e3976f35bc3
4165632	800495a0	7cfaf740f9864fb8
4169728	800490bc	532b7899a8101134
4173824	80049574	9f4747c3bf899aed
4177920	8002cc7c	d80b6912d217c3b4
4182016	80045fb8	5e166918a1acc0de
4186112	80049584	00e4ca626fc9b47e
4190208	80049580	c478df997d4c3fce
4194304	8002cbc8	fc6aa1a3a9b7b96a	60108481c34d263c	7bed8159bb569479
4198400	80049594	743c3d847278961d
4202496	800464d8	fac15705b9ff7350
4206592	8004956c	f653e1a51c32a93d
4210688	8002cc08	372eaad6a66a19ff
4214784	800003c0	75fec093aee2251e
4218880	8002cbec	4fc39c8b4370192b
4222976	80049588	02ce034677449bb6
4227072	80049514	fed356ac1152c4da
4231168	80049598	de05d4bd3a4d8069
4235264	800495a0	270162aae4bc4605
4239360	80049598	e67c86bdc34da4fe
4243456	8002cc64	4d003d9770589c81
4247552	80049588	a5996aaef3d0d4bf
4251648	80049518	b953c3a0e484c1cd
4255744	8004959c	cf1cfd08c3017754
4259840	8004958c	97de26a2216a2fdd
4263936	80049580	9e8cf2e1272ba435
4268032	80049560	f5ca8a70f4562a21
4272128	80049594	a83c9f256cc9269d
4276224	80049588	d622bb17c84b7dd1
4280320	8002cc04	e77acfe29ed9d79b
4284416	80038fa4	17d88421571c113e
4288512	80049584	830314fea6a0a8fc
4292608	80049564	8d7184df747c44c1
4296704	8000040c	d75ffd3961fa5835
4300800	80049570	996e25eaf9f2a3fc
4304896	800494e0	40af895b621e9c54
4308992	8004959c	4de1d4d28d0d12c5
4313088	80049584	8f27b13188747a4c
4317184	8002cbe4	3b48e71eb910f4ad
4321280	80049558	a8cf146cc4eb6363
4325376	80039860	25acfa37d6d3a5f1
4329472	8002cbf4	d6f306f93cdf9dba
4333568	8002cbe4	6cbe3a79cbfda2b5
4337664	8002cbe4	7010d34da20efee8
4341760	8002cbe4	3e63c7f41981056e
4345856	8002cbe4	69d151ddc7bc9268
4349952	8002cc68	d976b4dcbe3d9e89
4354048	800495a8	7d9d88701265605e
4358144	8004956c	2dbc2b27a5e9f262
4362240	8002cbfc	05719d387f2630cf
4366336	80049598	3d87a2e25ca94704
4370432	80049574	6a72081b15850880
4374528	8002cc8c	6e11d09e49fc2a11
4378624	80049558	5e8ab2ffd82d44b5
4382720	800494fc	99ef056235bbce0e
4386816	800494fc	bc7415cc7400eb1e
4390912	8004957c	5e383bb502d01cd5
4395008	8002cbc8	2a9a3bb50c5e2004
4399104	8002cc84	d010b34c641a35f6
4403200	8002cc00	d6c056c05c6a2422
4407296	8002cc74	cdc6db9d97607c7e
4411392	80049588	f03837c5dd245605
4415488	8002cbb8	e85e08e5507d30c7
4419584	8002cc00	5f9d7b1166be62ed
4423680	8002cbf4	313ffba32e27f6ce
4427776	8002cbe8	0dd1199c672df765
4431872	8002cc88	c2e6f0d6bebe88c5
4435968	8004696c	bd5210651e57bec1
4440064	8002cbf8	0e6f933238602791
4444160	8002cbe0	09f4afb7a9d6acd6
4448256	800495a0	8fbb7feed5112d81
4452352	8002cbd8	dc287065ed50b3a8
4456448	8002cc0c	40addc19a7a4e27e
4460544	80049528	359f6f0707750927
4464640	8002cbd0	beefacc2b353d684
4468736	8002cc60	db7704c28d2dbe70
4472832	80049568	f2d33cff7c96b07c
4476928	800495a0	32d7981ebd26388a
4481024	8002cc04	8556ee235cd7074d
4485120	8002cbf8	7dbc19073fad8934
4489216	8002cbdc	bcdc039cfafaefd1
4493312	8002cbe0	c618878e46190389
4497408	8002cbf4	93f074a65a4dd6bd
4501504	8002cc64	6a5a96a942e9709c
4505600	8002cc74	9a9805d880371e66
4509696	8002cbc0	25841be7ef9c7b61
4513792	8002cbd8	cab9fc1c9deb7242
4517888	8002cbe0	06e25ccd5f099722
4521984	8002cbf0	41246f9c32c91292
4526080	8002cbd8	0d666f206d0a2c1e
4530176	8002cbd0	f65da59cd5977869
4534272	8002cc68	a8d6aee0ede4f525
4538368	8002cc00	059bf1f368eab92b
4542464	8002cbe4	3fb295ac8b15daa1
4546560	800495a4	4b27d468c4cc3e54
4550656	8002cbe4	8580f348ba3f01f2
4554752	80039864	add3dbb091629cb7
4558848	8002cbfc	2e66a1a1a0bc9946
4562944	8002cbc0	3ce200bbe83bf750
4567040	8002cc60	0667ab1f7f792bac
4571136	8002cc68	a16f9bcc19f8429f
4575232	8002cbf4	0e9b32217716b810
4579328	80039838	b945b77f174a6c86
4583424	8002cc68	e2178693c289467a
4587520	8002cc98	f36a679d2cfb638e
4591616	8002cbec	7082f132b5a9f5e4
4595712	80049570	11a7f8debba892e3
4599808	8002cbf8	2e7d61bd9b8fac71
4603904	8002cc0c	018ac859b8187b65
4608000	8003d668	1b51ded1ae53ec7d
4612096	8002cc70	dd593e4a75b2e46d
4616192	8002cbd4	41de78a8dda8f63c
4620288	8002cc7c	519f775363631a45
4624384	80049590	08d1b4978529ed33
4628480	8004956c	514d32d3dd50f834
4632576	800495a4	f1b0df770f3dda19
4636672	80049584	a789c4964289c935
4640768	80049560	856eefe08d922fc4
4644864	80049598	cd90c983008e6e9b
4648960	80046004	b4d316942e0b062a
4653056	8004956c	e3cc067427ef7e3b
4657152	800495a4	c944ffdec2d2f086
4661248	80049580	1e6760fa017f2125
4665344	8002cc0c	ad54f70d9ebb7d53
4669440	8002cbc8	ff5b73a92025b188
4673536	8004958c	0dd2bfcb1827072b
4677632	80049504	5ee73ca7d3a53f94
4681728	80049560	01c3f3723a17b219
4685824	80049598	b04e28878f86e9fc
4689920	80049574	00d957beeb7fb8c9
4694016	80049554	ae99e00696072f2b
4698112	80000380	5c464e94d84f77bd
4702208	80049580	4cb2e4b6949c6a98
4706304	80049560	1c65bf3b825f9444
4710400	80049594	71f05e08801f624a
4714496	80049574	86651cb3be805a47
4718592	80049554	26d74e06447bd366
4722688	800495a0	ccaa7f2079a7d689
4726784	8002cc04	8e59c7379c771972
4730880	8002cbf8	185a90e202a94d06
4734976	80000388	516c6a56a1daa29a
4739072	80049588	dcc9f52669012b87
4743168	80049568	fc067eea6e8cde42
4747264	8004959c	5cfbd108f443b3cd
4751360	8004957c	6e1126d6cae027ae
4755456	8004955c	a8f3b4d23ebe4ee1
4759552	8002cbc0	ce83227f795e2f1d
4763648	8002cbe8	9432e40e0543c926
4767744	8003d0fc	1b8bf65c65f7f0eb
4771840	8003917c	b29d0c34080b4dcd
4775936	8003917c	6c5055f5d7ebf18d
4780032	80039160	a162dc24bb6609f3
4784128	8002d560	90f5421a3e7c9992
4788224	800495a8	8b7f54d720a7508c
4792320	800494cc	bbbf5f24b95c53b1
4796416	80049564	f4ddea0d93878e1c
4800512	80049580	aabfa9520592f4d4
4804608	80049560	88e52247978a02d4
4808704	80049594	46693ba012938f2b
4812800	800494fc	850133a73890bc49
4816896	8004957c	992fb2bcce3ba62b
4820992	80049510	b79e719d83c38c9f
4825088	80049594	bfaf12c1f71e07a0
4829184	80049570	4532410831d2892c
4833280	80049578	f06cfdae743924c0
4837376	8004956c	6fe8cabffbdde6bb
4841472	8004958c	5fc82d5784bc228e
4845568	8004956c	02a9ad4b2a7f9b71
4849664	800494e8	2db19d573a24e442
4853760	80049584	585c7b975c2d592d
4857856	80049560	be98c29508743d3b
4861952	80049598	07663e65f0b14096
4866048	80049558	8c867ec6e519d6e6
4870144	80049560	fe95020d55433839
4874240	8004957c	27cc7bf841de064e
4878336	800490e0	5bfd198510aa7617
4882432	800464c4	e0c3feb0a7dd8c8c
4886528	800464e0	df698e73618f04cf
4890624	80049558	b0a420fed7289c74
4894720	800490e0	27fac31217a201cb
4898816	80049564	0a211c1fefa06f5b
4902912	80049580	af0af5c451f5ac83
4907008	80049574	55f6d9576694f2e2
4911104	80045298	b97d1799ebf85a03
4915200	80049570	871232823d6497b8
4919296	80049570	2e92204466f50b86
4923392	80049588	a9865f582708b7bc
4927488	80049564	3d69c023c7b3d70a
4931584	8004956c	fc9429579eab60d1
4935680	80049514	f49f777e12b783d8
4939776	80049504	d691fd29649a2b65
4943872	80045fc8	b4a1e31f48e1c3dd
4947968	800494f8	f33c13221a49110a
4952064	80046a98	78824512e5ddb420
4956160	80049574	9a0075ce677314a1
4960256	800397b4	da5e299871e93271
4964352	80046de4	d7826017e6f3f224
4968448	800495a8	3262eb382fec5e45
4972544	8004958c	a41ccff693ca830c
4976640	8004957c	b4af1200b3dabe88
4980736	800397b8	d2341197f9a931c2
4984832	80046c44	c5408517c9f0d415
4988928	80038f98	6dcb95227ca3d73f
4993024	800494dc	b692fe145790124e
4997120	8004957c	a5db79f6ec03119f
5001216	80046930	cbbd8bbcd5de6f54
5005312	8003d0b4	cbb883eb84cb1ffc
5009408	80049584	74c9b76dfb00ea94
5013504	8004959c	69bec1b744518de0
5017600	8004959c	00bde489017199ff
5021696	80049590	17195705d083e335
5025792	80049598	0b294ad17aafdeaf
5029888	800464dc	601cab5a48b3bc5b
5033984	800490b8	ff2774e4fad00edc
5038080	80049570	44783b892ca863f7
5042176	80049590	4df11db06250a109
5046272	80049570	6f6ba2f0029c971b
5050368	800495a8	568656e775c8720c
5054464	80049554	1a29407c56b89615
5058560	8004956c	0a821ef3614ccbfa
5062656	800495a0	1228a6ef2819c636
5066752	80049560	b92878ef9afa0655
5070848	80049594	e8f4bf08a3270093
5074944	8004959c	a7dc5fe6b7ba8a53
5079040	800495a4	7ae1e7b3e5533806
5083136	800495ac	755ac8862a57f70b
5087232	800495a0	cec2a1436d337dd7
5091328	80049580	35e42418c608ff39
5095424	8004955c	c302f748f7f0574c
5099520	80049578	a4862ab1be203cce
5103616	80049558	2ac77174a0bf4dd3
5107712	800494d4	8edda45f801b8d31
5111808	800490cc	9674f6687eaf7479
5115904	80049584	9ba383feb0cc70fd
5120000	80049564	2b7fa0e15916c449
5124096	80049598	32924e3222537dfc
5128192	800495ac	57f1e1dbb3570fc5
5132288	80049580	0f1e97fbf86eaba9
5136384	80049560	7ae7676e0a93de38
5140480	80049560	8ad7a1098656fc60
5144576	80049578	7b299dfc29ad26ee
5148672	80038f74	2f6996022cd3d4bb
5152768	80049578	f1c9fdf7be2dfbe1
5156864	80049590	aa7bb51ae77259aa
5160960	80049558	61a9441c4b207fa7
5165056	8004956c	1eeecc039659ac52
5169152	80049598	d83441f5764da5d8
5173248	80049554	e644338329ada813
5177344	80049594	cf96b29fc025d3ce
5181440	80049570	b67a09a81d50ca5f
5185536	8002d698	1e7444edad747d4e
5189632	8004955c	7e16463a5d791b85
5193728	80049578	24117bbf261a7ed5
5197824	8004957c	d6a21d60dab507c9
5201920	80049590	f39cd994b9ab8460
5206016	800494ec	949e055d07ad39f4
5210112	8004955c	9b4a11694898f95f
5214208	80049594	90c3e0388dd3b138
5218304	80049594	9a0ee37694145e1f
5222400	800495ac	fcd96967893d1fe0
5226496	800494f4	b425b2ae013eaca5
5230592	8004955c	ec09d048dff73d87
5234688	80049574	ea5cfae012d0ce52
5238784	80049574	0accc8c960ad79d8
5242880	80049590	454eb69d05d241a8	6f38e0751f5c22b8	7bed8159bb569479
5246976	80049594	1132bc04940ac768
5251072	8004526c	6643b40e69d0af56
5255168	80049594	8efec96fbc4a4d76
5259264	80040fac	9e935988aa4cada5
5263360	80049588	284b1e6c70c1786b
5267456	80049570	2bce1b9e50408344
5271552	8004958c	61e6a904a1e12ed0
5275648	8004958c	b591066891bb2619
5279744	800495a4	0a29cb81e93395ba
5283840	800495a4	0977f5b30254b605
5287936	8003d07c	cae51d16091e8bc2
5292032	800490ac	43007ffa474e5f7e
5296128	800003f8	08a9fb934cf8ce04
5300224	800452c4	e4311abcc309e3c3
5304320	80049588	6a5970c9aedf8af2
5308416	800495a0	1d921e4d41f27331
5312512	800495a4	efc7653c3a86c1d2
5316608	80049584	6105dc26c4dabfd9
5320704	80049584	0ea86dbf746a310b
5324800	800495a8	e53d14cf2534ec5a
5328896	8004956c	950a780c45a5e52c
5332992	80049570	675c7b49939a1c08
5337088	80045240	c95cf61721ddbb1a
5341184	800495a8	2dfc5fe8cbbb9477
5345280	80049554	658b9b8e051c1ea8
5349376	80049594	a3edf74dd796113a
5353472	80049578	35e861e3b71a235a
5357568	80049588	5f1babfc71c70e3b
5361664	80049574	265859c7315fcdc3
5365760	8004958c	05981fb60323fcf2
5369856	80049568	5eb900c4158540b9
5373952	800495a0	41124854c4e795a2
5378048	80049508	2485e3303d05beb9
5382144	800494f4	da6fa37f8087027c
5386240	80049594	b814a1d8f2e6d244
5390336	8004959c	d633f549cbafbdd5
5394432	800490a8	0862aaa7c84bfa02
5398528	800003f4	2a5f10cc1697814c
5402624	80049580	652f9503aafe3ac3
5406720	80049558	bf1d99627d8d7fa4
5410816	8004958c	0d04c114ff0da047
5414912	80049570	51888586f4cd8bf3
5419008	800495a8	ad5f9d7c8ad7279c
5423104	80049594	27e475c9a0b9ac17
5427200	80049560	e80a0ba52c32c897
5431296	80049554	235854c704461468
5435392	8002d66c	b9ac65a74d9ab40c
5439488	8004600c	8f04c0d825ba8ba6
5443584	80049504	77f1107011a5e748
5447680	80045fc0	15f625a228c45169
5451776	80049510	2fbd93ac42c62c64
5455872	80049528	f508c398dce7afb9
5459968	80049574	ab66debdc5958d10
5464064	80049558	2a0c3696c3089155
5468160	8004955c	99ea7171443eb410
5472256	80049570	9fc9c8aa2c13e03a
5476352	80046c84	07be9a379b2a85e8
5480448	80049578	2b38c76fcaf141da
5484544	800495a4	140a0b1b83ef8137
5488640	80049590	c8de9862a620ad14
5492736	80049584	266e6131935a4ae4
5496832	80049554	53dc33c11905bcaf
5500928	8004956c	305e4884fd555fe0
5505024	80049570	4fb54903a95287ba
5509120	800495a8	879b31eba5459a31
5513216	800495a8	5de91644a3e7b4d1
5517312	80049568	5f66c88e2bac9c8d
5521408	80049558	86c9ac3363e360b5
5525504	800495a0	7060e3cb4bdd87a5
5529600	80049554	2810a2fe1207dd67
5533696	800495a4	b0f51ecff8d3bd0a
5537792	80049564	ff12eff59c518ded
5541888	80049564	2a71ff1909399b93
5545984	8004956c	dab4bb298905461b
5550080	80049580	0fb13041538e8116
5554176	80049598	febb38d298ab1633
5558272	8004959c	2fa8ace7789bbfdf
5562368	8004955c	055649940815b673
5566464	8004955c	a4a6d0329b2249aa
5570560	80049574	c382e2f0808292ed
5574656	80049578	30d2fdfbf7f597fe
5578752	80049580	9e3c544a0427df37
5582848	80049594	55417d9b9e15cbd3
5586944	80049574	c2648036f73f6a49
5591040	80049578	0d8736d5a74b50ae
5595136	80049590	c71a5cfa621ddbdc
5599232	80049594	57703cd7cab57765
5603328	80049554	f2f09d5e84ff4cb4
5607424	80049574	3890e53d9816bae9
5611520	80049590	b3cc659bc3dc0743
5615616	80049594	5092ccd1f5db2f6f
5619712	80049554	10d2eb159d52753e
5623808	80049554	e1783eb06012959d
5627904	8004956c	5954a737755cc9cf
5632000	8004950c	b28d72da7d1e4db6
5636096	80046968	e6aa6e615ba31649
5640192	8004952c	54729714ccaed648
5644288	80046dd0	3ee687aacbf867bb
5648384	8004950c	eaf4ea7db71f3d7e
5652480	80049594	698b320e2948abd4
5656576	80049568	42e4c72bf602a77c
5660672	80049558	0bb38947194b26b6
5664768	80049574	3c8accf9d5c87425
5668864	80049578	4ef53646f8c23d02
5672960	80049590	32b63ff5d4ee2308
5677056	80049570	e2c8082a115df9dc
5681152	800495a8	a67a425060e6ed69
5685248	80049570	9fcfdca68b141839
5689344	80049574	6f75d84dff591e3b
5693440	8004959c	ff9b2a63228506bd
5697536	80049580	655de8811852b6a0
5701632	80049584	adfef15663a14f33
5705728	80049584	836dccba449463da
5709824	80049594	5b8cf73aba57f97c
5713920	80049470	44cc732afeb79561
5718016	80049570	570a32d7b144f469
5722112	80049508	80ec05ac8c4c047e
5726208	8004929c	ab5ddc33df5a179d
5730304	8004957c	a937826262e96942
5734400	80049560	ba63922150d6ab21
5738496	800452f8	f010f55519dab000
5742592	80046964	df2daaf06321b86c
5746688	8004956c	594f76b38739b77b
5750784	800495a8	fb455343b9a4cafd
5754880	80038fac	83534dacf673b701
5758976	80046bd0	3d4ad661ef6efe15
5763072	800495a0	cbce7afefd96804e
5767168	800469d8	5c82f21c64253988
5771264	80046e14	bde349001399e77f
5775360	8004958c	9bfa97ecb118001f
5779456	8004956c	6c97fc97908a1660
5783552	80039830	b230a60e0e837c23
5787648	800464c0	ded7ae80f46667d2
5791744	80049594	97c16d53700b7628
5795840	800495a8	4d931452e0e695b3
5799936	80049554	e92c8f43cac98207
5804032	80000374	e63f02eff54ea1a0
5808128	80049564	1c294cbd9407bab7
5812224	80049580	f34f9c952d4946e4
5816320	80045190	8e244619c35884ae
5820416	8002d674	0064982cbf15f8a2
5824512	8004959c	d979d5f9dc9c9280
5828608	800495a8	48cccb214c1e064e
5832704	8004955c	b6470fe1209964a7
5836800	80049580	df48e318d74b4c8f
5840896	80046054	62250085c808892f
5844992	800490d4	f004dadb5109be37
5849088	80049584	b9af2ebbd40ca065
5853184	800495a8	4090711f38a067b7
5857280	800003d8	86288a08a7560593
5861376	80049574	d8a04fd5e501c604
5865472	80049578	186d3a4c6c845179
5869568	800495a8	2d19880fdbf66b36
5873664	8004955c	04f86660de4c904a
5877760	80049560	5714e99166283f59
5881856	80049568	6192af1428062dad
5885952	80049574	b968eab5429156aa
5890048	80049588	ce682a894ba126d7
5894144	80049554	52a6fdbca21c02f1
5898240	8004958c	6cb256fb8b450927
5902336	800494e8	919e3e25a04b5beb
5906432	80049564	8a04a98789c005e2
5910528	800495a4	148df05b4de03de7
5914624	80049598	e22508a4f8380c90
5918720	800495a4	41ea60d823b3b8ca
5922816	80049570	0ba97f5b769a05dd
5926912	8004958c	9945ef799746512b
5931008	8004957c	d841c807332bc695
5935104	80049594	048f36397b8712d9
5939200	8004950c	9642307f424ea71f
5943296	80049554	76f138f2ac4a2e8a
5947392	80039900	0291c6550d55a7e8
5951488	80049558	2748c537484d0a41
5955584	80049570	543a4be6a1db858a
5959680	800495a8	9bd44323c768cfb1
5963776	80045180	91b9a4cd85ea758d
5967872	80049570	0d287c405e6ccb10
5971968	80049570	17cc71a034ed7a41
5976064	80049580	9453d5bcaad11fcb
5980160	80045fc4	4cf4f8d002923c3d
5984256	80049514	476e5c46e7771fa8
5988352	80049564	8f9ad1f6c56eb383
5992448	8004957c	ee2884d9380a9a6a
5996544	80049578	9a85dc59ee3ed146
6000640	80049500	99f16d1f7d98d36e
6004736	800495a8	a90c29a9358c8869
6008832	800495a8	15f137718e1a5ee4
6012928	8004958c	7fa215fc0b2b4cac
6017024	80046004	f9e017e76e38fb29
6021120	80049578	57afffd4cb3b02f6
6025216	8004958c	422d3430e98ed351
6029312	80049594	48329276bd2dfa66
6033408	800003c4	824013f6074ade77
6037504	8004524c	7b5ed2ff5a4e3445
6041600	8004955c	5f9102318ece5f93
6045696	800495a8	854bd6d9b417d5f9
6049792	80049554	f035e6411acd2152
6053888	8004958c	c2d9f30ce497e1b9
6057984	800495a4	cfe92027f41f9a75
6062080	800495a4	062418044b0f7ac4
6066176	80049564	8bb9d93f7aa961ec
6070272	80049584	8af3499e87a830d7
6074368	800454c0	cfbfdb9ce1af866e
6078464	80049584	a31e8c11c7fed744
6082560	80049558	5bc456c1e5113a66
6086656	800495a4	7e9e47abf6066bd4
6090752	80049560	15aacfe82acb2706
6094848	80049578	ca6d1e0e01097d07
6098944	80049564	4ebe74a214c8dffa
6103040	800451f4	7f5e79f2f2b6c0f9
6107136	8002d6cc	a356c74b46cdfd2b
6111232	80049568	ee04e3fee69c8330
6115328	800494f0	01d4d0482f72a9eb
6119424	80049590	363537c9f8d1e5a3
6123520	80049584	31e05e6ee071ee8f
6127616	80040c60	ab5d05f05eb1ea20
6131712	80049598	b89a9ef19d710456
6135808	80049568	0cf2ad319d6591aa
6139904	8004956c	2684541af71ad84e
6144000	800495a4	f8dddd0b15db1603
6148096	800495a4	36d67a0f7877a793
6152192	80049564	05c82eac67409dd0
6156288	800495a0	40635870e4870dc2
6160384	80046aac	ed906c64d7b4cfdc
6164480	80039900	717f5fdd6ad184f4
6168576	80049574	901946546f8da1e4
6172672	80045230	00798422492ca434
6176768	8004527c	20a82c5a7fb4435a
6180864	8004959c	359a9fd7834219a4
6184960	80049560	0f16f9bc87bd8907
6189056	8004956c	342c07c64bca9643
6193152	800495a4	69a30359dc9d0dd5
6197248	800494c8	80c8e7c5a47b964a
6201344	80045d88	81117153a8b9d3ef
6205440	8005ae40	136815185c7adc37
6209536	8003d760	fddd960e4ef90824
6213632	8005aea8	a90f4ffff4d70427
6217728	8003d760	e5cd8ec1a95be4e0
6221824	8005ae88	8b90f53db55a5955
6225920	80010b60	d43b4b13f0c10ded
6230016	8002f47c	8377ed9e3b7e3944
6234112	80010b50	3d20935fd460393e
6238208	8002f46c	1a1f8c9bb8e49b5d
6242304	8005adec	0b6375de48ad0a75
6246400	80010b70	47eb42701e764bf3
6250496	8005addc	5fd215bd4ee93df8
6254592	8002f450	810d7dafd49bd14d
6258688	8005ae00	687c94ee6fe98316
6262784	8002f440	37d091cae7defb3c
6266880	8005ae14	0c366733aab54944
6270976	80010af4	f032e69f833284d3
6275072	8005ae04	674e74430e0c79c3
6279168	80010ae4	5fc84fea6b6574a2
6283264	8005ae48	35505d276a6ecb76
6287360	80010aec	c3b74902da987432
6291456	8005ae38	ddb6474fd6ea6896	1b3a49174168bf22	7bed8159bb569479
6295552	80010b08	b92088abd69572f7
6299648	8005aea0	7b40dec4617985de
6303744	8003d768	fef0bbad192e4e1b
6307840	8005ae80	2e97797004010a5f
6311936	80010b58	a4bddec51554c999
6316032	8005ae70	9db1f69bf6b9f2a2
6320128	80010b48	268dc249e98cefd8
6324224	80010b78	d1d8a98ae6219483
6328320	8005adcc	d3bc68bf68344d3e
6332416	80010b68	f6195f7d2727a962
6336512	8005add4	a8dcaa20b24aebd4
6340608	8002f498	d60a54a1ff4fbf17
6344704	8005adb0	00ff8b0f298f97b3
6348800	8002f488	9a87a25ca8dcc1f9
6352896	8005ae0c	8a4796f46b5b5746
6356992	8002f498	aa125beb179ca5e9
6361088	8005adfc	edb73e69cff40563
6365184	80010adc	f95d4ab37d03359f
6369280	8005ae40	9e0c563a8018e385
6373376	8002f45c	6f306f9528c1d7c3
6377472	8005ae30	4e67efabb2b07bfe
6381568	80010b00	cb32173ed20c9f50
6385664	8005ae24	d0f414f5f2af5d1b
6389760	8003d760	d536b92b7c2cee75
6393856	8005ae78	21304fe906138523
6397952	80010b50	333dd7c35836d7ed
6402048	8005ae68	e6e8d5a9c89bd111
6406144	80010b40	cbb0010081fecc3a
6410240	80010b70	e54505be27700c37
6414336	8003d764	bf604eddc3e99572
6418432	8005aebc	51dddd6494496e08
6422528	8005adcc	4751a47c2c78e6d0
6426624	8002e408	c4aa7856ada9c305
6430720	8002e408	7f327a31a6be5e41
6434816	80047350	414cf86d9aabe182
6438912	80047360	c5f8fe736b69993e
6443008	80039160	be21ea7ad7a227cc
6447104	80039558	b0887bd5bbafa3d8
6451200	80039170	e87f409bfccadc80
6455296	80047378	d9306cb143af0c93
6459392	80047364	9da69b7db77c9488
6463488	80031744	9eb8d951ab41c3cf
6467584	80031a5c	75647e32dbb36352
6471680	80031a3c	c8346aaff2181c20
6475776	80031a40	0e95d8733bfcadc8
6479872	80049588	f1b0c076a976210c
6483968	8004732c	9cb40204f308ffa9
6488064	80031a38	0a61f107281da6da
6492160	80031a3c	663865f755733ef4
6496256	80047334	a4c29eacb7a8b129
6500352	80031b84	f9300b21a96a1d22
6504448	80031a48	2e0a80d049770d48
6508544	80031a4c	e74b35002825c786
6512640	80047330	15da04f0b1a8a039
6516736	80047390	785bfac49dfacaa1
6520832	800493ec	59b79c6525a56963
6524928	80031a28	235aab6ee221fa29
6529024	80031a2c	cba31d98791d08f2
6533120	80047350	3c5380e98c2f6a7a
6537216	80047354	60c905afa0c08ca8
6541312	800494a8	1abfac08b8c06d41
6545408	80031a30	60b1c209744f4710
6549504	80031a34	b1f7e151e94f6cd2
6553600	8004734c	848d9a2c5fe3d18d
6557696	8004735c	c339e1dac42c51a7
6561792	80047348	2a7526f0c02af678
6565888	80047390	058a1a42912c778b
6569984	80031a44	fa7329e838d76444
6574080	80031a48	f4c73e429efff8fb
6578176	80031a4c	38e63716cf7e6943
6582272	80047324	c9be5b51824d0bfe
6586368	80031a28	2a31e9df69bbaa66
6590464	80047338	dc4fa2686d71cebe
6594560	8004733c	3945f5fb733d9bbd
6598656	80047390	fb1cfd57f47b65ce
6602752	8004734c	39ece7e715fe6510
6606848	80047350	2383c89586e6ef75
6610944	80047354	03c1aac077a15bce
6615040	80047358	7d3dd47bfc3aaaa1
6619136	8004956c	cab73ed075442a35
6623232	80047354	42c14eaab4c55b4f
6627328	80047358	482e9c485f84171e
6631424	8004735c	9262dfe0c560e478
6635520	80031a40	cb39cedf083e545c
6639616	80047340	139188f5ec66c8bd
6643712	80031a3c	bb84a231eb3c2ea5
6647808	80031a40	e505855e1b490b94
6651904	80031a44	e397ba3076466be1
6656000	80049418	1a3ca4303e3570d2
6660096	80047398	640b4e0d4c5bf3c1
6664192	80047390	75b76a182471a09a
6668288	80047394	a234817d38c9b73b
6672384	80047334	2b7e1236a6b0b653
6676480	80031a28	9060dce3d53924db
6680576	80031a40	7b7ba347772e77ca
6684672	80047324	5f87a795142afc8c
6688768	80047328	6884d45d11bd82a4
6692864	80031a4c	13ee0e70a9fcb064
6696960	80047364	6474b6bab8e1440b
6701056	80031a44	5cdf78e707e372a2
6705152	80031a48	b8b7a507f60bbe7e
6709248	80047394	aa95ba3329eb2939
6713344	80047350	2e480671102c0de4
6717440	80031a4c	52509c1bd250f506
6721536	80031a44	9a50731f4a972a60
6725632	80031a48	de9b63a6b226512e
6729728	80047390	123c231ccc86e5c0
6733824	80047350	96c712ae12287429
6737920	80047368	01efc19603cd219d
6742016	80047354	eee48ac01fb98960
6746112	8004735c	b386e88cf40d131d
6750208	8004735c	070b6196c3928819
6754304	80047354	f91e468731d3f06a
6758400	80047358	d6de36da501b6f17
6762496	80047354	e656ecd12d1a2355
6766592	8004732c	6aec66b37493802b
6770688	8004735c	5da6e26fa65a5c79
6774784	8004733c	8ff58bc251302cf7
6778880	80031a38	b0a90718cd3a6802
6782976	80031a3c	2290c57b2ae0af50
6787072	80031a40	9fef33b30ae1f19e
6791168	80031a44	2402271e24f8fc50
6795264	8004736c	7731c3f8513b826c
6799360	80047394	9a859aecdadc1117
6803456	80047398	ebaa08493098bbb8
6807552	80047390	5d7d6d0b15d446b8
6811648	80047348	f14a32e223e9b91a
6815744	80047360	9e56e4cc165664bd
6819840	8004734c	3688367f32df7f92
6823936	80031a28	8a90117cda4d9faa
6828032	80031a50	aa0a58695f211074
6832128	80031a28	06775763b0bdb3dc
6836224	80047368	de906c6fa45bb351
6840320	80047354	130153ebc7a86b50
6844416	80031a34	27e921c717e1b1dd
6848512	80031a2c	f5d2e1740c6a7577
6852608	80031a30	298b8ebdf26352d6
6856704	8004738c	835ef4f1627f5263
6860800	80047358	b626e92e82b7a584
6864896	8004735c	3a5088f2a0c30f7f
6868992	80047354	bd7dbe6613eb97db
6873088	80031a38	84d809e7f54afc12
6877184	8004738c	0dad2420d7aeb644
6881280	80047358	df6b0455bef939d9
6885376	8004735c	c5d53271f0db1041
6889472	80047354	29d1f571442f5343
6893568	80031a38	0d978159088c4cc0
6897664	8004738c	504b4c24884968a6
6901760	80047340	96e5c48c60db12f5
6905856	80031a30	5e6734096987bf8c
6909952	80031a34	0c86f7e5e0eb9247
6914048	8004734c	7b349d67d33fa6ce
6918144	80031a4c	d088e433d330148a
6922240	80031a48	7f66442c8e8120aa
6926336	80047354	c9b95f3db3bf8e85
6930432	80047320	e8d2145e66c581ef
6934528	80047354	b239e998db55c50a
6938624	8004735c	32b467d85d16438b
6942720	80031a48	938b42d13d02767a
6946816	80047368	c97383409463c54a
6950912	80047320	40de4552fd6f93d3
6955008	80049410	26ea7180770aba64
6959104	80031a44	560058eac160181a
6963200	80031a2c	4da8910dff0bc3c1
6967296	80031a4c	0283e1ec9b79dd99
6971392	80047320	0c026de5cf6e6bdf
6975488	80047394	729e0f5a0b3f3eae
6979584	80031a34	9f363200f62c6d3f
6983680	8004738c	30521857405b04cf
6987776	80047390	3c2d4169765a7de1
6991872	80047394	0c554fa77d5c89b8
6995968	80031a4c	e19217b497de80e4
7000064	80047344	0b62a192521dfb3c
7004160	80047348	706871c8adba7ee7
7008256	8004734c	5c84b076f764c0ae
7012352	8004940c	f26236f701426cec
7016448	80031a2c	9fb87b4a2ebe63d5
7020544	80031a30	17dd35661549dbf4
7024640	80047358	0c369c8ae8c8b217
7028736	80031a1c	a668de811b19f6bc
7032832	80047330	6c9c740e44f64fc1
7036928	8004733c	b31dd94ddb6d932c
7041024	80031a34	4e7b1fd7cd782c1e
7045120	80031a30	b72d2a722c8dd765
7049216	80031a34	6b51c5155a294bb3
7053312	80047338	a150d0e6a6ace36e
7057408	80031714	e6a84816798fe629
7061504	800316ac	cc81427d9a2c75d6
7065600	80031a44	fcac0ba9b42cd372
7069696	8004736c	afa62e79037c2f55
7073792	80047398	b391b251d30428f3
7077888	80031a50	93959d20bf9d5229
7081984	80031704	8b7a7790360d254a
7086080	80047378	6f44251755221d86
7090176	80047368	a19d235f473a92ca
7094272	80047340	3768163a91b89620
7098368	80047344	2fe1e967c349dce8
7102464	80047348	f5508c1db7dd6996
7106560	8004734c	c19cc089b4fb614f
7110656	80047350	fd25c991f83fb913
7114752	80031a2c	4013b588bae2e2f8
7118848	80031a30	037bae892c529787
7122944	80031a34	d811ad2c11838fbf
7127040	80031a38	a7911edcd723c682
7131136	80047340	a269e8733859e88b
7135232	80047344	57df96fa9e33bf90
7139328	80047348	bed88818a2724714
7143424	8004734c	f9487946db1cd812
7147520	80031a28	1a505a05ecc59528
7151616	80031a2c	629efc00cfb9e428
7155712	80031a30	d89aa73d5182b836
7159808	80031a34	06f26ead17401ad9
7163904	80047334	778138a35fe5323f
7168000	80031a50	6a720b3c990879c6
7172096	80047348	490929ca571edc36
7176192	8004734c	ea12d3daeee51360
7180288	80047394	06647b245da4890e
7184384	80047354	9e99202264708a15
7188480	80031a40	5d0a28756243c710
7192576	80031a44	0720047bb16a0437
7196672	80031a48	ba137c428c089bc7
7200768	80031a48	517066cb49f029b5
7204864	80031a4c	b8a78ec59190ce5b
7208960	80047320	a976f2edb8c62dae
7213056	80047324	8b0a82617fee9019
7217152	80047328	caa3c944d1696241
7221248	80047358	6fa1c87b1007c656
7225344	8004735c	53bdf725fb767bac
7229440	80047360	03fe548f2af442db
7233536	80047364	4be097e17d7ffc0e
7237632	8004733c	a6784b88e56bc919
7241728	80047338	03893ee3187bd6ca
7245824	80047360	bb778a7ed48aa68d
7249920	80031830	ceff9b84fe6ee4d1
7254016	8004732c	87bcb3003d5ec288
7258112	80047330	b98e8938fa8429cc
7262208	80047354	b141dd4233953f18
7266304	80031a50	4e11f07cc8fe3621
7270400	80031a28	19076869b61e54d3
7274496	80031a2c	2b53db2b77f97449
7278592	80031a30	d2a32b22294beab3
7282688	80047340	9ab9acb54e419722
7286784	80031a2c	8e796769b7c85302
7290880	80047350	5da39ae84963f1ec
7294976	80031a30	16923a4880e2bb79
7299072	80031a34	150fd5fceb580397
7303168	800319f8	ce76a430033120ed
7307264	80031a38	4e1cd75fc0640220
7311360	80047358	67ea6066d89523af
7315456	8003173c	49bab7c865904a21
7319552	8004738c	ebee2ea7eafeca22
7323648	80047360	746c91efcf87f86c
7327744	80031a44	2c945fc08e0187c9
7331840	80047340	870abc5283642795
7335936	80031a50	edcaddcec5ff43c4
7340032	80047354	2ba5ce21981f6b01	443a148dada296f4	7bed8159bb569479
7344128	80031a2c	a85f9f0531f82bd8
7348224	80031a30	b82d3191ff190ac2
7352320	80031a30	6821993184b2ed87
7356416	8004735c	63ae5085ad19f576
7360512	80047354	429b7766db677f01
7364608	80047358	c77defd3b3858eb2
7368704	80031a34	bdd5ac527dfe9f35
7372800	80031a48	84fe47d0784c3512
7376896	80031a40	f8463d02d566dcde
7380992	8004732c	2e13ef65ddb15754
7385088	80047330	03b4a47a31c6852f
7389184	80031a38	431a69a2962e1e20
7393280	80047354	951560abf75522a4
7397376	80031a34	53fecb9efbb6466d
7401472	80047348	dfbb82fd2040d1e5
7405568	80031a3c	60c275bceaaa965c
7409664	80031a34	08fa4bedae007830
7413760	80047320	cab4b9efb7ae5c0f
7417856	80047324	5cc392fa0b4c6481
7421952	80047328	4008c3cb4dcbff64
7426048	8004732c	d55dcddf41c88a3f
7430144	80047364	734b23ec2c67d3e5
7434240	80047324	0bd6fdf56ff21b5b
7438336	80047328	15ac689a946ac581
7442432	8004732c	b446be29ae7a9f7c
7446528	8004736c	9d824ce401bd8eb0
7450624	8004732c	9881bb79f14aad0b
7454720	80047330	9627950f89ac1009
7458816	80047334	3c687ab543f4f79f
7462912	80047330	1e0c571dcd5199e0
7467008	80031a3c	06d8dd7616efecaa
7471104	80031a38	ecb5ad0b772e57b1
7475200	80047344	b3a1cd98de32717d
7479296	80031a50	61da3a49d0ec2ecc
7483392	80047358	566bf3019d0356b4
7487488	80047338	8f6e7a157dbccc7e
7491584	80047348	a62eb3395b4a3693
7495680	8004734c	aaac036dd3279657
7499776	80047390	06acf366206abf0a
7503872	80049408	214dcdf6cefa74b5
7507968	80031a48	a326d4a87e43c40b
7512064	80031a4c	974b9300321140f9
7516160	80047320	7ef0083c03c0882e
7520256	80047324	d687f6e896eb341f
7524352	80031a50	ce1bb57c368106fc
7528448	80031a28	7da9b988edf53bd7
7532544	80031a2c	37f33107f0867881
7536640	80031a30	980e7a2423c7ad6a
7540736	80047358	de5bac980d3b9717
7544832	80047320	1dc9251312b0d476
7548928	80047348	252985781a6e79de
7553024	80047350	c944a82b138a11c4
7557120	80047358	01bfec589ec70f84
7561216	80031a30	aed5adbaf635128d
7565312	80031a30	64f40db6e67a2f33
7569408	80031a34	c3d22176a061b86a
7573504	80031a38	575b784b60c79c23
7577600	80031a3c	9a2cd7332b41afd1
7581696	8004732c	71091f652e2b3ad6
7585792	80047368	c8ba2bb838aa0a6b
7589888	8004736c	85ce1772c5edf168
7593984	8004738c	131510bcccb3f44c
7598080	80031a3c	6d60ec5a9b6034bc
7602176	80031a48	f545d046360fe201
7606272	80047360	1b1e02167b811b56
7610368	80047350	386ca686082dbb47
7614464	80047354	7ba5312c15d2b662
7618560	80049418	bab0c4952ebf7c16
7622656	80047394	7748e207a0cca8c4
7626752	80047360	55811c5cf7f88808
7630848	80031a50	da5bd8df869f45ab
7634944	80031a28	dd504366addf21e1
7639040	80031a50	d96f9708cdd4703a
7643136	80031a28	83f4cb391426b784
7647232	80031a2c	16676059a59b110b
7651328	80031a30	999e28773e94f6fe
7655424	80031a34	a583a7b122e9ef7c
7659520	80047358	e7993c33ce937d37
7663616	80047350	11316153d163ae17
7667712	80047340	739e142135b7c92a
7671808	80047334	a1d93bb5f15a5cc0
7675904	80047320	39e615916bd35859
7680000	8004732c	aa72bedf5e630a91
7684096	80047330	fef81f28251b43d0
7688192	80047398	ccab4cde696ac3a5
7692288	80031a38	1d766989da987945
7696384	80031a28	e666bebf031d2a57
7700480	80031a40	56b3e8bf7eee2a80
7704576	80031a3c	6998e06f84b73c02
7708672	8004736c	1cad79900538f0e9
7712768	80031a44	4bf606fed624a499
7716864	80031a40	4e8bfdf8ca27e43d
7720960	80031a34	d0f0a43d20828547
7725056	80031a38	12e44acebac652ce
7729152	80031a3c	7cb062a67346fea3
7733248	80047354	c1c2ab60de60630d
7737344	80031a4c	6d63b4ef15b1ed25
7741440	80047320	8b745c9026989d94
7745536	80047324	fb8b9f4759eecf90
7749632	80047328	30e5ee2d372b09dc
7753728	80047398	4d679acdf54f8896
7757824	80031a48	855d3d6ecd191ba0
7761920	80047394	915eca0c5a2a835b
7766016	80047320	1717f89c2ac07e82
7770112	80047324	5f9c69fc0a86a605
7774208	80047398	73f3c4fc33d642cc
7778304	80031a50	6f41f07f4f915e87
7782400	80031a28	87161a10670fc9e7
7786496	80031a2c	b1237dcc2ed9ba82
7790592	80047390	fcccf751a747fbc1
7794688	80047394	262205ed05106322
7798784	80047398	fc099e44b7002987
7802880	80031a50	4ae2ac7800da2e46
7806976	80049408	c2cf8e6db2735e7f
7811072	80031a30	878b73bcf8adaea7
7815168	80047334	de96a3a7e412fb61
7819264	80047338	d0263cca3a5e314c
7823360	80047378	e0891d19ef0475df
7827456	80031a30	a9b52c64ce573a4a
7831552	80047360	7f9dbd769b4a1942
7835648	80047364	523cc5ef254bd7d0
7839744	80047368	e3e7b070591a42a4
7843840	80047350	8d2c34e0c07279cd
7847936	80031a3c	70c03514fff9c0f4
7852032	80031a4c	ee793a7023bf6bb1
7856128	80047320	6539e33d335489f6
7860224	80031a2c	94aea82529caefc7
7864320	8004736c	8de78bb0124fa8f0
7868416	8004732c	0c2137d55f479486
7872512	80047330	e447f2d1bc7adec5
7876608	80031a28	ade72bd318f387aa
7880704	80031a2c	b718f913e13acdd7
7884800	80049408	c4ce49ff0c96f069
7888896	8004733c	cbdc1df279c1ad6e
7892992	80047340	5f7b237827cd6949
7897088	80047330	cabb94f9af11cb3b
7901184	80031a3c	26abdd3f20e1b140
7905280	8004735c	f96111fdef183ee2
7909376	80047350	f08f16855366cd0f
7913472	80047354	0985560571b69a46
7917568	80047324	75680bae41fd37ce
7921664	80047364	aa635359677bddff
7925760	80047364	eebe461bc55b0c18
7929856	80047338	5fac55f48e4057a5
7933952	8004733c	fc2140885dc4255f
7938048	80047340	6781230f5957bee1
7942144	80031a28	32d936fe092e63d8
7946240	80047354	b0043dad4b1f93f8
7950336	80047338	80aade1321cc38fd
7954432	8004733c	a0413c64ebbca729
7958528	80047344	87207f68508ebe37
7962624	80031a34	32c29ce95a42baa8
7966720	80047394	ed09053137fa5de9
7970816	80047398	35658a21d653560e
7974912	8004735c	b4e89ecd1df45cae
7979008	80047348	573f02aabf094e9c
7983104	8004733c	6fed21a45b699c6d
7987200	80047390	8da482b9c0fd55a6
7991296	80047394	1db19bc57aebb455
7995392	80031a38	303a73ef6d4c49e1
7999488	80031a2c	463f83dbcc51b05c
8003584	80047338	a4e3ef00e783ee79
8007680	8004733c	1d47f67fc1856fd5
8011776	80047340	d826c0453688a103
8015872	80047344	b2ea633d4d672ca5
8019968	80049404	3a8aadb7aec1664b
8024064	80047368	406660abbb05bde7
8028160	8004736c	77cca632c05a5bad
8032256	8004738c	57ed404cdffb5d6c
8036352	80031a3c	095c091dd5f01404
8040448	8004735c	13f1d7139be8bb93
8044544	80047360	430633af7bdd0145
8048640	80047364	f52dec9f89cfdb9a
8052736	80047368	47aba2f7485bc1ae
8056832	8004733c	5040d01e8ef6a955
8060928	80047398	2106c17238fe5806
8065024	80047394	bf3a91329077fa5c
8069120	80031a28	f99fef0155e0d82b
8073216	80047364	1f4292d5d9543b3b
8077312	8004734c	cadb03b7a2ba30a7
8081408	80047350	2a7a855926daa664
8085504	80047354	3f4991a7e73417b6
8089600	80047358	f562cb2dba6788a2
8093696	80047338	9dc70a9b9fb6a8a5
8097792	8004733c	c797bcd6a78123dc
8101888	80047340	0398b78589c70475
8105984	80047344	8c9dc94cc7d15346
8110080	8004732c	1da203655cf934ba
8114176	80047338	a7749ab9c43b0e4d
8118272	8004732c	e8038a21ecaec557
8122368	80047330	7aba921c021ce12c
8126464	80047328	8cb5869736c99d88
8130560	80047334	68d23b45763bd744
8134656	8004733c	39dfcd342a3c5eb8
8138752	80047348	66bc330ff5cc6463
8142848	8004734c	a464dacfbfd499f1
8146944	80047394	f5562bf1b30e882f
8151040	80047340	15e3af5cbe4570f1
8155136	8004733c	5bd57666c6a1fac3
8159232	80047378	f8ebe6e5f722932a
8163328	80047344	ad9af6c4726582a9
8167424	80047368	63aa064de8795ca3
8171520	80047340	52d9421460fb8521
8175616	8004733c	add1292f001d61f9
8179712	80047354	7aa0ccecc2003c28
8183808	80047344	4e9b327a4293a5b5
8187904	80047368	b2324abe2a7d2e05
8192000	8004738c	8d2412a1be2ecfea
8196096	80047390	124281b053a680df
8200192	80047394	60b267f6eb6e705f
8204288	80047360	201aaaf2a096fe80
8208384	80031a4c	4cee940ef39daef6
8212480	80047320	eebaf6ba4d754d60
8216576	80047324	b69e4de0931e34fa
8220672	80047328	8b72e5fc49c6899c
8224768	80031a40	7783f002d4ea2126
8228864	80031a44	bf28fe8c330e637f
8232960	80031a48	c20914cc579bd857
8237056	80031a4c	6ab71f93540becc0
8241152	80031b7c	088ccde5154f8ebc
8245248	80031a50	476f5bf516113b99
8249344	80031a28	a68a94594287edad
8253440	80047348	9d2cc5eceda58ab9
8257536	80047338	949ad3c23b475acc
8261632	80047354	78c9fb15d2312d09
8265728	80047390	49c3ebf1d036ae30
8269824	80047394	27791183e5969a2f
8273920	80047398	5e9c1cf4c1a68e0e
8278016	80047368	7d06b3e5511b535f
8282112	80031a28	4759151c0763b98c
8286208	80047338	30f3a3cac17ae155
8290304	80031a38	d134f2cf816b07d4
8294400	80031a3c	8a8e6fb7ddb60049
8298496	8004736c	61af3e76b384e1b7
8302592	80031a48	15a6f95fdda538e4
8306688	8004735c	4a16a6414d45c867
8310784	80047360	7e168cd414d0e2a4
8314880	80047364	2785435533201526
8318976	80031a30	f8f0e1f43b83f78f
8323072	80047348	72a08f5833e85291
8327168	80047358	cd946110685db88c
8331264	8004735c	2fa13d60b8365e86
8335360	80047340	cf1dca7a43c9780c
8339456	8004945c	4837a3371ec330e2
8343552	80047328	62c9f97efdb6492b
8347648	8004732c	3b60a55ab19630d0
8351744	80047330	d8d3cdd1cc2d35b6
8355840	80047334	449ad00b7f579767
8359936	80047350	00030ae3972b259d
8364032	80047354	a503ead8c773c723
8368128	80047328	24e1b436aa8dc26e
8372224	80047394	2e5064a97734aca8
8376320	80031a30	a93928ef6f520692
8380416	80047358	3036261cc22d9723
8384512	8004735c	b6cdda6d32db0f1b
8388608	80047390	3210f7384bd1afcb	3e18b23b64fba02d	7bed8159bb569479
8392704	80047338	f0fa855818d3199d
8396800	8004733c	88d5e451e85bc815
8400896	80047324	fe5b7c68f72bb97b
8404992	80047368	1d2773540b26de8b
8409088	80031a2c	e19875e569f99fee
8413184	80047350	336482e44df1b82d
8417280	80047360	7a9fcc213bb67fe4
8421376	8004738c	b473889177c1e794
8425472	8004738c	2667e788511993ce
8429568	80047348	b26589f679122eb7
8433664	80047354	3c16e00212d03b91
8437760	80047368	7d0675d8217930e2
8441856	80047394	b2cf16d3fedb6f71
8445952	80047394	db15ac869cd3640e
8450048	80047350	dc6f5a73c47edaee
8454144	8004735c	f57d85ea148b9550
8458240	80047328	be7dae0908eee7e8
8462336	80047338	a352bb35f227ab18
8466432	80031a50	3b6021ec9660774a
8470528	80031a40	1b90884d2c76ab5e
8474624	80047360	018451c27ebb7677
8478720	80047390	dc5c08882862bd61
8482816	80031a44	8cf06ff51833cbee
8486912	80031a48	9ac6b9d64b9b3579
8491008	80031a4c	1d11742d394c4b46
8495104	80047320	abc968f085534e20
8499200	80047358	501327e313d8a180
8503296	8004735c	ff811f380d67808c
8507392	80047360	7b8f8b8f34d9dc16
8511488	80047364	29b4113c81095e86
8515584	80031a40	9efad7250ba33e02
8519680	80031a44	6fba8a0b116f8f5a
8523776	80031a48	3e7d2edacdc3a6a0
8527872	80031a4c	2b004381853fbd97
8531968	80047354	137479fd27fee67b
8536064	80047358	de3368055bca7f2b
8540160	8004735c	da528f958fd0f9fd
8544256	80047360	fd42bfeaaabb0ffb
8548352	80047364	88c38d186af0b2ef
8552448	80031a2c	d08e3c9757bf19af
8556544	80031a48	a5fbd1f7faec9550
8560640	80031a4c	b5810d87c73525e0
8564736	80047394	feae034eb90836c7
8568832	80047368	1f8f3a18f25b8979
8572928	8004736c	c102ae92269dcb1c
8577024	8004738c	5f81db23b0e465d1
8581120	80047390	0af1a99df0c7c1b1
8585216	80047328	d8da50b49eb460f0
8589312	80047358	941485dce8d54b36
8593408	8004735c	fdb02dda016cc08d
8597504	80047360	d69330f74b04f1da
8601600	8004735c	71a98501c5a44f22
8605696	80047344	25d6c5ab91cbd64b
8609792	80047348	b29cedc2ae94eb3e
8613888	8004734c	1510c39a5e66c38d
8617984	80047350	5e0c0a43f1681d9d
8622080	80047330	0827feb9415c19c8
8626176	80047334	3e0b07359d983894
8630272	80047338	ff9341b5cd873564
8634368	8004733c	26a118417ccd53f3
8638464	80049418	4b486b2e6330f565
8642560	80047320	270c25189e08ff75
8646656	80047324	732658890cbe8042
8650752	80047328	117012310a201757
8654848	80047350	3974230b19e805d9
8658944	80031a3c	0b503045d79267e9
8663040	80031a40	5ab03674ec54ba2c
8667136	80031a44	fcb43e127d18520c
8671232	80031a64	4fa75e4ca35c957a
8675328	80031a28	50ef298d5663b716
8679424	80031a2c	030ce3426fc49c06
8683520	80031a30	d6398ef0cd8048da
8687616	80031a34	906d4d05894d34ac
8691712	80047394	e553c116ccab3d41
8695808	80047368	e98d2c393a0aee1c
8699904	8004734c	f2c879da869e4e8b
8704000	80047328	3a1275ed7d7bedcd
8708096	8004732c	c93bb779d012bad6
8712192	8004735c	4e0029a5ac34e3dc
8716288	8004734c	209abc48e8a39da9
8720384	80031a38	cbef691a0a85286a
8724480	80031a3c	8e188ea61477cc56
8728576	80031a40	ba52acc4ab7a24a3
8732672	80047340	224d562cc036199a
8736768	80047344	1d09b13fc1433e11
8740864	80047348	3385742f08e34b96
8744960	8004734c	fa98a00f8f9842af
8749056	80047334	4624d156562bbc19
8753152	80047338	e1802e447e1f1552
8757248	8004733c	e978f369865d0c28
8761344	80047340	c0fb30717b04781c
8765440	80049410	4539533af520c4fa
8769536	8004732c	8052ed06f0a5b221
8773632	80047330	e275ef59bee3ac47
8777728	80047334	d3131d7c041ebe06
8781824	80047338	07b26d4ffd76f89d
8785920	80047368	5e02b4fcf036d851
8790016	8004736c	8864164efffa1203
8794112	8004738c	0790082916bd4395
8798208	8004736c	fe768f31246b879f
8802304	80047348	1dd9ad2ff54af865
8806400	80047334	a33ebabcd522eba9
8810496	8004732c	a0f4e41859a33d9a
8814592	80047330	cf16a14a77690d4b
8818688	80049418	84ac70d3e29c830d
8822784	80047350	7ff3e50773be6be3
8826880	80047398	776843dcd8cd869c
8830976	80047334	ca8d16d032c539ff
8835072	80047338	654ca6b3503b7a45
8839168	80047354	1958ce9f241ad1c3
8843264	80047338	90f5f2e9befa11e3
8847360	80031a44	d0fa2ee53d9f7cdb
8851456	80031a48	2c6b32dbfa546f5e
8855552	80031a4c	3d778c06a416c714
8859648	80047320	8190aa78d56329bd
8863744	80047378	d93b2d0338853a0f
8867840	80047334	1db2c3358432d0c3
8871936	80047390	c8b868e4f5606128
8876032	8004735c	be08de011f89b4c4
8880128	80031a50	b356c83896e459cd
8884224	80031a38	fae42c84d77043b6
8888320	80031a3c	2c5284cee47b22ab
8892416	8004738c	0e8e5a6b5262a92c
8896512	80049468	4922d33a09a9c1d0
8900608	80047378	6772efdcbf625f90
8904704	8004736c	b9bda700675e87c4
8908800	8004738c	746786d392c74b06
8912896	80047324	6c5901e976aa9243
8916992	80047338	7cf1c3aa7a0f6965
8921088	8004733c	0d6a654608c9bee0
8925184	80047340	6d8abed20e80fb7c
8929280	80047344	aff4303433d51508
8933376	80047398	9b10ce3920dca246
8937472	80031a50	605dab6e835169f7
8941568	80031a28	21e7b14f52cf8ae6
8945664	80031a2c	d4c8e93c0cf41c1a
8949760	80031a30	9d1be55ea17db1c3
8953856	80047338	a394a8e190e7e767
8957952	8004733c	ebb30159e7a649f9
8962048	80047340	254129a9faac43d8
8966144	80047344	6b1cc98364324aad
8970240	80047398	5e21d29175f58963
8974336	80031a50	de111eb86359d52c
8978432	80031a28	d5622502b44751c5
8982528	80031a2c	27c0419d00be4625
8986624	80047334	fcbba781bc8fae4c
8990720	80047338	30409a7b3ffe7309
8994816	8004733c	0690ef07a2d40d25
8998912	80047340	248852b8573419a7
9003008	80047394	0af4167eb1cef316
9007104	80047398	7983c5376a0afac9
9011200	80031a50	e6e1ffdf8d0d8aa1
9015296	80031a28	7bb94ee199ebb0b1
9019392	80049468	cab9c62c682c23be
9023488	80031a48	e21c406e6aba50f7
9027584	80031a4c	728a6a6052b7550f
9031680	80031a44	4d91cd226f1f88fe
9035776	80047358	75387d03bd831891
9039872	80049410	3f64c52378961a1e
9043968	80047360	e7fae7679b566a8e
9048064	80047364	9c3a19878e05f73d
9052160	80031a44	1a38677c8b0ceb1d
9056256	80031a44	feed7baff9ee8663
9060352	8004940c	2fce61551b7014c5
9064448	8004735c	fe5cd0b0b6ffd9f4
9068544	80031a34	4c4c5b7913c25d60
9072640	80047364	4d66949aad784291
9076736	80047368	035b5e4ca6ca34c5
9080832	80047394	3c34239a7a707593
9084928	80047368	17618c6b952eee90
9089024	80047348	0dff1844e826c48f
9093120	8004734c	f98288b551bf81e7
9097216	80047350	c7c0eaf53a4f2511
9101312	8004736c	46999f2433c904ad
9105408	80047390	5b0a3c9e482fe740
9109504	80047350	b50f407f6bd0ef62
9113600	80047354	a69cb1dd31f7327a
9117696	800004b8	8d361159dd6220e8
9121792	8004caac	bd38ebbb8b3180da
9125888	8004580c	63dea68b0efd2b8a
9129984	80040cc4	1193159bac028860
9134080	80045290	b1f9dc7bb4243f78
9138176	8005a284	e7302ba6aeb24889
9142272	8004ecec	9d9ca81d213675b7
9146368	8003d040	2d2ec83e13f44627
9150464	8004ebec	f7e85571a1a6640b
9154560	800399a0	903b236e32d7f5af
9158656	8004955c	c2b457b293de9c90
9162752	80038f50	24dd050c426590a4
9166848	8004ec00	28656eb2b9e131be
9170944	80039560	e3d6aa88160c86a2
9175040	80049508	b1ee44f1b4a3fa80
9179136	80046aa8	9d9f236a49c9ac29
9183232	80054344	3ede601386736a09
9187328	8003d12c	a70fea03485744c8
9191424	8004ec0c	f9ef49194c01f0f0
9195520	800495e8	50b0717311790832
9199616	8005a268	3819f087081dd5cf
9203712	8003d108	649ec74273f81bbd
9207808	80049568	6efb1c0de84cea58
9211904	80049430	5435afe6cb05f5e8
9216000	8005a25c	c080aba6a540dbe0
9220096	80046e08	e802a7ebbe1b6feb
9224192	8003d058	37ee7625e0ea8595
9228288	8004ebec	7438bd787b98054b
9232384	8003954c	2c92b18e2d4b08ee
9236480	800492f8	32a31b0b9d2981b7
9240576	80038f54	691565a8ef363f59
9244672	8004f9e8	55046bebb217749c
9248768	800399c8	3965686cf6bf3d0b
9252864	8004ebe4	8396b9824c3ecf7d
9256960	80049568	1bea3e19fbdf6115
9261056	800495a4	292d71d77df1666e
9265152	80047324	ce71fbaa2f035b80
9269248	800454c4	15ce5a9b8aa45a27
9273344	80049588	032d678973126023
9277440	80049568	b1b1cd5d5fa7affd
9281536	80049574	3e052354013d2da4
9285632	80047340	c33a329be9f89174
9289728	80046320	2b7134e65e1ead87
9293824	80039554	a36ae046895d0c11
9297920	800462cc	3dc7c09bbd02933a
9302016	80049598	d5aa7c7adfc4f40d
9306112	800462b8	a973f14357abcf3f
9310208	80047338	cce4494d0ae736bd
9314304	800495a0	64bfcf84fd685f37
9318400	80049564	7399a2babb8b56c2
9322496	8005435c	bd0ca3a1b5d4fa20
9326592	8005a29c	34b3f7728fa75ba2
9330688	8004957c	0320217d1972f7cd
9334784	800495a4	30ec6652f226cd55
9338880	80049598	d1953faf81ce3d26
9342976	80049578	be34779b6d9cf361
9347072	80049558	39bb325db1870263
9351168	8004958c	833a505b3b7679e4
9355264	8004959c	ddb69b9f09aa9a7e
9359360	80049580	dc32b2aee4566078
9363456	8004eb14	66179b244ae43b46
9367552	8004f654	8680672d908752dc
9371648	800543ac	c8dfcc0865f0fb2d
9375744	8004959c	d536fe7e9f993ade
9379840	80050418	f24b630d16843bc6
9383936	8004ec68	2145ca06c8b40fc2
9388032	80035bcc	8423aa4f013c60b6
9392128	80049554	855302161487d5d1
9396224	80049430	bb9e887609c6a6a0
9400320	80045fb4	baaf044e643aac4e
9404416	80048dd0	abf16ff28c4b4cc6
9408512	80045184	6b355d70d0369302
9412608	800495a4	7692b753661e35c1
9416704	80049560	3de8b14fb252b43a
9420800	8004caac	a645553549c06327
9424896	80049300	de305ec178d972e3
9428992	8004959c	1a27da429f1e2965
9433088	8004ec24	17b512f2b8e67327
9437184	80049304	f6d7285ee05f9a14	691daff2fede8d9e	7bed8159bb569479
9441280	8004edd4	99da8b0aa0abdbc7
9445376	800395e0	f508364d10a555d8
9449472	80038f8c	7854a2559397056c
9453568	800495a4	5dbc3c3097dcd0d1
9457664	80047368	35f3400277f71648
9461760	80049468	fdf40d2bb1434487
9465856	80049560	33376d8ca78b6cd8
9469952	8004930c	af1a3a253fe441e3
9474048	8004635c	f014b21a04f507f1
9478144	8003d094	f9c0dc835f30aa49
9482240	8004958c	68899b0c78f1a578
9486336	80039514	4a4e8c5a044b0d5c
9490432	800137c0	08ad7780efd5829c
9494528	80049598	1be522f872165678
9498624	8004958c	0d40a6eda5cdc44f
9502720	8004956c	edc13761ae1a2b8a
9506816	8003991c	7ac50a27af9d61a2
9510912	800495a4	0295d6e9caeaf441
9515008	80049584	034848dc227f918e
9519104	80049514	5925376cc46c36ae
9523200	8003d21c	4e6ea01189ab995d
9527296	8003d20c	8aafb7e77612a9a4
9531392	8003d22c	652325c4c99f0704
9535488	8003d224	cb59f2a990574d72
9539584	80049564	7efde740342f618c
9543680	80049558	c2966b6688d77d4b
9547776	80049590	f3d9a66d95907015
9551872	80049404	0f55bc7e6ad949b6
9555968	80049598	8b6d1ecda65de9eb
9560064	80027a18	8f018ed6148b4e70
9564160	80027a18	e82feb2d288d1653
9568256	80027a18	9a163d0f05084133
9572352	80027a18	51a9271755b40dd2
9576448	80049404	0336f86f9adac391
9580544	80049558	86192aa74e7d9d46
9584640	800495a4	c5191f498f794b41
9588736	80047358	9732c0ad4bd7ed5e
9592832	80039528	1f5e936decd143a7
9596928	80027f74	b7b5aca7fcb51881
9601024	80047394	3572d48b86ab4938
9605120	8003958c	9c18690b1e2c2f3d
9609216	80047340	05a2ffd94d6c2e7f
9613312	80039568	dad609fd762891e5
9617408	8002d7f0	553cf11e5f81015e
9621504	80047368	a720ab1c95aff5f2
9625600	800395e0	7d8d72d4985ebb92
9629696	80047338	96a7a58e421b31ce
9633792	8002d7d4	606b9e2ad5dd6789
9637888	80039584	9c683321af65ab42
9641984	80047340	65a3debebe5782d4
9646080	80039510	a72113f33cddd2b3
9650176	8003955c	4e277f3ce96925e7
9654272	80027fa8	1d80044792d40050
9658368	80039570	224961f4298783d2
9662464	80047360	8e280624b06220a9
9666560	8002d7ec	031cab2dd6c1795a
9670656	80039550	a5e683fa43b7c4af
9674752	8003956c	b62c006add17695b
9678848	80047340	23014b8ac1126e4b
9682944	8004734c	67abadc2ec7fbe32
9687040	80027f94	3a5c02ab6735f9fb
9691136	80049408	983c1ecedb533a08
9695232	80049418	845bf2535d3a6068
9699328	8004601c	d8c4479266b9fcfa
9703424	800494f0	fc10e87623403c63
9707520	80049590	cf0240b3d787ac9a
9711616	80049570	a7fdf64e18b5aa0c
9715712	800495a4	466b20bc76a94e1f
9719808	80049584	18c6eb1afd3b9411
9723904	80000358	dd8bed7e3fe494f2
9728000	80049558	b477745a929d4e22
9732096	80049590	a5f568b51b09889e
9736192	8004956c	94b98da60dc56982
9740288	800495a4	f7946b5c3d1dc3a9
9744384	80049584	c7ab71d43701588d
9748480	80049578	40d437d82776aa75
9752576	80045274	5b579754d3745cb8
9756672	8002d878	409ea95ec44d7120
9760768	80028654	85b8271319168149
9764864	8003916c	c29d1211f97ab679
9768960	80039168	9d940d8dcd365472
9773056	8002c834	c34339ac7008c72d
9777152	8003916c	1ca247f439fa16c7
9781248	8002d8ac	8fac99f7e720c36d
9785344	8004736c	8d0c31ffe7ef7c7f
9789440	80039164	3de15fe385da5212
9793536	80039160	cd7adbfde42156bd
9797632	80028680	e94fb289f2dc355c
9801728	80047368	648103b1d4ccf91b
9805824	8002863c	7af05788d3858f29
9809920	80039148	f6b050249b90a22f
9814016	8004732c	fc8144f5d80988db
9818112	80047354	035ee009675630d6
9822208	8002d880	3d60d05a0bc516b1
9826304	80039164	b797754a418f47b9
9830400	80047364	579eab5d6c426f5a
9834496	8002d888	2ab2b6975b720345
9838592	80047394	60a854774ee01cd7
9842688	80047360	caff471a24ada888
9846784	80047348	cdfbf4f8f08e1e2e
9850880	80047378	c834dab21a508b86
9854976	80047334	cd8208851a149cae
9859072	8004733c	4430e1289c7a5769
9863168	80047338	5da22f5753465743
9867264	80039180	7d6c4b6abe8ae64a
9871360	8002d870	4a32cc81de0f16db
9875456	80047354	767a53806aa537b5
9879552	80039164	532b5fee3dd346c9
9883648	8002c7c8	f844e0f2b9c57224
9887744	8002d864	03f17750c6e35208
9891840	8003917c	b96e0ddf760b5dc5
9895936	80047394	335fc3ec32146a86
9900032	8002d898	9cc3f8c87d80fb78
9904128	80028668	cf0b172ae938e03b
9908224	8003918c	c435867d98216007
9912320	8002c834	9580e7ea088d0554
9916416	80039164	9880148f524119b3
9920512	8004734c	deb6924b5b9e2f75
9924608	80039178	e634ee79bd18991a
9928704	80047334	64671a4b7c261d1c
9932800	80039174	993c36e1bad6e66c
9936896	80047350	a72009fd59b8c20f
9940992	80047350	056f76726eec6dc5
9945088	80028698	4d0607b8fdbb08a8
9949184	8002c814	1f48d8dcee219894
9953280	80047348	530f768daef0b547
9957376	8002d860	572075d9e042ade4
9961472	8002d888	ff14fa842d83d849
9965568	80047358	2ce53e03aecdcfa7
9969664	80047358	c0295b6adb1918c8
9973760	80047358	8474d0990ba72e05
9977856	8003917c	c005a0f41b35caf0
9981952	8002867c	4779d9ad76297272
9986048	8004734c	3b9f7cf2a074750a
9990144	80039150	45f34218605a71de
9994240	80047320	32e33eb6c316134e
9998336	8002c7c0	9d3d78c12bf79d72
10002432	80039178	29dcd3b513b83dec
10006528	8002d890	a43886d6193c38e9
10010624	8002864c	8fbbe36d78119458
10014720	80039164	114637365aa793d3
10018816	8004736c	6f5cfee8aeaff203
10022912	8003917c	9e204d4e7a28fa61
10027008	80047348	55acb3b4c3aab3da
10031104	8003916c	dfd50837a52829a2
10035200	80047360	d2b808843ec13afb
10039296	8002d8ac	e55dc42c354dfc03
10043392	8002c814	3519acd458ecc484
10047488	80039174	dda5a6a9d0b1ca42
10051584	80028644	e706013a89971e99
10055680	80039160	a6c9d6cbaa59d76a
10059776	80039164	f5adbe9b45005b67
10063872	80047340	d404684706816aed
10067968	80039160	360e3c6c9899fdff
10072064	8002864c	46e8ada9647ee8c3
10076160	80039168	368b30028ed9d231
10080256	80047334	82072d8fdefe97c8
10084352	8002d8a4	c0721148139e2616
10088448	8004734c	271b7aeaba292805
10092544	8003918c	efd41cb200c36369
10096640	80047330	82ddc27b23c398c4
10100736	8003915c	4ba51a69f301d3bf
10104832	8002866c	58b82062756317f7
10108928	8002d8a8	c98f7ae861196eac
10113024	80047334	063094aad58c0257
10117120	80039178	bc284f02fe0910c4
10121216	8004738c	9b5dc5148c184400
10125312	80047394	4cd984c78176e8d2
10129408	80039148	b6983c3f4967959b
10133504	8002d8a4	26c2ec3f47fb8b16
10137600	8002c828	7e563a05cda05354
10141696	8004733c	81f1e271d7145f0a
10145792	80047340	94407245c2c43ddb
10149888	80047364	a5fcb3d088e5c46f
10153984	80039180	c1669cb3e0931ecc
10158080	8002c82c	961f889c76285204
10162176	80039158	2b3ab50a39782ad7
10166272	80049408	291dcdfb5d407e26
10170368	80049418	c56fc1cf50ccfa6c
10174464	80049410	0e47e33b1b9988fb
10178560	80049408	d41acc31b77d1499
10182656	80049418	fa2fd2f65ee1f60c
10186752	80049410	fea9c8fb367bfe40
10190848	80049568	0319529d167731c7
10194944	80045fc4	b8532e352c0f41d5
10199040	80049594	de16375c3515ecd4
10203136	80049574	621f7e7db1835c38
10207232	800495a8	d79a18acba7588f9
10211328	8002840c	9c4a7f3e729fb710
10215424	80028498	c8d17e530eda002d
10219520	80028468	9b4633d03a8524e8
10223616	800283dc	b37a4916caf937e5
10227712	800283a8	5d219e1e4fb06019
10231808	8002837c	a7ac30cc80168fd1
10235904	800283c8	7de63d96aae47e01
10240000	80010af0	63c87239eb290591
10244096	800283a8	187c40b02f111c53
10248192	8005ae40	d6a338d8f539056f
10252288	80010b6c	1fbf58998f0bea3f
10256384	8002839c	c4c0c991833eba39
10260480	800284e0	54ef42df5b1c8e16
10264576	80028548	4c1d8fa957d208ad
10268672	80028408	54b84f26ab631a36
10272768	800283a8	7578d6790ae9032b
10276864	80028468	4ce46eb1153a2eaf
10280960	800284a4	70a7882bf610f9d2
10285056	800284b8	76ddc5f2dd5a0107
10289152	800283c8	59a0eb201c299661
10293248	80028378	a91eb6a64e90ec73
10297344	8002843c	8c45e0e5476c339e
10301440	8002845c	9c4bba8ccdc9c2cf
10305536	800283e0	0c7f272306f3b9b3
10309632	80028410	edfa37cf4b9042fe
10313728	80028384	6a30a2fa12eaa43b
10317824	80049578	d344594a45c447b0
10321920	80027e44	b6a28fa8e4f07913
10326016	80027e2c	1f2899b95fd575d6
10330112	80049588	b6c04108cf48b5da
10334208	80049564	13684b1318463ff1
10338304	8004959c	571256fe3f4e90f1
10342400	8004957c	4a8ba310b9b36726
10346496	80049570	9396989b34a442f0
10350592	800280ec	dbd6fcad8302623d
10354688	800280f4	7990dab965576f1a
10358784	80028128	653ee9ffafa2f775
10362880	80028084	efe988e9ae863f3e
10366976	800280e4	68f309046a7516f7
10371072	80028118	e5b71c582b93a074
10375168	80028120	2ddefc167ffd122c
10379264	800280a8	e7f5287b2236febe
10383360	800280dc	d8c1a728157c97e6
10387456	8002813c	b30d2f05cf8e59a7
10391552	80028144	278ea68df01d63ab
10395648	800280cc	f3d43cf1d4b8c922
10399744	800280d4	b2c3f4775aca4f7b
10403840	80028134	bb29b71adbfaf6c3
10407936	80028064	133dc9238c317478
10412032	80049414	675f333281d3f88d
10416128	8004940c	2ca0153d4c860f46
10420224	80049404	237b98bba065d5d5
10424320	80049414	07bf86dcf4bf3310
10428416	8004957c	d3c2d08b7917e0b8
10432512	80049570	024eec8ac41d19bb
10436608	800495a8	327812135ac005a6
10440704	800003f8	e10f02a34d65074b
10444800	80049564	7c4c3a661c5b75a2
10448896	8004959c	24e43be5d29bb3b3
10452992	80027bf0	89aef561ccb7aceb
10457088	80027ce0	cf006aeef45018eb
10461184	80027cd8	1bfa80ea1744e958
10465280	80027be0	01ee95159fe44b7f
10469376	80027c10	f8e01a5a64febf40
10473472	80027c88	5e949fee22338327
10477568	80027c28	5feada7aaf70589b
10481664	80027bd0	4dd6ac1469146b80
10485760	80027cc0	f5a1aba6e8171226	eeaff697f1b17f06	7bed8159bb569479
10489856	80027c38	923e7562c58ea6e4
10493952	80027cb0	0e9126af42863d41
10498048	80027bc0	f6757ca465eabd91
10502144	80027c58	7d9183773b86eaa3
10506240	80027c78	c16560640021d794
10510336	80027c20	3d81cd222fe0bffb
10514432	80027c48	eb38281aa6989aad
10518528	80027cf0	ec28a9c9d404290c
10522624	80027bd8	e19b0d9d22b16f7c
10526720	80027bf8	68dc4cec6cf29981
10530816	80027c98	19bcc91593811ded
10534912	80027c20	9f312d795bcb736b
10539008	80027c18	21a7e07ac3e534bd
10543104	80027c30	8c061e5aa8307ab7
10547200	80027c00	ab9a1ce3a27ccdd9
10551296	80027cc8	50958a34339efce3
10555392	800287d0	07799256ea8c496b
10559488	80028830	f1f95c1ca996dee8
10563584	80028814	5cefe72c1d98aa7a
10567680	8002882c	d99bae2b77354c23
10571776	80028884	0b9e364b5193e0af
10575872	800288f4	5107f893a037251d
10579968	800288b4	b5c884375a3bbe11
10584064	800288f0	0aed04106a67f679
10588160	800288e8	6efcbe9b20eba284
10592256	800289d4	5a4c565a76aed2c1
10596352	80028974	8aa9f7feed55dbe7
10600448	8002894c	a3c128efe0c63346
10604544	800289cc	9575696cf57d2c51
10608640	8000f85c	89e6bebba02cce1a
10612736	80028950	98743367965532e9
10616832	80028a00	519c477972930fa8
10620928	8000f88c	1cbc21b59d75434d
10625024	80028944	6a76dab466b05dda
10629120	8000f894	21346bd27a4c552f
10633216	80028948	8513dca63f16773f
10637312	8000f884	b6e5cd1adff6f96b
10641408	80028988	6e6559cc8ba0a3bc
10645504	800454fc	322826e0dd805619
10649600	80049560	ca7604a131b42d5c
10653696	80049584	f806f31ab2f4c37b
10657792	80049560	e446a9d13e048114
10661888	8000b968	12628e09245ea3ee
10665984	8002f94c	cdb491e297bf977c
10670080	8002f948	fb94871ad1b8fd8d
10674176	800494a0	2e81f5f79c4085ab
10678272	8001f85c	232bc1105281303d
10682368	800281f8	b35d7f23943efecd
10686464	8002f968	c4e59870f9f4116b
10690560	8002ec94	a6e8d9a46ed16775
10694656	8001de70	ab88e61b9f607060
10698752	80049410	aea07f117aedb080
10702848	8001e800	bc3aaea16b7191f9
10706944	8002f94c	6c306ba323780693
10711040	8001f858	b0dc3518ff7f433f
10715136	8001ded4	ea0f3cde866b4556
10719232	80028254	651798b3acdc80fb
10723328	8001e758	cdffe1bf746b8af0
10727424	8002ec98	23bde8f5ea0f6b13
10731520	8001f858	57cc62d976411057
10735616	80010ad4	6eb7f7d1463f0078
10739712	80010ad4	d6495d7096f8ab4d
10743808	8002b6ac	ca2f6f2393e18530
10747904	8002f944	2b0b6bafe4a869d2
10752000	8002ecd0	3b00d2b17ce33f11
10756096	8001f82c	2cd86945ac85a8aa
10760192	800494b0	1ae27b65ea837402
10764288	8003d088	f6838d962a1eafcf
10768384	8001f91c	3de2de7fe14ac1da
10772480	8001de7c	49ad3bdecc7be010
10776576	8001f858	21c0a0e4dcc6a2c0
10780672	8001f858	4f4f4979d6f17d65
10784768	8002ecc0	d066f6d9c03b1e62
10788864	8003d0d0	f2f1c3490f7937ae
10792960	8001f858	cee2b090a888f377
10797056	8002f938	af5b47893c91c735
10801152	8001f7c8	1c6d76e0f63c481b
10805248	8001dee0	ee8ff8a4064cd24a
10809344	8002ed00	de2be1b1eca46e7a
10813440	8002f940	968b40d8a7bb87ef
10817536	8004940c	273da797de79058e
10821632	8001f858	f7403d74cb96fd09
10825728	8001ded8	3d233657571eb07b
10829824	8001f7cc	3ed03a6a2291b808
10833920	800494a4	4175700856da8b3d
10838016	8003d090	db8a1204025e89ce
10842112	8003d094	34c75a560210f463
10846208	8003d050	30f1f2a18f2f14b4
10850304	8001f858	b09cd86775f4d184
10854400	8001f858	8d6b2e49b4c66752
10858496	8001f854	783c91fe9fa9ec28
10862592	80028294	554408da389d3880
10866688	8001f85c	302091d3c8d60f0f
10870784	8001f864	c797ffcc04a56b6b
10874880	8001f85c	2119afc4a953e888
10878976	8001f864	1451a2ab85c3a4ec
10883072	8003d044	3296f0c8787c5b43
10887168	8001f860	4f01e924315093fa
10891264	8002f980	fb54a03c076214cd
10895360	8002eca0	ccefacffa1a85a37
10899456	8001f860	0f871945eb21868f
10903552	8001f8fc	dabd1a1aecec10ec
10907648	8003d140	b7f54d97da6f9032
10911744	80049414	4930935b06efab69
10915840	8001e770	6b7fd9dc5c63285c
10919936	8003d078	b47cbf1c187cde3b
10924032	8001e6d4	3283cfb246b98fb4
10928128	8001e704	a082ea6fc768bac7
10932224	8001f7cc	5f36fcf47039f5b2
10936320	8001b52c	f8f6b551793f8c87
10940416	8002a8fc	e45942eaad587cdd
10944512	8002a970	a8f2d694c6813b4f
10948608	80049404	2d23c85d964d07bd
10952704	8003d56c	2580e6291e9e630f
10956800	8003d574	81ef1a122fedfd55
10960896	8003d584	9f8252caacdff795
10964992	8003d588	067f7f435e425c5b
10969088	8003d594	637bca2a95ffa994
10973184	8003d598	e8da70b1b5e4be5b
10977280	8001f314	7ecbb1e0c76a881d
10981376	8001f2b8	9c790d5ea5d61cd4
10985472	80029078	9987b71d16b6969d
10989568	80028ea0	e32862af3ac7ec42
10993664	8001f2b8	94da4b2f133f6048
10997760	8002b6f8	e9f0c690bb0b760f
11001856	80048dd8	7be4814e1ead0780
11005952	8004caac	0fe94f2ec577c709
11010048	80040cf8	db981150d52ec8ce
11014144	800004b8	195c4dca1468ae6b
11018240	8002e760	0182cb8540e9bc14
11022336	8002f294	2a5323e00fa505b6
11026432	80010ac4	eb4773c0616da34b
11030528	8002f290	147b966182597071
11034624	8002f290	a75f41bdda6ea807
11038720	8002f3b4	e0f7a0d8f892e837
11042816	8002f298	71b725863b9edc8a
11046912	8002f3bc	428ca4e183fd1c34
11051008	8002f3a4	76fb160926341283
11055104	8002f3c4	933d7f8545123594
11059200	8002f3ac	b60e1cb6ce14ea01
11063296	8002f3cc	3b1a847e8d78c23d
11067392	80010ac4	d5336824ff69d770
11071488	8002f3d4	efd7f3a955c2f9c1
11075584	80010acc	9dc349c57b1ac04a
11079680	8002f288	289078b66aea734f
11083776	80010ad4	4b37d1da75433a84
11087872	8002f290	2bbbe6c1d015b7e6
11091968	8002f29c	211f7af520b73dd8
11096064	8002f2ac	9e1dcf2ebc6d9201
11100160	8002f298	84e04ebda326a81c
11104256	8002f2e4	be528eabd86da161
11108352	8002f2e4	998f28ff6efc821c
11112448	8002f2e4	a2f2279f66356e39
11116544	8002f2ec	d4198a69be6529a6
11120640	8002f2ec	74788fc6eab23a97
11124736	8002f2ec	d82054b381157d26
11128832	8002f2e4	cad3b53b95242d6a
11132928	8002f2e4	5523b93f7ceaa3da
11137024	8002f2e4	63e20045897421ff
11141120	8002f2ec	a94d90aa5f8206d4
11145216	8002f2ec	035b5e13e87a6250
11149312	8002f2ec	cc28c5b33cd94193
11153408	8002f2e4	ef84d4d0c871fa00
11157504	8002f2e4	2cbfbf0d494b54f0
11161600	8002f2e4	a8860ddae718ae54
11165696	8002f2ec	f6f4a256daafe2b1
11169792	8002f2ec	fe058a066bb99ead
11173888	8002f2ec	01444193ad9049c8
11177984	8002f2e4	67964123988a35a7
11182080	8002f2e4	d14ad3cd07d24ff5
11186176	8002f2e4	cfa08df8fafefc9c
11190272	8002f2ec	1e7652bb89c6c079
11194368	8002f2ec	66e3dc3605bbbfe1
11198464	8002f2ec	3c0e561996a022fe
11202560	8002f2e4	397d95826d509116
11206656	8002f2e4	be021b6fab33ae4e
11210752	8002f2e4	624971f0c91d5c62
11214848	8002f2ec	2ed7b360660cca5c
11218944	8002f2ec	9f8b94d97ee940bf
11223040	8002f2ec	1a6c08bcb0dbd5dc
11227136	8002f2e4	4a6b3940dbbb30c3
11231232	8002f2e4	1de263429e9e218c
11235328	8002f2e4	3001bcc02955c092
11239424	8002f2ec	09b0bbc7e01dca0b
11243520	8002f2ec	122c407ae30f7351
11247616	8002f2ec	92d973a314d07bac
11251712	8002f2e4	ab4c2ad503af3cbd
11255808	8002f2e4	b4a8ce32624e19a6
11259904	8002f2ec	084afb5777f3ba48
11264000	8002f2ec	feeb7113662a1c9f
11268096	8002f2ec	20a5f32a06c16096
11272192	8002f2e4	03cc4cb0023b8474
11276288	8002f2e4	b3fa89f7367b1d08
11280384	8002f2e4	e16ac986ef5ab379
11284480	8002f2ec	d6f170da1f7d617e
11288576	8002f2ec	cc1add0ff6a13e3b
11292672	8002f2ec	36e514a4d3bdf26e
11296768	8002f2e4	9765df7060e487cc
11300864	8002f2e4	8d3b6e79a448bc88
11304960	8002f2e4	e4d8bea4e21eac4c
11309056	8002f2ec	a889037cd4ebe667
11313152	8002f2ec	842d5adfaa3bf0d9
11317248	8002f2ec	becf5bdfb022947a
11321344	8002f2e4	eca53ad7e767dd53
11325440	8002f2e4	664064af2c77a31b
11329536	8002f2e4	54fb2e1da4f9a293
11333632	8002f2ec	ff6bf6765199542e
11337728	8002f2ec	b63e626c323b66d9
11341824	8002f2ec	59ef3083277e59e9
11345920	8002f2e4	fa0510ed81cd2d76
11350016	8002f2e4	8f2f41757eb455f7
11354112	8002f2e4	b336a7732d0f0340
11358208	8002f2ec	333dfc7a86f46880
11362304	8002f2ec	e79c2200953ac04d
11366400	8002f2ec	d05c62f370d66024
11370496	8002f2e4	42960a4c0bcc85e7
11374592	8002f2e4	14fc6ea37bdfcea8
11378688	8002f2e4	1157715f1443ab0d
11382784	8002f2ec	16d5d232b53303ea
11386880	8002f2ec	377c5afc62e3d6fa
11390976	8002f2ec	0bed320f6f052630
11395072	8002f2e4	07e2443a1ff75291
11399168	8002f2e4	8d61f6ed5169bccc
11403264	8002f2e4	51a467afcc573e8c
11407360	8002f2ec	fe8fc2f530554fe4
11411456	8002f2ec	6c5b99fefed7ceae
11415552	8002f2e4	a3ad2c8e7786d4a3
11419648	8002f2e4	3016b5ca6f3fa642
11423744	8002f2e4	db9319094a333267
11427840	8002f2ec	495c5361b725c17d
11431936	8002f2ec	f11b94f2d1c17fcb
11436032	8002f2ec	e5757303391e1894
11440128	8002f2e4	5113098af25d7198
11444224	8002f2e4	f92ee9055863c6eb
11448320	8002f2e4	6fcd0d37f9646cfa
11452416	8002f2ec	2a0939adf2cb821d
11456512	8002f2ec	38f058dbfd1bdc2b
11460608	8002f2ec	12ddcf4604841dd7
11464704	8002f2e4	63915384a9a5cfc0
11468800	8002f2e4	fd492e18a887afaa
11472896	8002f2e4	557578245b1bd054
11476992	8002f2ec	e923efc4b8552b9c
11481088	8002f2ec	c84ddc77cb1069f5
11485184	8002f2ec	91cb147ce0c35e47
11489280	8002f2e4	170855635a4a51c2
11493376	8002f2e4	5ae18e5cc9afd9e5
11497472	8002f2e4	a90710ba356862cf
11501568	8002f2ec	8a1d459cca52bce3
11505664	8002f2ec	4169967863db0a07
11509760	8002f2e4	9d7844d431135b7a
11513856	8002f2e4	f2ef08171c69d4d1
11517952	8002f2e4	138b158c8268704b
11522048	8002f2ec	9c82d51a5dd5692e
11526144	8002f2ec	9f434bc3af6289bc
11530240	8002f2ec	a613f3293480a659
11534336	8002f2e4	722ef51ad27b3210	ce2409dc3e43a7e3	7bed8159bb569479
11538432	8002f2e4	f9df3ac1b5255544
11542528	8002f2e4	67bb4891856d6b25
11546624	8002f2ec	775461fd78dea375
11550720	8002f2ec	698ae5e6971c76bb
11554816	8002f2ec	0d09fa512950cb12
11558912	8002f2e4	1a8fabcb92d83ae7
11563008	8002f2e4	06751a3bf44bc7a4
11567104	8002f2e4	de2b85c097ada5b4
11571200	8002f2ec	92dd2c9346b4504d
11575296	8002f2ec	7afd094309e29d6b
11579392	8002f2e4	1958f1853e282595
11583488	8002f2e4	54971d1bc5a23ada
11587584	8002f2e4	680e61cb4aa50d61
11591680	8002f2ec	815f57b36bd99125
11595776	8002f2ec	3d65e7433cf15280
11599872	8002f2ec	98bef61875722821
11603968	8002f2e4	8ffa2cc9b1875ccc
11608064	8002f2e4	4c656f47eabaf890
11612160	8002f2e4	7b28cf7a2528eaa4
11616256	8002f2ec	48cefe23581b1c45
11620352	8002f2ec	fe15e86509b58e50
11624448	8002f2ec	f96fd37f724fdd8d
11628544	8002f2e4	a1917991d96a8a1d
11632640	8002f2e4	fdc71f4e49b264dc
11636736	8002f2e4	4f8de330710c892a
11640832	8002f2ec	9e668ab25c8fa96f
11644928	8002f2ec	c447166a94a862a7
11649024	8002f2e4	2f40f99da0bbab9a
11653120	8002f2e4	be2a18bfe27a603b
11657216	8002f2e4	f1a6a035ce9abca8
11661312	8002f2ec	5cf40a9b994a486e
11665408	8002f2ec	9d0f1d8ddc24a183
11669504	8002f2ec	8daf4fd142bd2c6f
11673600	8002f2e4	ac565ce52aef1f7b
11677696	8002f2e4	8a417f7a1fcf33cd
11681792	8002f2e4	3f389ec9f99178ea
11685888	8002f2ec	912ef30f4cd85565
11689984	8002f2ec	7070816e7b288d31
11694080	8002f2e4	362207972af2f234
11698176	8002f2e4	7c0db41277887c4b
11702272	8002f2e4	6e6e2286d4789326
11706368	8002f2ec	46fc45624d937768
11710464	8002f2ec	d54ecec58b27f882
11714560	8002f2ec	68054bf4fb75af60
11718656	8002f2e4	ca3431a70e6be263
11722752	8002f2e4	1733e2178c91f43a
11726848	8002f2e4	784ce3891102560d
11730944	8002f2ec	a78aaa91dc7b6c0a
11735040	8002f2ec	318020f3ae429803
11739136	8002f2ec	e337262e4884c808
11743232	8002f2e4	5c4ebce1eb91b11f
11747328	8002f2e4	2e98e474ee06d328
11751424	8002f2ec	ce283f1dda0bbe7b
11755520	8002f2ec	f6a5faf98754ef59
11759616	8002f2ec	8031101feadc84cb
11763712	8002f2e4	4a31ad17c0691d88
11767808	8002f2e4	74d0aa8f4da06d8c
11771904	8002f2e4	b658810c587a48e4
11776000	8002f2ec	880116089a49d583
11780096	8002f2ec	b91cb6313c3ccde6
11784192	8002f2e4	69f461a1d45837be
11788288	8002f2e4	741aa01afe82f1c9
11792384	8002f2e4	f33ea107cfc5b421
11796480	8002f2ec	89e492f33c73157b
11800576	8002f2ec	0fd669b44d28c65f
11804672	8002f2ec	c79f12a669b311ed
11808768	8002f2e4	5aad6b131f4ff296
11812864	8002f2e4	9eb5e1f80386c35e
11816960	8002f2e4	f39325492664c26c
11821056	8002f2ec	78995a659be50282
11825152	8002f2ec	669c561a4bbaf7a2
11829248	8002f2e4	0565603ac750f672
11833344	8002f2e4	0c08d5a4d35bd53f
11837440	8002f2e4	3568ec46d746c6b5
11841536	8002f2ec	258e1ce7411a1ca6
11845632	8002f2ec	22b4db9c9ff3eea0
11849728	8002f2ec	35904b48325af32b
11853824	8002f2e4	9944ab888bc243b3
11857920	8002f2e4	a121e598a5f76225
11862016	8002f2ec	c4bfcc22d810ca00
11866112	8002f2ec	11cfec3cc5a3a09c
11870208	8002f2ec	7cac2937ea58637e
11874304	8002f2e4	d1ebc3279286f308
11878400	8002f2e4	6368f45ae9da46b8
11882496	8002f2e4	50416f1d75f73d92
11886592	8002f2ec	9489cf0f266b8127
11890688	8002f2ec	7b1a64c8e7221618
11894784	8002f2e4	30b0ae33af9cb909
11898880	8002f2e4	2b46b4903851055e
11902976	8002f2e4	69cdaa9a74acfd3b
11907072	8002f2ec	09b273a91ec544c2
11911168	8002f2ec	956be2f087d24ffb
11915264	8002f2ec	ce9580b0e2eb5e5b
11919360	8002f2e4	d52a1556eb0e3b7f
11923456	8002f2e4	e7a36cfa447d58a3
11927552	8002f2ec	e9a2529319dc3764
11931648	8002f2ec	53cf3d92832812da
11935744	8002f2ec	77988d6310eb8d17
11939840	8002f2e4	1d6347f0fef672e4
11943936	8002f2e4	d1546969dd4b010c
11948032	8002f2e4	3879803d5ad53598
11952128	8002f2ec	052958d871427e84
11956224	8002f2ec	5f96c4eee38cd838
11960320	8002f2e4	4b2fd6b12f3b402f
11964416	8002f2e4	1da645544239b1d3
11968512	8002f2e4	a7027ddb75f2fabd
11972608	8002f2ec	5950ab471100ae3b
11976704	8002f2ec	4ac15dd207d980d1
11980800	8002f2ec	1ce0e81e506d74a4
11984896	8002f2e4	6837edc378ed154e
11988992	8002f2e4	19c2d7bcaa1d1c25
11993088	8002f2ec	ce7b2e967c3ba696
11997184	8002f2ec	226ee80255003a97
12001280	8002f2ec	f180f34949a5211f
12005376	8002f2e4	2c95918cb9082f76
12009472	8002f2e4	b9f48f9ffabb4592
12013568	8002f2ec	0c5cc2935c1f0dea
12017664	8002f2ec	ea965da097dc4d07
12021760	8002f2ec	dae0483f0d7704c7
12025856	8002f2e4	e7c4165821c71078
12029952	8002f2e4	e1810d13187cb572
12034048	8002f2e4	20f352e798a56380
12038144	8002f2ec	59d21ed09cfb4a39
12042240	8002f2ec	047901323bd58789
12046336	8002f2e4	d60c6e7373077325
12050432	8002f2e4	94084c54bd89f69c
12054528	8002f2e4	b676810863e0bd03
12058624	8002f2ec	93e1bc58875a1293
12062720	8002f2ec	50e5e8012b9c12b1
12066816	8002f2e4	2e16d2ab8f4a2c21
12070912	8002f2e4	8a0342ae2babc49e
12075008	8002f2e4	e44018c9a9c62834
12079104	8002f2ec	43b1b566d65d6cef
12083200	8002f2ec	bf0e383cb8bab48b
12087296	8002f2ec	4bcb8eaec930ebe8
12091392	8002f2e4	c9f972c6a2c2b54b
12095488	8002f2e4	a5b0ec202ae5d18d
12099584	8002f2ec	1711d665303966bb
12103680	8002f2ec	ab28ea4b3677be26
12107776	8002f2ec	315e4329e01afbb6
12111872	8002f2e4	56515c710929aee1
12115968	8002f2e4	7775b443469ec91c
12120064	8002f2ec	bad614c3e4f2a5c6
12124160	8002f2ec	e408aa940b1ea227
12128256	8002f2ec	b36c8b562708468e
12132352	8002f2e4	b8e045e4330810d5
12136448	8002f2e4	a7a29a50325bee75
12140544	8002f2ec	3e688eefdc74c683
12144640	8002f2ec	fe8494d12cd52f51
12148736	8002f2ec	e33ec0d336139d4e
12152832	8002f2e4	216bb17ed00c4186
12156928	8002f2e4	2630bcfdcb2ce2f8
12161024	8002f2ec	35a58dfc8c81ef26
12165120	8002f2ec	a639199396a4dd31
12169216	8002f2ec	ed5edded55d3a142
12173312	8002f2e4	0734f2a6aac5326a
12177408	8002f2e4	aa2b6f26e67a25ac
12181504	8002f2ec	588d46e237a1d028
12185600	8002f2ec	a23692e1300998b0
12189696	8002f2ec	b0096f0877916d12
12193792	8002f2e4	e6e50770c750559b
12197888	8002f2e4	28e2bc413d3cd350
12201984	8002f2ec	706e05c48e50a07b
12206080	8002f2ec	ad98330d2a29e356
12210176	8002f2ec	f22acba67a3f6ec1
12214272	8002f2e4	5918f703d05e765b
12218368	8002f2e4	d482462bee3f499a
12222464	8002f2ec	f1778dfd13e80072
12226560	8002f2ec	61666e1768340a34
12230656	8002f2ec	6ebd81218275f64d
12234752	8002f2e4	c06b143230d27eb3
12238848	8002f2e4	71a1b044a51a6c8b
12242944	8002f2ec	dc4397b7cf8d2cf2
12247040	8002f2ec	5e32b32b33a3a948
12251136	8002f2ec	0b5338d0edb7cb75
12255232	8002f2e4	91b86f4782bbf63a
12259328	8002f2e4	05346f7573a334c6
12263424	8002f2ec	0453a372e1ef4847
12267520	8002f2ec	48f5e9ff8a4e6e5b
12271616	8002f2e4	d7d7adba60f57c26
12275712	8002f2e4	ffbf1443e510a411
12279808	8002f2e4	113da49fa28a18f0
12283904	8002f2ec	1efc53574618e8f7
12288000	8002f2ec	3d995d58c5e66b98
12292096	8002f2e4	0406b49d26b32fca
12296192	8002f2e4	84736c94bb1b0320
12300288	8002f2e4	eb6c4a8d81d7f2ba
12304384	8002f2ec	348f2a84666857e8
12308480	8002f2ec	adc2166cf7f7015f
12312576	8002f2e4	35222655e8bbca86
12316672	8002f2e4	579e393c364a53cd
12320768	8002f2e4	a9f0d09224d97861
12324864	8002f2ec	5b55b6bd67bf5d35
12328960	8002f2ec	5f2255db612bd786
12333056	8002f2e4	bf456f486d4b9847
12337152	8002f2e4	8f413e7b0feb9e82
12341248	8002f2ec	26de98221fd7151d
12345344	8002f2ec	edbdbfe290ffce8c
12349440	8002f2ec	8c8a2e0c3984a16e
12353536	8002f2e4	5e430389bf7799be
12357632	8002f2e4	738575f2c93fc72b
12361728	8002f2ec	4e08bcf138cb77ab
12365824	8002f2ec	314bf31741f40cd6
12369920	8002f2e4	c1c2b99a0f49bbb6
12374016	8002f2e4	b4f01bfcb30348f9
12378112	8002f2e4	c95f900b37327745
12382208	8002f2ec	5fab015cd73aa075
12386304	8002f2ec	7046c988a6b0f241
12390400	8002f2e4	63b4938f59f43a31
12394496	8002f2e4	eb53716e66e0970f
12398592	8002f2e4	b2013d47df1b24c6
12402688	8002f2ec	ec2df6a76d4182f9
12406784	8002f2ec	c6da82b769fbb39b
12410880	8002f2e4	08d2657e7cb7d97b
12414976	8002f2e4	2796804dcec02f65
12419072	8002f2ec	049bd57ff4727e55
12423168	8002f2ec	9b38d441a203e6bd
12427264	8002f2ec	c3c668939acbb054
12431360	8002f2e4	97722e50de7929a7
12435456	8002f2e4	ab4a1f15bb5c70c3
12439552	8002f2ec	318679646bd0aa28
12443648	8002f2ec	a7a87a85787618cd
12447744	8002f2e4	53450c3cc5275be7
12451840	8002f2e4	482b19ecd5c7bff1
12455936	8002f2ec	523fb7b03479072c
12460032	8002f2ec	8b5a2aefdab255f1
12464128	8002f2ec	f53129e0605d2b9c
12468224	8002f2e4	aa89051346dec7db
12472320	8002f2e4	ead9ad490428b26d
12476416	8002f2ec	9da2c7553dadc8a4
12480512	8002f2ec	8f070661a5f5c243
12484608	8002f2e4	a31676623a795f70
12488704	8002f2e4	1766780cb3b89767
12492800	8002f2e4	963097179aff5068
12496896	8002f2ec	a32cfc294325167c
12500992	8002f2ec	638c02165d41b949
12505088	8002f2e4	49e62020439297bf
12509184	8002f2e4	46f2ae7bbede66ab
12513280	8002f2ec	df554e18bc3bf9d6
12517376	8002f2ec	5ad64b5ac105e32a
12521472	8002f2e4	adecaba8597aeb0a
12525568	8002f2e4	8129747bbe19ca4b
12529664	8002f2e4	9527133c296d040b
12533760	8002f2ec	df0064e065a2f270
12537856	8002f2ec	1fded1088510a639
12541952	8002f2e4	6f6382d275b7bce6
12546048	8002f2e4	9fde0dc7f5944d16
12550144	8002f2ec	94fa2f2c2883312d
12554240	8002f2ec	b94ba3f267e1e50d
12558336	8002f2e4	590957d1b2ef70be
12562432	8002f2e4	bf3c807d6a49d6ae
12566528	8002f2ec	8b465e7603bf1639
12570624	8002f2ec	34240db79812484e
12574720	8002f2ec	e3e410c2fdc4217d
12578816	8002f2e4	8ce7c0eab0c94e8e
12582912	8002f2e4	1ff2cfb62be4b9c1	6f4c2de4a8c82166	7bed8159bb569479
12587008	8002f2ec	3f323fa5f834120e
12591104	8002f2ec	21859bf237ee8c1a
12595200	8002f2e4	24298b8eeb5060d4
12599296	8002f2e4	72effeef4c553543
12603392	8002f2ec	e683d9ce30994c3e
12607488	8002f2ec	9f21c866122cd75b
12611584	8002f2e4	dd941391a01b8d69
12615680	8002f2e4	824b50a928f18fe3
12619776	8002f2e4	c4322f3c67363927
12623872	8002f2ec	23364fd63bd08ae2
12627968	8002f2ec	e60a63afe7c7dbe3
12632064	8002f2e4	21f13512f43f49d4
12636160	8002f2e4	86f2c8a97d86e399
12640256	8002f2ec	e2654b218cb98848
12644352	8002f2ec	37ea977895b6ebb5
12648448	8002f2e4	f94449909f03fe66
12652544	8002f2e4	9ce6522a07915783
12656640	8002f2ec	8fa17a2e587c4a9e
12660736	8002f2ec	4573afb4c4cdd083
12664832	8002f2e4	14b0a675850ef01d
12668928	8002f2e4	3e5da3279460acef
12673024	8002f2ec	28af98b7d127efb0
12677120	8002f2ec	6306c6b0119e499d
12681216	8002f2e4	b90e6e1ca8cfc026
12685312	8002f2e4	aa7f2979fe0bf0a1
12689408	8002f2e4	b98dfeb9d9ffdb5b
12693504	8002f2ec	ff5e4b8b95ced456
12697600	8002f2ec	efadbbb00a111235
12701696	8002f2e4	34f716f93798699e
12705792	8002f2e4	6e47fa0380efd677
12709888	8002f2ec	884a5bb24700a0c4
12713984	8002f2ec	33a06fc1b3eff429
12718080	8002f2e4	b29359a5b7aee8cd
12722176	8002f2e4	30b31ced653ca772
12726272	8002f2ec	1c3e011b045dd4d6
12730368	8002f2ec	2e765f18b4ae311e
12734464	8002f2e4	bb212ad9f149fdc6
12738560	8002f2e4	1725d0615fdc1b13
12742656	8002f2ec	61a88c98d98c7d01
12746752	8002f2ec	0cfc347fed920320
12750848	8002f2e4	ab5d58e8370960f9
12754944	8002f2e4	54f086b3e22775ec
12759040	8002f2ec	d487f6d893877237
12763136	8002f2ec	8f5616b22d0ae62d
12767232	8002f2e4	a5765a35e1d3f23b
12771328	8002f2e4	c685e06351776580
12775424	8002f2ec	087be3faf6d13971
12779520	8002f2ec	b934a2385ca26aa5
12783616	8002f2e4	d11911cc7302f53d
12787712	8002f2e4	8b7bb8aeb84a89ea
12791808	8002f2ec	f798c53800706ee9
12795904	8002f2ec	157e0dcae9d383d1
12800000	8002f2e4	cb89d13faa97e37a
12804096	8002f2e4	f72e3b92aca3df34
12808192	8002f2ec	3f75e2f45ac28caa
12812288	8002f2ec	bd39ad68e2f15954
12816384	8002f2e4	efacbb647a8b3f53
12820480	8002f2e4	be9bad5b0e3b4cb5
12824576	8002f2ec	defa0bf7b7f92a0e
12828672	8002f2ec	5fe4161cc54d9610
12832768	8002f2e4	a38ef0ca6d47bf37
12836864	8002f2e4	353826f9419d66f1
12840960	8002f2ec	e0a25677d62e6a3a
12845056	8002f2ec	ce3892bfeb9130ba
12849152	8002f2e4	88cd682c1e83cd26
12853248	8002f2e4	0402a03352bc3167
12857344	8002f2ec	5a66f7729a76a2d1
12861440	8002f2ec	23dd58b969c6fa4e
12865536	8002f2e4	53bcc803795a8c7b
12869632	8002f2e4	aaf1e85302cee045
12873728	8002f2ec	c011ffa3fa7d493d
12877824	8002f2ec	4cf6243b0e84d188
12881920	8002f2e4	2e7ab03896b9889a
12886016	8002f2f4	3e5bb596613d0aed
12890112	8002f2ec	173539ae87796e51
12894208	8002f2e4	8114e510341dc55b
12898304	8002f2e4	2a499b4324072d3d
12902400	8002f2ec	2e7b6a05623fbe99
12906496	8002f2ec	89aae0f834e1d700
12910592	8002f2e4	b099a8c0cead9833
12914688	8002f2e4	b6466d2c112850e0
12918784	8002f2ec	5baa20caebe6a664
12922880	8002f2ec	7704fe9b606314df
12926976	8002f2e4	d72860f416b4e385
12931072	8002f2e4	23e70562384dedf6
12935168	8002f2ec	197be4a8cda51016
12939264	8002f2ec	7e55d541de901e14
12943360	8002f2e4	e0d4e3998fdfff95
12947456	8002f2ec	c94302f55fd72539
12951552	8002f2ec	06ab303b01a56f30
12955648	8002f2e4	2fe741b04f8ebc44
12959744	8002f2e4	4d6caddf79fbe20d
12963840	8002f2ec	cb2f8803898b5b5e
12967936	8002f2ec	559450bcae0b4b5a
12972032	8002f2e4	b905025b30f6af6c
12976128	8002f2e4	5e47f383626d05d1
12980224	8002f2ec	f62a0cd5f6d98ead
12984320	8002f2ec	88c8382c85a1a8b1
12988416	8002f2e4	079a248a2732b4d1
12992512	8002f2ec	a7739ea5af89411a
12996608	8002f2ec	16f0066e90eaacac
13000704	8002f2e4	2e1f2be7dc109272
13004800	8002f2e4	e2ad0c81e39653c6
13008896	8002f2ec	fddf65d3616c08e6
13012992	8002f2ec	7bea38e605cf96a5
13017088	8002f2e4	c26a96df70ab75cf
13021184	8002f2ec	1cac0be269fe8f8a
13025280	8002f2ec	a7134f3ddcf11058
13029376	8002f2e4	12f7bbd90df5e3e9
13033472	8002f2e4	07d31c4b69e354ef
13037568	8002f2ec	35f1c72502af29e8
13041664	8002f2ec	825c22fc865e8eae
13045760	8002f2e4	841853e23fac9dc9
13049856	8002f2ec	27c327736abe0868
13053952	8002f2ec	57c9ddb1ecd453a0
13058048	8002f2e4	e5841f5046ed17d8
13062144	8002f2e4	472a5ac5d936f7db
13066240	8002f2ec	56642a39c49cab05
13070336	8002f2ec	a2653d6ade0b5522
13074432	8002f2e4	fd8ff776a84e7475
13078528	8002f2ec	473f5ce7a5a19c38
13082624	8002f2ec	f30473c60c3c5ca8
13086720	8002f2e4	09759a17dbe4118c
13090816	8002f2e4	af86bd5e85e4eedd
13094912	8002f2ec	c8cb682caec9837d
13099008	8002f2e4	68dcbab02157291f
13103104	8002f2e4	14259fae82229c95
13107200	8002f2ec	67d2190b4e7f3be6
13111296	8002f2ec	0f64e725aa4b3e3b
13115392	8002f2e4	13a87919b8e65305
13119488	8002f2ec	b0996c11fe0bfb1b
13123584	8002f2ec	5cfadadf2d958513
13127680	8002f2e4	396831457c0f5a8b
13131776	8002f2e4	98acbe236d08577a
13135872	8002f2ec	e23c7025e1646a60
13139968	8002f2e4	1bb55088a9e43db0
13144064	8002f2e4	cf024aec2e6632d2
13148160	8002f2ec	dfcb8ccd2bb6e767
13152256	8002f2ec	3c6ad596d51453aa
13156352	8002f2e4	7f5ff3b35cedd741
13160448	8002f2ec	09b109af8944cfd7
13164544	8002f2ec	56e4b5bcea20707f
13168640	8002f2e4	c1e3400c069b51f2
13172736	8002f2ec	b099ef97d3f41731
13176832	8002f2ec	a28a12050245c027
13180928	8002f2e4	34828b9c4d6051f2
13185024	8002f2e4	c07a2406b74f7a22
13189120	8002f2ec	c3fcfd9d9ab5876b
13193216	8002f2e4	2a6e3506c1dd26fc
13197312	8002f2e4	c178956c107ea42a
13201408	8002f2ec	a25235ef9af60293
13205504	8002f2e4	49703d6dc7c5dbab
13209600	8002f2e4	b3e2546e351815b4
13213696	8002f2ec	33e38cc7d481915b
13217792	8002f2e4	d21fcc5867442a80
13221888	8002f2e4	0435236e1ed4ffdc
13225984	8002f2ec	5ce10b77aa492c54
13230080	8002f2ec	12b19d2edea9031b
13234176	8002f2e4	8813310050b6bbab
13238272	8002f2ec	9d0c159fd270d8ca
13242368	8002f2ec	5707d4ba52d15328
13246464	8002f2e4	b18c2248a30e42c2
13250560	8002f2ec	f3476d64fb29ee6b
13254656	8002f2ec	9eaee9f1e76ec857
13258752	8002f2e4	aa9a0b625872592f
13262848	8002f2ec	51638489ee6b23d2
13266944	8002f2ec	a3dee6f20af226ed
13271040	8002f2e4	10101172bd3a3ff4
13275136	8002f2ec	4ab496cbef172e26
13279232	8002f2ec	256d1ac6f6c60a47
13283328	8002f2e4	931cca659e5c90b0
13287424	8002f2ec	7fbe9bb412a16b5c
13291520	8002f2ec	da90da67b8768281
13295616	8002f2e4	d2aac16e1e172c4e
13299712	8002f2ec	5d31bb30b0b35d63
13303808	8002f2e4	4ca73103ae73d1bd
13307904	8002f2e4	09cd294f88a4b9ce
13312000	8002f2ec	28ae79b94029c1f8
13316096	8002f2e4	17808b4b4a22396a
13320192	8002f2e4	10392fba7a4d1de9
13324288	8002f2ec	8f11da2b63163788
13328384	8002f2e4	7aa872d14017fd42
13332480	8002f2e4	af4ab5053f8abe47
13336576	8002f2ec	face78ada93203f3
13340672	8002f2e4	ee8a935a817d8d21
13344768	8002f2ec	dbd4d7520e8dfe72
13348864	8002f2ec	beb336735e796692
13352960	8002f2e4	2d088b0e853cb0df
13357056	8002f2ec	e0760cf049811c10
13361152	8002f2ec	88b405971ca3859b
13365248	8002f2e4	ca336cda3d3aa153
13369344	8002f2ec	b204b074c44b67ea
13373440	8002f2e4	064698c3058f2af7
13377536	8002f2e4	01b6b16e1f60f45f
13381632	8002f2ec	64b667c08ef0d0a9
13385728	8002f2e4	146f90ccee939c54
13389824	8002f2e4	6f819e18bc8fca2e
13393920	8002f2ec	9c4ab619e570c1c7
13398016	8002f2e4	2e2c6d014ee1e93e
13402112	8002f2ec	cf0816e7a96cc2b3
13406208	8002f2ec	c7862c99c42247e4
13410304	8002f2e4	f1dc51434ef7f8c7
13414400	8002f2ec	991a1baa59dd865f
13418496	8002f2e4	9be28c4b81cf77c2
13422592	8002f2e4	2d0b0faa6bac058e
13426688	8002f2ec	89cef5f2a840c8b3
13430784	8002f2e4	b0ade5f916fdb8e6
13434880	8002f2ec	4accd5fd1ae6566a
13438976	8002f2ec	1dbd3ca160c44286
13443072	8002f2e4	1a1c0bfc9d11c125
13447168	8002f2ec	a2f21ed45b46c9ee
13451264	8002f2e4	8d55444337e9e188
13455360	8002f2ec	c0864fbcbbf51163
13459456	8002f2ec	dc8e26eca5472fc8
13463552	8002f2e4	39b3dc55ceabc375
13467648	8002f2ec	03f45c8fec4e2f28
13471744	8002f2e4	400ae8119f54ffa6
13475840	8002f2e4	46fc341347ae9107
13479936	8002f2ec	3c54e35a988acb92
13484032	8002f2e4	3236f416879fa8b8
13488128	8002f2ec	fc8e11b0ab853db8
13492224	8002f2e4	db0f2ec11530bd3c
13496320	8002f2e4	fae95d3ab483f9a1
13500416	8002f2ec	3acf4166f2b6f32f
13504512	8002f2e4	b7279caa6d73b9cc
13508608	8002f2ec	e407c6b893c33c8e
13512704	8002f2e4	2bea7b449184f4ed
13516800	8002f2ec	1eb0a627c9208690
13520896	8002f2ec	54a6d9c52ef66b70
13524992	8002f2e4	661c2b8f4ca7778d
13529088	8002f2ec	ab30eae4e84e5a72
13533184	8002f2e4	a05102e86ffbc15b
13537280	8002f2ec	410799b3c0802a39
13541376	8002f2ec	037c3bc8a7bad672
13545472	8002f2e4	3f95b8bbdae2b09a
13549568	8002f2ec	d4e9cd458979d6e9
13553664	8002f2e4	a6e3cbd63315abb8
13557760	8002f2ec	9ea4de4c4ba2fbcf
13561856	8002f2e4	1c49b1603dee9831
13565952	8002f2ec	c8166b4c72b63187
13570048	8002f2ec	c23eb59f5db14f12
13574144	8002f2e4	0dc7a774878f079d
13578240	8002f2ec	f91d5603e4b8442c
13582336	8002f2e4	590bd1b785f2f874
13586432	8002f2ec	fbf288e6228a3a22
13590528	8002f2e4	a35c0b503a73e7ef
13594624	8002f2ec	96ee4e4abb1d7b64
13598720	8002f2ec	1a92a16fe6a8abf6
13602816	8002f2e4	4db8e20c4f0d3b0d
13606912	8002f2ec	e02d9cd00f295c71
13611008	8002f2e4	a44c4d3ada52f6f7
13615104	8002f2ec	ff57283ba6d473b8
13619200	8002f2e4	4e4688eff8c861e1
13623296	8002f2ec	fc860c1f063b548b
13627392	8002f2e4	b7f64da0a7c56a0f
13631488	8002f2ec	24b92d9e6ec90b4e	081bf872850552cc	7bed8159bb569479
13635584	8002f2e4	342c899bc7ae15cc
13639680	8002f2e4	2278896d532e5619
13643776	8002f2ec	e1376e4c54bac492
13647872	8002f2e4	aae6e000be80d101
13651968	8002f2ec	bd5c40d86dcdf705
13656064	8002f2e4	095e6609a3bb13fe
13660160	8002f2ec	3eb6386c37167de9
13664256	8002f2e4	8774315d7635f613
13668352	8002f2ec	ada9a6d81fda3458
13672448	8002f2e4	c9d9ad806198c7c5
13676544	8002f2ec	b326476240c9f08f
13680640	8002f2e4	7538be0898adc193
13684736	8002f2ec	bfcb9a7ff7327beb
13688832	8002f2e4	6c8b42da5a4f1ea5
13692928	8002f2ec	ddf9beb8c87a2324
13697024	8002f2e4	c52b167297855800
13701120	8002f2ec	406261546f40ce2d
13705216	8002f2e4	ccff95ff311a47ff
13709312	8002f2ec	496a6e95f464b001
13713408	8002f2e4	debbe409e4e2a36a
13717504	8002f2e4	51660fc5a9cd280d
13721600	8002f2ec	b6f9bb1f35c7af3f
13725696	8002f2e4	290d3c3a92a2c339
13729792	8002f2ec	3f3663943674d026
13733888	8002f2e4	53a4df3a94ffaea9
13737984	8002f33c	fc3238693126495c
13742080	8002f31c	8070072809c44add
13746176	80010ac0	00ad992068dea03c
13750272	8002f328	7cb449127aab7087
13754368	8002f334	f2f27a93b65e40d2
13758464	80010ad4	2be021d1ae667b74
13762560	8002f33c	cb77d7d64b1cb005
13766656	8002f34c	060410b7e017bb92
13770752	8002f344	07268cf9e89b2f70
13774848	8002f320	5822568c8b7092b8
13778944	80010ac4	1a706c4f92310171
13783040	8002f32c	20e18a7681cb58a3
13787136	80010acc	1193e8d229d8e568
13791232	80010ac4	2173c8d43560ae11
13795328	80010ac4	9f601f02e7654172
13799424	80010ac4	c51a08d85a385d51
13803520	80010ac4	8c4d126802f024d7
13807616	8002f654	2d6f835d8ab7ca18
13811712	8005ae34	09b732524a72f0ee
13815808	8005ae38	e1761dc23f972ab4
13819904	8005ae3c	5296012911c8f430
13824000	8005ae40	aca49da071ac28f3
13828096	80010b74	87812a0b7fbc8697
13832192	8005addc	945ad28803608c6b
13836288	8003d75c	5eafaf5782a32f20
13840384	8005ae1c	66b8d4d60d7e5d97
13844480	80010af8	fd5ca493f454d4bb
13848576	8005ae70	6d07c55cb16855c9
13852672	80010b44	b3b283fdb630d8a8
13856768	80010b74	029b03c5e6c4c50d
13860864	8005addc	549327b071bd356f
13864960	8002f780	f94d45a3826c2316
13869056	8002f784	36e79912460500e2
13873152	8002f7ac	35fd79bb46bd58aa
13877248	8002eca0	05ed2a0e6ae9c09c
13881344	8001f32c	02e03a356b11463d
13885440	80028ed8	437bdfaeb1c54591
13889536	8002918c	fdb9d393d1967658
13893632	8001f2dc	1b9336f34e0bdf36
13897728	80033548	344ff7a46a51bed3
13901824	80049560	f4eb398a4cd31c8b
13905920	80049570	6d894386a5b74395
13910016	80049580	28928cd3b93cfd38
13914112	80049590	731194ce92d20c29
13918208	800495a0	02122e7f3f0c3c52
13922304	80049558	1fc90e0e00701fa2
13926400	80049568	3693b377d1c23ffe
13930496	80049578	a46fd4f094c073fb
13934592	80049588	7712770963c2113b
13938688	80049578	a26a49bd7ef7baf2
13942784	80049500	f5eb31d2e0cc51d3
13946880	80049570	0385b499718f9f25
13950976	800495a8	f67c05778b53bb4b
13955072	8000f504	41ddeda39832a7d1
13959168	80037ab0	63c1ab3f96cdb01d
13963264	80037aac	52b0ac42ef8d836d
13967360	80037abc	e4ba08f74ec9db59
13971456	80037ab0	c61d4ab0ac4a635e
13975552	80037aac	9f98639def97a0a6
13979648	80037abc	6a0fad4302d4d5a6
13983744	80037ab0	7ef404099083134a
13987840	80037aac	d1d36f1670834c19
13991936	80037abc	ab8187e7eee4642c
13996032	80037ab0	5ac95656840660a1
14000128	80037aac	65c3fd3c2e80f9e8
14004224	80037abc	53e5e2291c579647
14008320	80037ab0	ee2917f1db83f893
14012416	80037aac	2405af7b454bf6b3
14016512	80037abc	d4290bf56658c497
14020608	800495a8	0cfc8246d7dcefef
14024704	80049500	8cd0444f1b39d195
14028800	80049524	1229168bd3451877
14032896	80037ac8	9c63ecfb373a1ef5
14036992	80037ab4	6b2a23864d7e1bbf
14041088	800356d8	88a2b82c821f0b28
14045184	80037ac0	dae3635f2bc7b097
14049280	80037ab4	af695f0cbb953abf
14053376	80037ac0	b8827694b1e4e0f2
14057472	80037ab4	d6323597838dbe00
14061568	80037a9c	79be593ddbd9a2ed
14065664	80037aac	a69603c8d3fdbda3
14069760	80049438	41cba704619bb6e0
14073856	8002ddc0	9bb98201054e5f00
14077952	8002dd9c	cac5ab5660ad3ce7
14082048	8002ddac	6c5d9f65b1a3090d
14086144	8002ddbc	20538e8a3a434ad8
14090240	8002dd98	084c192d166b2fcc
14094336	8002dda8	53a090c57a8aca64
14098432	8002ddb8	f01d0ea28e2e7ced
14102528	8002dcf0	314e9ce3626c7a43
14106624	8002ddc4	a4ea92e7ac50ce92
14110720	8002dda0	2aa69b13287e5429
14114816	8002ddb0	4fad8ac330fa2368
14118912	8002ddc0	d4090a5288de393b
14123008	8002dd9c	56d83c44dbbe2fa9
14127104	8002ddac	655770a0c9791561
14131200	80030a04	3ca6ff6a8b3fe6cf
14135296	8002ddb8	30be63cdece21224
14139392	8002dd94	38336cf76962bffb
14143488	8002dda4	323f6047b5253b22
14147584	8002ddb4	ce4081de30d5fec1
14151680	8002ddc4	bd285d33000e5bab
14155776	8002dda0	f65664134ab376c5
14159872	80030ae0	8a7c0b283d5bfa1c
14163968	8002ddac	1f6d476040ee211c
14168064	8002ddbc	d1e018d7e744d4b0
14172160	8002dd98	9374432babbef23c
14176256	8002dda8	4f36936f0d5409f9
14180352	8002ddb8	e4ac6d9cdf951eb7
14184448	80030ac0	df2d86cb052ad740
14188544	8002ddc4	de07b206648c5bb9
14192640	8002dda0	869a254af9c8ee15
14196736	8002ddb0	866d2676f1a02af8
14200832	8002ddc0	67194c5a3bc6614c
14204928	8002dd9c	bd315abf3d124bc1
14209024	8002dd98	9f94aa9610ce63a2
14213120	8002dda8	440f0d094598de39
14217216	8002ddb8	cb66c7f58fb9c16c
14221312	8002dd94	4e9e9efd4a03f4b5
14225408	8002dda4	90e1b9cb9ce6b962
14229504	8002dda0	753254cd652ec95e
14233600	8002ddb0	8d0f093ed9fb3335
14237696	8002ddc0	efe9db1378cc3fc7
14241792	8002dd9c	ba41aa382e266575
14245888	80030b64	d20542639b6bb857
14249984	8002ddb8	ee106cba0a9c2c86
14254080	8002ddc0	133d93378690d58f
14258176	8002ddb8	ff2213b278aa6e6a
14262272	8002ddb0	f1b0fbf595c7f018
14266368	8002ddbc	d50f94db27072b9b
14270464	8002ddb4	5a369ac2f7f159ba
14274560	8002ddac	b2ed8744e81e3b16
14278656	800308e0	88f27cdebdafba1e
14282752	8002ddb0	f523a7f362353a1e
14286848	8002dda8	708817db8d9ed0c2
14290944	8002dda0	b759f395ad4dbaf3
14295040	8002ddac	0ac7e3ea94b955d2
14299136	8002dda4	a92562781c67882b
14303232	8002dd9c	7b665b8ec6399219
14307328	8005ae9c	87d71314e91f0cb1
14311424	8002ddc0	440a1a0d269a66e5
14315520	8002dd98	f345e32a32ab7766
14319616	8002ddac	346ebba4eba203b1
14323712	8002ddbc	29d6c2f0574ffe1b
14327808	8002dd98	d643cdc2b3f0909f
14331904	8002cd60	535b3041f9ac4886
14336000	8002dda4	666333a493104902
14340096	8002ddb4	473f85e7d6928c37
14344192	8002ddc4	8e5e175f39f6598b
14348288	8002dda0	22e7f18ff3ac700a
14352384	8002ddb0	0d045b66093b33cc
14356480	8002ddc0	4ff79e0f416bf5a4
14360576	8002dd9c	66c2fd6ef5177982
14364672	8002ddac	9f5ab87fd16c49c0
14368768	8002ddbc	7a550cd39494154b
14372864	8002dd98	37615c8609b3d2b1
14376960	80030b5c	14f95669cbb838d8
14381056	80030a00	0808793203e6a210
14385152	800309dc	1587daea4f53f102
14389248	8002dda4	dcbfedc6ff99eda5
14393344	8002ddb4	37651bf99c58b83b
14397440	8002ddc4	1992fcb29a9a9be0
14401536	8002dda0	e11311e2f82bfafb
14405632	8002ddb0	735712331f39da83
14409728	8002ddc0	38f6469e70ddfa80
14413824	8002dd9c	e812e91ab348c3ba
14417920	8002ddac	8d41dacf8c88c2b7
14422016	8002ddbc	f91224d3bd9d88f3
14426112	8002dd98	bb51488732b03d69
14430208	8002dda8	a160c40d07b1c125
14434304	80030afc	5f0ad144a4e2e743
14438400	8002dda8	fc51b80524fffa59
14442496	8002ddb8	8489635195697ff7
14446592	8002dd94	316dc9a952d90f9e
14450688	8002dda4	946b894a4678281e
14454784	8002ddb4	a3913f348e0d3ecd
14458880	800308dc	2f687daec73baf8b
14462976	8002ddb4	c63e75d9817f2a4f
14467072	8002ddc4	95985160efe8d623
14471168	8002dda0	1833654d8063c00e
14475264	8002ddb0	499c489a54fd1788
14479360	8002dda0	94be9d23e85ba4cd
14483456	8002ddb0	0bed981b7602d901
14487552	8002ddc0	5d5fd59f376ef185
14491648	8002dd9c	d60c78f52b3f22fa
14495744	8002ddc0	31ba62ee9351d09e
14499840	8002dd9c	3932977ea7e577fa
14503936	8002ddac	dc22ad5b1b6fc70f
14508032	800309f4	27f3ec32d2c0557f
14512128	8002dda4	9652b1f6fdc606df
14516224	8002dd98	c5e849834583ce6b
14520320	8002ddc0	fce5f804daee0356
14524416	8002ddbc	d3ead7ef450920e8
14528512	8002ddb0	0bc2e28d1d9fc353
14532608	8002dda4	db66b3d19863e6dd
14536704	8002dda0	905edc7cc5bd83cb
14540800	8002dd94	9f7efb51db8ba99a
14544896	8002ddbc	5f51f5ebfce37ec8
14548992	80030aa0	82c6abf510eb988b
14553088	8002ddac	0f612d04f0084452
14557184	8002dda0	38c6d839d0d8f510
14561280	8002dd94	3e9cae7162b6db48
14565376	8002ddc4	8253f38d937e59b5
14569472	8002ddb8	39f65a78d2ae3593
14573568	8002ddac	5139b11a2c88c621
14577664	8002dda8	dd49402ebf7c1b1e
14581760	8002dd9c	da438aef80be462e
14585856	8002ddc4	6a998df5c998af11
14589952	80030b30	ebb256ffd1350640
14594048	8002ddb4	c5fdda198e1fb1a9
14598144	8002dda8	ab46c6099d61933a
14602240	8002ddbc	71249fbefbc6dc2e
14606336	8002ddc0	84f9407a0613e70f
14610432	8002ddc4	d4928bb44810611b
14614528	8002dd94	aa65c4806ec27000
14618624	8002dd98	7118153c2224109d
14622720	8002dd9c	47480f8b488327ee
14626816	8002dda0	3a50b0d1cd95b740
14630912	8002dda4	c9e05cee9ac523a5
14635008	8002dda8	d1e3439d1ff6b72d
14639104	8002ddac	ce63511cef182c06
14643200	8002ddb0	f89f098ab99d522d
14647296	8002ddb4	c11a00c0985231ee
14651392	8002ddb8	c53e6afa77eae7ba
14655488	800308a0	4ea7f72d605631a0
14659584	80030b08	ebb6826150cd2251
14663680	8003d670	4bf96572d295b2ae
14667776	8002dd94	b8e93d9218311313
14671872	8002dd98	1ccd151b30e0ac14
14675968	8002dd9c	874b60ef50d4750e
14680064	8002dda0	8d4e83ac439d2490	bacbab2688886079	7bed8159bb569479
14684160	8002dda4	2a76673600546235
14688256	8002dda8	914952372d5e8329
14692352	8002ddac	144e7e5d28307a39
14696448	8002ddb0	721ef904ba07f5f8
14700544	8002ddb4	f458e3843dbbc1ef
14704640	8002ddb8	0451df32f851a012
14708736	8002ddbc	c96a9bb9b282af9b
14712832	8002ddc0	9a1b99fd455c6a62
14716928	8002ddc4	4f1c44e5de25403b
14721024	8002dd94	23abc757a5b789c0
14725120	8002dd98	1572d45a4805b53d
14729216	8004957c	d19caf8b67f9cd1a
14733312	80049558	eba4682bfee5aca7
14737408	80030130	13243edf955948f7
14741504	80030364	63b60fe7e80dd51b
14745600	8002e574	531f28b162dff51a
14749696	80010ac0	c7284aaafb1208e1
14753792	8002e56c	4d2cad79051d96e4
14757888	8002fcd4	75f4e33cfd90890a
14761984	8002e554	7c5f2350908173c5
14766080	8002fd14	5e35dfcf10b3262d
14770176	8002e574	c7b84e23876ae2be
14774272	8002e568	0a4355ed376ffac0
14778368	8002e558	d9f5551554aa3033
14782464	8002e548	476954bcff899eb5
14786560	8002e540	2c8932dddaa4b6b4
14790656	8002e568	f0dc34ad57f64c00
14794752	8002e558	3312f8c4da7f5c20
14798848	8002e548	78d8c0b660b2e343
14802944	8002e570	b20b7f973c6a74fc
14807040	8002e560	07258881c663b9f3
14811136	8002e550	70148328988ef054
14815232	80030090	2d60588292085fb4
14819328	8002e570	163fb5c0bf2c22dc
14823424	8002e560	2534d93008f99a6e
14827520	8002e554	2faabb0ff6523087
14831616	8002e544	34fb225372734f8a
14835712	8002e56c	7450bea191c77f37
14839808	8002e55c	7d84ab0793687941
14843904	8002e54c	3b4509a9fb6907d7
14848000	8002e574	560cb70e9c9473c4
14852096	8002e564	55bea12a51948deb
14856192	8002e554	2d5888562a45559b
14860288	8002e544	d170f1334428d26c
14864384	8002e56c	1778cd81d9c6df6a
14868480	8002e55c	e9f986d2577b95ce
14872576	8002e54c	41bdcccc3f2fad17
14876672	8002e574	ee5a75969d8f21e7
14880768	8002e564	57fb3240bd0bbaa9
14884864	8002e554	6757efc8ba54fcba
14888960	8003d084	5820705abf51bbe5
14893056	800495a8	5d4a8b20690917c1
14897152	80030128	6cf9314f3fed183e
14901248	800300a0	499ea26ab7976e92
14905344	8002e568	fa5540db00faaee6
14909440	8003019c	e5d8b7295e26d172
14913536	80031d4c	a4a9acf439f0686c
14917632	8002ddc0	dec948067d7c3d08
14921728	80031ce8	ebafd65b35628e36
14925824	800329d4	6a1224fe033f2aa4
14929920	80031da8	1a3c7bc0ff6bc5be
14934016	80031de4	04e457dc97bf1259
14938112	8002dd98	a0ef1ecd31bfd6f8
14942208	8002dd70	941c784268a8dcf3
14946304	8002dd94	560dddaea1f2e8b3
14950400	8003272c	9292c5df7ab75aba
14954496	80031f54	e146b3c84f7cd28a
14958592	80037a48	8ff4655e32868114
14962688	80037ab8	8582b870ab1cae15
14966784	80049554	ea0c1830a6a3835b
14970880	80049564	3a57abc89f4d35ed
14974976	80049574	b76cd18d13f55619
14979072	80049584	cd350260fd3e28fc
14983168	80049594	230be170f8a492c1
14987264	800495a4	b40a28bdc4e66720
14991360	8004955c	6397df5a77e8be12
14995456	8004956c	171d0e34bd054228
14999552	8004957c	3b5ecec85ea6b974
15003648	8004958c	a9df683d46a2ae59
15007744	800495a4	25250a4c77579d43
15011840	80049584	e17828afe8f19b59
15015936	800494dc	485faa3f6a504a68
15020032	80049578	1936c287f2680e81
15024128	80049558	8d1d78d909790f0e
15028224	80038570	6281bf212288111b
15032320	800495a4	401ffbe6e6a3085c
15036416	80049584	94d4625d27222677
15040512	80049520	7f4466bdf762acc6
15044608	80049578	a22cc615e575a5b4
15048704	80049558	4ce1f15dd302969c
15052800	80049508	e799b3e3cfae10e7
15056896	800007d8	c2bb5f6640e2416a
15060992	80049598	aafcade64c294b58
15065088	800495a8	f3c7968a07ccb9a7
15069184	80049560	2ab25478a688cfe9
15073280	80049570	f9b24a44bd6309b8
15077376	80049580	4bc144157bcae5cf
15081472	80049590	c5134a1375ad9dfc
15085568	800495a0	7a380a162291b358
15089664	80049558	d41a8b1588916488
15093760	80049568	678192dff6c35de8
15097856	80049578	1c34bef1888572df
15101952	800078c8	d558719bc9e7f8f2
15106048	800078cc	aa0eed1cad9ac381
15110144	800078d0	1bce4a0ce8ed4f2b
15114240	800078d4	da850fa72d47291d
15118336	800078c4	490fae2f09b57348
15122432	800078c8	1d2948a75eb8c141
15126528	800078cc	4dd2d7c41c00a6d4
15130624	800078d0	0a57373187272ca6
15134720	800078d4	d8b537828b6a7b57
15138816	800078d8	be11c6945a0f5428
15142912	800078c4	cc174632c301a3ec
15147008	800078c8	3cdd9ad2934ec559
15151104	800078cc	84a62cb3344bcdcb
15155200	800078d0	173fcc1a011ef956
15159296	800078d4	25effae156372d72
15163392	800078c4	a7d0d49af924cb24
15167488	800078c8	436353a967dbb596
15171584	800078cc	fdf6d909fcdc77f2
15175680	800078d0	f43c86ed9c1e0f9a
15179776	800078d4	c0cf6da43fb0d67e
15183872	800078c4	dd670f3518536a7e
15187968	800078c8	4f5669cfb1aeefea
15192064	800078c8	5a3e617add588f7d
15196160	800078cc	abcc40e2ee1623c9
15200256	800078d0	61d7ad9efbf3a1ba
15204352	800078d4	61426ef27810ea9d
15208448	800078c4	bdf89563706c641f
15212544	800078c8	a36d95f5eeb20a0c
15216640	800078cc	60ddf35539fc80e8
15220736	800078d0	54f4b1e016777cee
15224832	800078d4	6c8e20841919e106
15228928	800078c4	4f01fefe61d7a8db
15233024	800078c8	3b64547c602f76b2
15237120	800078cc	441b93b37a43d86f
15241216	800078cc	38a27ec26ee2e72d
15245312	800078d0	013356c703ba22a3
15249408	800078d4	977ae355a7f18f18
15253504	800078c4	97ab7c05fff4bfee
15257600	800078c8	ec5357eefa1eb358
15261696	80049574	a45c7c1d4a43320e
15265792	80049584	94285a4ffbb98756
15269888	80049594	f7fc091aec252926
15273984	800495a4	d824d06c816edc28
15278080	8004955c	d3a9989c69075d36
15282176	8004956c	68bf9699349a674f
15286272	8004957c	e102c9a348d565cb
15290368	8004958c	b31cd119ea0b60aa
15294464	8004959c	75e210cc97de9371
15298560	80049554	8dcae28c3ac00fe1
15302656	800078d4	a41456b0ca3c7547
15306752	800078c4	110c71e537ddb05c
15310848	800078c8	567e305aa6552f3e
15314944	800078cc	595b375fa306ed29
15319040	800078d0	91f552614324443e
15323136	800078d4	0cc4da2b10115c8b
15327232	800078c4	636e56f75bef57c2
15331328	800078c4	648ac389d43c88e4
15335424	800078c8	407eec6e6d570ad3
15339520	800078cc	e403fad8d28d2573
15343616	800078d0	2a09d31fa6949396
15347712	800078d4	9780dd15f1a9d402
15351808	800078c4	b99611ec0dfd2a88
15355904	800078c8	b03c9da02e60526d
15360000	800078cc	75c2c02cffbe3b1a
15364096	800078d0	87215a629e9b7fdc
15368192	800078d4	4f7b942cd68da5e8
15372288	800078c4	2bfe8703826e8027
15376384	800078c8	b563d7da67ed06ad
15380480	800078c8	8a2485a9c655ea41
15384576	800078cc	37708c0b57d9ca43
15388672	800078d0	c3b31a3751b4e5f0
15392768	800078d4	c7270d05a89158b3
15396864	800078c4	1988b985e1805242
15400960	800078c8	0b3176f70f23896c
15405056	800078cc	ed720e4fbb4cf587
15409152	800078d0	2ea6c6fd7c4b3cfa
15413248	800078d4	705a14ada9a043c1
15417344	800078c4	513c25a7c46a12bd
15421440	800078c8	e7c16e605d239f2d
15425536	800078cc	ba5c8154502303ae
15429632	800078cc	e3f15d14b2d37971
15433728	800078d0	bed8e532db43d807
15437824	800078d4	487ef7388b43c867
15441920	800078c4	99e945dab8bdd5f2
15446016	800078c8	0703c4b06c2723c3
15450112	800078cc	7a3ead874dede1f7
15454208	800078d0	3ed907440529ce88
15458304	800078d4	818b579fecfe4a79
15462400	800495a4	8e51aa344ccd68b3
15466496	8004955c	7ec26c79e0d15673
15470592	8004956c	ea16c16c361ef5df
15474688	8004957c	0682a895573c8062
15478784	8004958c	40c8e087047ad50a
15482880	8004959c	a4cad3970755ba37
15486976	80049554	b102ba1a27c838d5
15491072	80049564	0344fd99289d720e
15495168	80049574	6d86d87df5021a40
15499264	80049584	86daacfa1b056496
15503360	80007a28	ee4b648773d783ad
15507456	80007a28	9945c735e34b6c00
15511552	800077b0	1387100261f3a4f4
15515648	800077b0	990f89b83409aed4
15519744	800077b0	4e0ed351839f6d8e
15523840	800077b0	cce6b29b1f4ad702
15527936	800077b0	4ec22efbd85f6343
15532032	800077b0	45ee22a59ad7ae61
15536128	800077b0	3676056c5079e290
15540224	800077c0	4c71b84f03ba38d7
15544320	800077c0	5a92d913b9164459
15548416	800077c0	0dbd93c77356505b
15552512	800077c0	ddd3f0f83b49b60c
15556608	800077c0	3ac7fd56b64b4132
15560704	80049564	ef666dc207bc87ff
15564800	800494fc	ac6f0ba4ae5b0b6c
15568896	80049570	1cc7bcbdea0afde9
15572992	8004957c	8948974f14eff0ee
15577088	80049500	2906c7eec8e69b09
15581184	80049588	27700979d41f5f22
15585280	80049594	f530d0f8f2de474b
15589376	80049504	172d47e0f98e2443
15593472	800495a0	e7af452e9ffa4af2
15597568	80049554	8e29afa286af742e
15601664	8004951c	34f58f3af82ba4f7
15605760	80049560	c04dbf11c821f073
15609856	8004956c	8e0bd79d61ca35af
15613952	80000720	73274cf3b473e331
15618048	8000079c	93d245523b1af236
15622144	800007a0	34f65b6f83e9b5e6
15626240	800007a4	965f40284781634e
15630336	80000794	a641495239e84d84
15634432	80000798	b6786ddc27c823c3
15638528	8000079c	6a49715035977126
15642624	800007a0	c252cd101dfd4504
15646720	800007a4	8c81d9fa93237fa6
15650816	80000794	326d3ea5f6c1517f
15654912	80000798	e48c542be4a22bae
15659008	8000079c	8759f31b4f8b4d42
15663104	800007a0	baecc5d1761e6590
15667200	800007a4	3bfb463ce49ba61a
15671296	80000794	14f34eb614821820
15675392	80000798	431679bd0046e06e
15679488	8000079c	645cae5c16d2e79d
15683584	800007a0	b85f16ab6655ddf8
15687680	800007a4	ad631e21cfcdfcbf
15691776	80000794	1784b5ddac8d3db2
15695872	800041ac	93d4000296b9bdaa
15699968	800007e0	f190f548c911f1bf
15704064	800077bc	a633de34afe87bad
15708160	800077bc	15586f25c3de7cb0
15712256	800077bc	7b2216f4df465475
15716352	800077bc	86933c456a00e503
15720448	800077bc	fdd38996e98663d5
15724544	800077bc	38f7b82829d030c3
15728640	800077bc	e8d067a50ea5477d	0639663a57cf84d1	fe5d82c0f42d45f1
