id	value
0	25
1	75
2	125
3	175
4	226
5	276
6	326
7	376
8	427
9	477
10	527
11	578
12	628
13	678
14	728
15	779
16	829
17	879
18	929
19	980
20	1030
21	1080
22	1130
23	1181
24	1231
25	1281
26	1331
27	1382
28	1432
29	1482
30	1532
31	1583
32	1633
33	1683
34	1733
35	1784
36	1834
37	1884
38	1934
39	1985
40	2035
41	2085
42	2135
43	2186
44	2236
45	2286
46	2336
47	2387
48	2437
49	2487
50	2537
51	2587
52	2638
53	2688
54	2738
55	2788
56	2839
57	2889
58	2939
59	2989
60	3039
61	3090
62	3140
63	3190
64	3240
65	3291
66	3341
67	3391
68	3441
69	3491
70	3541
71	3592
72	3642
73	3692
74	3742
75	3792
76	3843
77	3893
78	3943
79	3993
80	4043
81	4093
82	4144
83	4194
84	4244
85	4294
86	4344
87	4394
88	4445
89	4495
90	4545
91	4595
92	4645
93	4695
94	4745
95	4796
96	4846
97	4896
98	4946
99	4996
100	5046
101	5096
102	5146
103	5197
104	5247
105	5297
106	5347
107	5397
108	5447
109	5497
110	5547
111	5597
112	5647
113	5697
114	5748
115	5798
116	5848
117	5898
118	5948
119	5998
120	6048
121	6098
122	6148
123	6198
124	6248
125	6298
126	6348
127	6398
128	6448
129	6498
130	6548
131	6598
132	6648
133	6698
134	6748
135	6798
136	6848
137	6898
138	6948
139	6998
140	7048
141	7098
142	7148
143	7198
144	7248
145	7298
146	7348
147	7398
148	7448
149	7498
150	7548
151	7598
152	7648
153	7697
154	7747
155	7797
156	7847
157	7897
158	7947
159	7997
160	8047
161	8097
162	8147
163	8196
164	8246
165	8296
166	8346
167	8396
168	8446
169	8496
170	8545
171	8595
172	8645
173	8695
174	8745
175	8794
176	8844
177	8894
178	8944
179	8994
180	9043
181	9093
182	9143
183	9193
184	9243
185	9292
186	9342
187	9392
188	9442
189	9491
190	9541
191	9591
192	9640
193	9690
194	9740
195	9790
196	9839
197	9889
198	9939
199	9988
200	10038
201	10088
202	10137
203	10187
204	10237
205	10286
206	10336
207	10386
208	10435
209	10485
210	10534
211	10584
212	10634
213	10683
214	10733
215	10782
216	10832
217	10882
218	10931
219	10981
220	11030
221	11080
222	11129
223	11179
224	11228
225	11278
226	11327
227	11377
228	11426
229	11476
230	11525
231	11575
232	11624
233	11674
234	11723
235	11773
236	11822
237	11872
238	11921
239	11970
240	12020
241	12069
242	12119
243	12168
244	12218
245	12267
246	12316
247	12366
248	12415
249	12464
250	12514
251	12563
252	12612
253	12662
254	12711
255	12760
256	12810
257	12859
258	12908
259	12957
260	13007
261	13056
262	13105
263	13154
264	13204
265	13253
266	13302
267	13351
268	13401
269	13450
270	13499
271	13548
272	13597
273	13647
274	13696
275	13745
276	13794
277	13843
278	13892
279	13941
280	13990
281	14040
282	14089
283	14138
284	14187
285	14236
286	14285
287	14334
288	14383
289	14432
290	14481
291	14530
292	14579
293	14628
294	14677
295	14726
296	14775
297	14824
298	14873
299	14922
300	14971
301	15020
302	15069
303	15118
304	15167
305	15215
306	15264
307	15313
308	15362
309	15411
310	15460
311	15509
312	15557
313	15606
314	15655
315	15704
316	15753
317	15802
318	15850
319	15899
320	15948
321	15997
322	16045
323	16094
324	16143
325	16191
326	16240
327	16289
328	16338
329	16386
330	16435
331	16484
332	16532
333	16581
334	16629
335	16678
336	16727
337	16775
338	16824
339	16872
340	16921
341	16970
342	17018
343	17067
344	17115
345	17164
346	17212
347	17261
348	17309
349	17358
350	17406
351	17455
352	17503
353	17551
354	17600
355	17648
356	17697
357	17745
358	17793
359	17842
360	17890
361	17939
362	17987
363	18035
364	18084
365	18132
366	18180
367	18228
368	18277
369	18325
370	18373
371	18421
372	18470
373	18518
374	18566
375	18614
376	18663
377	18711
378	18759
379	18807
380	18855
381	18903
382	18951
383	19000
384	19048
385	19096
386	19144
387	19192
388	19240
389	19288
390	19336
391	19384
392	19432
393	19480
394	19528
395	19576
396	19624
397	19672
398	19720
399	19768
400	19816
401	19864
402	19912
403	19959
404	20007
405	20055
406	20103
407	20151
408	20199
409	20246
410	20294
411	20342
412	20390
413	20438
414	20485
415	20533
416	20581
417	20629
418	20676
419	20724
420	20772
421	20819
422	20867
423	20915
424	20962
425	21010
426	21057
427	21105
428	21153
429	21200
430	21248
431	21295
432	21343
433	21390
434	21438
435	21485
436	21533
437	21580
438	21628
439	21675
440	21723
441	21770
442	21817
443	21865
444	21912
445	21960
446	22007
447	22054
448	22102
449	22149
450	22196
451	22243
452	22291
453	22338
454	22385
455	22433
456	22480
457	22527
458	22574
459	22621
460	22668
461	22716
462	22763
463	22810
464	22857
465	22904
466	22951
467	22998
468	23045
469	23092
470	23139
471	23186
472	23233
473	23280
474	23327
475	23374
476	23421
477	23468
478	23515
479	23562
480	23609
481	23656
482	23703
483	23750
484	23796
485	23843
486	23890
487	23937
488	23984
489	24030
490	24077
491	24124
492	24171
493	24217
494	24264
495	24311
496	24357
497	24404
498	24451
499	24497
500	24544
501	24591
502	24637
503	24684
504	24730
505	24777
506	24823
507	24870
508	24916
509	24963
510	25009
511	25056
512	25102
513	25149
514	25195
515	25241
516	25288
517	25334
518	25381
519	25427
520	25473
521	25520
522	25566
523	25612
524	25658
525	25705
526	25751
527	25797
528	25843
529	25889
530	25936
531	25982
532	26028
533	26074
534	26120
535	26166
536	26212
537	26258
538	26304
539	26350
540	26396
541	26442
542	26488
543	26534
544	26580
545	26626
546	26672
547	26718
548	26764
549	26810
550	26856
551	26902
552	26947
553	26993
554	27039
555	27085
556	27131
557	27176
558	27222
559	27268
560	27313
561	27359
562	27405
563	27450
564	27496
565	27542
566	27587
567	27633
568	27678
569	27724
570	27770
571	27815
572	27861
573	27906
574	27952
575	27997
576	28042
577	28088
578	28133
579	28179
580	28224
581	28269
582	28315
583	28360
584	28405
585	28451
586	28496
587	28541
588	28586
589	28632
590	28677
591	28722
592	28767
593	28812
594	28858
595	28903
596	28948
597	28993
598	29038
599	29083
600	29128
601	29173
602	29218
603	29263
604	29308
605	29353
606	29398
607	29443
608	29488
609	29533
610	29577
611	29622
612	29667
613	29712
614	29757
615	29801
616	29846
617	29891
618	29936
619	29980
620	30025
621	30070
622	30114
623	30159
624	30204
625	30248
626	30293
627	30337
628	30382
629	30426
630	30471
631	30515
632	30560
633	30604
634	30649
635	30693
636	30738
637	30782
638	30826
639	30871
640	30915
641	30959
642	31004
643	31048
644	31092
645	31136
646	31181
647	31225
648	31269
649	31313
650	31357
651	31402
652	31446
653	31490
654	31534
655	31578
656	31622
657	31666
658	31710
659	31754
660	31798
661	31842
662	31886
663	31930
664	31974
665	32017
666	32061
667	32105
668	32149
669	32193
670	32236
671	32280
672	32324
673	32368
674	32411
675	32455
676	32499
677	32542
678	32586
679	32630
680	32673
681	32717
682	32760
683	32804
684	32847
685	32891
686	32934
687	32978
688	33021
689	33065
690	33108
691	33151
692	33195
693	33238
694	33281
695	33325
696	33368
697	33411
698	33454
699	33498
700	33541
701	33584
702	33627
703	33670
704	33713
705	33756
706	33799
707	33843
708	33886
709	33929
710	33972
711	34015
712	34057
713	34100
714	34143
715	34186
716	34229
717	34272
718	34315
719	34358
720	34400
721	34443
722	34486
723	34529
724	34571
725	34614
726	34657
727	34699
728	34742
729	34785
730	34827
731	34870
732	34912
733	34955
734	34997
735	35040
736	35082
737	35125
738	35167
739	35210
740	35252
741	35294
742	35337
743	35379
744	35421
745	35464
746	35506
747	35548
748	35590
749	35633
750	35675
751	35717
752	35759
753	35801
754	35843
755	35885
756	35927
757	35969
758	36011
759	36053
760	36095
761	36137
762	36179
763	36221
764	36263
765	36305
766	36347
767	36388
768	36430
769	36472
770	36514
771	36555
772	36597
773	36639
774	36681
775	36722
776	36764
777	36805
778	36847
779	36889
780	36930
781	36972
782	37013
783	37055
784	37096
785	37137
786	37179
787	37220
788	37262
789	37303
790	37344
791	37386
792	37427
793	37468
794	37509
795	37551
796	37592
797	37633
798	37674
799	37715
800	37756
801	37797
802	37838
803	37879
804	37920
805	37961
806	38002
807	38043
808	38084
809	38125
810	38166
811	38207
812	38248
813	38288
814	38329
815	38370
816	38411
817	38451
818	38492
819	38533
820	38573
821	38614
822	38655
823	38695
824	38736
825	38776
826	38817
827	38857
828	38898
829	38938
830	38979
831	39019
832	39059
833	39100
834	39140
835	39180
836	39221
837	39261
838	39301
839	39341
840	39382
841	39422
842	39462
843	39502
844	39542
845	39582
846	39622
847	39662
848	39702
849	39742
850	39782
851	39822
852	39862
853	39902
854	39942
855	39982
856	40021
857	40061
858	40101
859	40141
860	40180
861	40220
862	40260
863	40300
864	40339
865	40379
866	40418
867	40458
868	40497
869	40537
870	40576
871	40616
872	40655
873	40695
874	40734
875	40773
876	40813
877	40852
878	40891
879	40931
880	40970
881	41009
882	41048
883	41087
884	41127
885	41166
886	41205
887	41244
888	41283
889	41322
890	41361
891	41400
892	41439
893	41478
894	41517
895	41556
896	41595
897	41633
898	41672
899	41711
900	41750
901	41788
902	41827
903	41866
904	41904
905	41943
906	41982
907	42020
908	42059
909	42097
910	42136
911	42174
912	42213
913	42251
914	42290
915	42328
916	42366
917	42405
918	42443
919	42481
920	42520
921	42558
922	42596
923	42634
924	42672
925	42711
926	42749
927	42787
928	42825
929	42863
930	42901
931	42939
932	42977
933	43015
934	43053
935	43091
936	43128
937	43166
938	43204
939	43242
940	43280
941	43317
942	43355
943	43393
944	43430
945	43468
946	43506
947	43543
948	43581
949	43618
950	43656
951	43693
952	43731
953	43768
954	43806
955	43843
956	43880
957	43918
958	43955
959	43992
960	44029
961	44067
962	44104
963	44141
964	44178
965	44215
966	44252
967	44289
968	44326
969	44363
970	44400
971	44437
972	44474
973	44511
974	44548
975	44585
976	44622
977	44659
978	44695
979	44732
980	44769
981	44806
982	44842
983	44879
984	44915
985	44952
986	44989
987	45025
988	45062
989	45098
990	45135
991	45171
992	45207
993	45244
994	45280
995	45316
996	45353
997	45389
998	45425
999	45462
1000	45498
1001	45534
1002	45570
1003	45606
1004	45642
1005	45678
1006	45714
1007	45750
1008	45786
1009	45822
1010	45858
1011	45894
1012	45930
1013	45966
1014	46002
1015	46037
1016	46073
1017	46109
1018	46145
1019	46180
1020	46216
1021	46252
1022	46287
1023	46323
1024	46358
1025	46394
1026	46429
1027	46465
1028	46500
1029	46536
1030	46571
1031	46606
1032	46642
1033	46677
1034	46712
1035	46747
1036	46783
1037	46818
1038	46853
1039	46888
1040	46923
1041	46958
1042	46993
1043	47028
1044	47063
1045	47098
1046	47133
1047	47168
1048	47203
1049	47238
1050	47273
1051	47308
1052	47342
1053	47377
1054	47412
1055	47446
1056	47481
1057	47516
1058	47550
1059	47585
1060	47619
1061	47654
1062	47688
1063	47723
1064	47757
1065	47792
1066	47826
1067	47860
1068	47895
1069	47929
1070	47963
1071	47998
1072	48032
1073	48066
1074	48100
1075	48134
1076	48168
1077	48202
1078	48237
1079	48271
1080	48305
1081	48338
1082	48372
1083	48406
1084	48440
1085	48474
1086	48508
1087	48542
1088	48575
1089	48609
1090	48643
1091	48676
1092	48710
1093	48744
1094	48777
1095	48811
1096	48844
1097	48878
1098	48911
1099	48945
1100	48978
1101	49012
1102	49045
1103	49078
1104	49112
1105	49145
1106	49178
1107	49211
1108	49244
1109	49278
1110	49311
1111	49344
1112	49377
1113	49410
1114	49443
1115	49476
1116	49509
1117	49542
1118	49575
1119	49608
1120	49640
1121	49673
1122	49706
1123	49739
1124	49771
1125	49804
1126	49837
1127	49869
1128	49902
1129	49935
1130	49967
1131	50000
1132	50032
1133	50065
1134	50097
1135	50129
1136	50162
1137	50194
1138	50226
1139	50259
1140	50291
1141	50323
1142	50355
1143	50387
1144	50420
1145	50452
1146	50484
1147	50516
1148	50548
1149	50580
1150	50612
1151	50644
1152	50675
1153	50707
1154	50739
1155	50771
1156	50803
1157	50834
1158	50866
1159	50898
1160	50929
1161	50961
1162	50993
1163	51024
1164	51056
1165	51087
1166	51119
1167	51150
1168	51182
1169	51213
1170	51244
1171	51276
1172	51307
1173	51338
1174	51369
1175	51401
1176	51432
1177	51463
1178	51494
1179	51525
1180	51556
1181	51587
1182	51618
1183	51649
1184	51680
1185	51711
1186	51742
1187	51773
1188	51803
1189	51834
1190	51865
1191	51896
1192	51926
1193	51957
1194	51988
1195	52018
1196	52049
1197	52079
1198	52110
1199	52140
1200	52171
1201	52201
1202	52231
1203	52262
1204	52292
1205	52322
1206	52353
1207	52383
1208	52413
1209	52443
1210	52473
1211	52503
1212	52534
1213	52564
1214	52594
1215	52624
1216	52653
1217	52683
1218	52713
1219	52743
1220	52773
1221	52803
1222	52832
1223	52862
1224	52892
1225	52922
1226	52951
1227	52981
1228	53010
1229	53040
1230	53069
1231	53099
1232	53128
1233	53158
1234	53187
1235	53216
1236	53246
1237	53275
1238	53304
1239	53334
1240	53363
1241	53392
1242	53421
1243	53450
1244	53479
1245	53508
1246	53537
1247	53566
1248	53595
1249	53624
1250	53653
1251	53682
1252	53711
1253	53739
1254	53768
1255	53797
1256	53826
1257	53854
1258	53883
1259	53911
1260	53940
1261	53969
1262	53997
1263	54026
1264	54054
1265	54082
1266	54111
1267	54139
1268	54167
1269	54196
1270	54224
1271	54252
1272	54280
1273	54308
1274	54337
1275	54365
1276	54393
1277	54421
1278	54449
1279	54477
1280	54505
1281	54533
1282	54560
1283	54588
1284	54616
1285	54644
1286	54672
1287	54699
1288	54727
1289	54755
1290	54782
1291	54810
1292	54837
1293	54865
1294	54892
1295	54920
1296	54947
1297	54974
1298	55002
1299	55029
1300	55056
1301	55084
1302	55111
1303	55138
1304	55165
1305	55192
1306	55219
1307	55246
1308	55274
1309	55300
1310	55327
1311	55354
1312	55381
1313	55408
1314	55435
1315	55462
1316	55489
1317	55515
1318	55542
1319	55569
1320	55595
1321	55622
1322	55648
1323	55675
1324	55701
1325	55728
1326	55754
1327	55781
1328	55807
1329	55833
1330	55860
1331	55886
1332	55912
1333	55938
1334	55965
1335	55991
1336	56017
1337	56043
1338	56069
1339	56095
1340	56121
1341	56147
1342	56173
1343	56199
1344	56225
1345	56250
1346	56276
1347	56302
1348	56328
1349	56353
1350	56379
1351	56404
1352	56430
1353	56456
1354	56481
1355	56507
1356	56532
1357	56557
1358	56583
1359	56608
1360	56633
1361	56659
1362	56684
1363	56709
1364	56734
1365	56760
1366	56785
1367	56810
1368	56835
1369	56860
1370	56885
1371	56910
1372	56935
1373	56959
1374	56984
1375	57009
1376	57034
1377	57059
1378	57083
1379	57108
1380	57133
1381	57157
1382	57182
1383	57206
1384	57231
1385	57255
1386	57280
1387	57304
1388	57329
1389	57353
1390	57377
1391	57402
1392	57426
1393	57450
1394	57474
1395	57498
1396	57522
1397	57546
1398	57570
1399	57594
1400	57618
1401	57642
1402	57666
1403	57690
1404	57714
1405	57738
1406	57762
1407	57785
1408	57809
1409	57833
1410	57856
1411	57880
1412	57903
1413	57927
1414	57950
1415	57974
1416	57997
1417	58021
1418	58044
1419	58067
1420	58091
1421	58114
1422	58137
1423	58160
1424	58183
1425	58207
1426	58230
1427	58253
1428	58276
1429	58299
1430	58322
1431	58345
1432	58367
1433	58390
1434	58413
1435	58436
1436	58459
1437	58481
1438	58504
1439	58527
1440	58549
1441	58572
1442	58594
1443	58617
1444	58639
1445	58662
1446	58684
1447	58706
1448	58729
1449	58751
1450	58773
1451	58795
1452	58818
1453	58840
1454	58862
1455	58884
1456	58906
1457	58928
1458	58950
1459	58972
1460	58994
1461	59016
1462	59038
1463	59059
1464	59081
1465	59103
1466	59125
1467	59146
1468	59168
1469	59190
1470	59211
1471	59233
1472	59254
1473	59276
1474	59297
1475	59318
1476	59340
1477	59361
1478	59382
1479	59404
1480	59425
1481	59446
1482	59467
1483	59488
1484	59509
1485	59530
1486	59551
1487	59572
1488	59593
1489	59614
1490	59635
1491	59656
1492	59677
1493	59697
1494	59718
1495	59739
1496	59759
1497	59780
1498	59801
1499	59821
1500	59842
1501	59862
1502	59883
1503	59903
1504	59923
1505	59944
1506	59964
1507	59984
1508	60004
1509	60025
1510	60045
1511	60065
1512	60085
1513	60105
1514	60125
1515	60145
1516	60165
1517	60185
1518	60205
1519	60225
1520	60244
1521	60264
1522	60284
1523	60304
1524	60323
1525	60343
1526	60363
1527	60382
1528	60402
1529	60421
1530	60441
1531	60460
1532	60479
1533	60499
1534	60518
1535	60537
1536	60556
1537	60576
1538	60595
1539	60614
1540	60633
1541	60652
1542	60671
1543	60690
1544	60709
1545	60728
1546	60747
1547	60766
1548	60785
1549	60803
1550	60822
1551	60841
1552	60859
1553	60878
1554	60897
1555	60915
1556	60934
1557	60952
1558	60971
1559	60989
1560	61007
1561	61026
1562	61044
1563	61062
1564	61081
1565	61099
1566	61117
1567	61135
1568	61153
1569	61171
1570	61189
1571	61207
1572	61225
1573	61243
1574	61261
1575	61279
1576	61297
1577	61314
1578	61332
1579	61350
1580	61367
1581	61385
1582	61403
1583	61420
1584	61438
1585	61455
1586	61473
1587	61490
1588	61507
1589	61525
1590	61542
1591	61559
1592	61577
1593	61594
1594	61611
1595	61628
1596	61645
1597	61662
1598	61679
1599	61696
1600	61713
1601	61730
1602	61747
1603	61764
1604	61780
1605	61797
1606	61814
1607	61831
1608	61847
1609	61864
1610	61880
1611	61897
1612	61913
1613	61930
1614	61946
1615	61963
1616	61979
1617	61995
1618	62012
1619	62028
1620	62044
1621	62060
1622	62076
1623	62092
1624	62108
1625	62125
1626	62141
1627	62156
1628	62172
1629	62188
1630	62204
1631	62220
1632	62236
1633	62251
1634	62267
1635	62283
1636	62298
1637	62314
1638	62329
1639	62345
1640	62360
1641	62376
1642	62391
1643	62407
1644	62422
1645	62437
1646	62453
1647	62468
1648	62483
1649	62498
1650	62513
1651	62528
1652	62543
1653	62558
1654	62573
1655	62588
1656	62603
1657	62618
1658	62633
1659	62648
1660	62662
1661	62677
1662	62692
1663	62706
1664	62721
1665	62735
1666	62750
1667	62764
1668	62779
1669	62793
1670	62808
1671	62822
1672	62836
1673	62850
1674	62865
1675	62879
1676	62893
1677	62907
1678	62921
1679	62935
1680	62949
1681	62963
1682	62977
1683	62991
1684	63005
1685	63019
1686	63032
1687	63046
1688	63060
1689	63074
1690	63087
1691	63101
1692	63114
1693	63128
1694	63141
1695	63155
1696	63168
1697	63182
1698	63195
1699	63208
1700	63221
1701	63235
1702	63248
1703	63261
1704	63274
1705	63287
1706	63300
1707	63313
1708	63326
1709	63339
1710	63352
1711	63365
1712	63378
1713	63390
1714	63403
1715	63416
1716	63429
1717	63441
1718	63454
1719	63466
1720	63479
1721	63491
1722	63504
1723	63516
1724	63528
1725	63541
1726	63553
1727	63565
1728	63578
1729	63590
1730	63602
1731	63614
1732	63626
1733	63638
1734	63650
1735	63662
1736	63674
1737	63686
1738	63698
1739	63709
1740	63721
1741	63733
1742	63745
1743	63756
1744	63768
1745	63779
1746	63791
1747	63803
1748	63814
1749	63825
1750	63837
1751	63848
1752	63859
1753	63871
1754	63882
1755	63893
1756	63904
1757	63915
1758	63927
1759	63938
1760	63949
1761	63960
1762	63971
1763	63981
1764	63992
1765	64003
1766	64014
1767	64025
1768	64035
1769	64046
1770	64057
1771	64067
1772	64078
1773	64088
1774	64099
1775	64109
1776	64120
1777	64130
1778	64140
1779	64151
1780	64161
1781	64171
1782	64181
1783	64192
1784	64202
1785	64212
1786	64222
1787	64232
1788	64242
1789	64252
1790	64261
1791	64271
1792	64281
1793	64291
1794	64301
1795	64310
1796	64320
1797	64330
1798	64339
1799	64349
1800	64358
1801	64368
1802	64377
1803	64387
1804	64396
1805	64405
1806	64414
1807	64424
1808	64433
1809	64442
1810	64451
1811	64460
1812	64469
1813	64478
1814	64487
1815	64496
1816	64505
1817	64514
1818	64523
1819	64532
1820	64540
1821	64549
1822	64558
1823	64566
1824	64575
1825	64584
1826	64592
1827	64601
1828	64609
1829	64617
1830	64626
1831	64634
1832	64642
1833	64651
1834	64659
1835	64667
1836	64675
1837	64683
1838	64691
1839	64699
1840	64707
1841	64715
1842	64723
1843	64731
1844	64739
1845	64747
1846	64754
1847	64762
1848	64770
1849	64777
1850	64785
1851	64793
1852	64800
1853	64808
1854	64815
1855	64822
1856	64830
1857	64837
1858	64844
1859	64852
1860	64859
1861	64866
1862	64873
1863	64880
1864	64887
1865	64895
1866	64902
1867	64908
1868	64915
1869	64922
1870	64929
1871	64936
1872	64943
1873	64949
1874	64956
1875	64963
1876	64969
1877	64976
1878	64982
1879	64989
1880	64995
1881	65002
1882	65008
1883	65015
1884	65021
1885	65027
1886	65033
1887	65040
1888	65046
1889	65052
1890	65058
1891	65064
1892	65070
1893	65076
1894	65082
1895	65088
1896	65094
1897	65099
1898	65105
1899	65111
1900	65117
1901	65122
1902	65128
1903	65133
1904	65139
1905	65144
1906	65150
1907	65155
1908	65161
1909	65166
1910	65171
1911	65177
1912	65182
1913	65187
1914	65192
1915	65197
1916	65202
1917	65207
1918	65212
1919	65217
1920	65222
1921	65227
1922	65232
1923	65237
1924	65242
1925	65246
1926	65251
1927	65256
1928	65260
1929	65265
1930	65270
1931	65274
1932	65279
1933	65283
1934	65287
1935	65292
1936	65296
1937	65300
1938	65305
1939	65309
1940	65313
1941	65317
1942	65321
1943	65325
1944	65329
1945	65333
1946	65337
1947	65341
1948	65345
1949	65349
1950	65352
1951	65356
1952	65360
1953	65363
1954	65367
1955	65371
1956	65374
1957	65378
1958	65381
1959	65385
1960	65388
1961	65391
1962	65395
1963	65398
1964	65401
1965	65404
1966	65408
1967	65411
1968	65414
1969	65417
1970	65420
1971	65423
1972	65426
1973	65429
1974	65431
1975	65434
1976	65437
1977	65440
1978	65442
1979	65445
1980	65448
1981	65450
1982	65453
1983	65455
1984	65458
1985	65460
1986	65463
1987	65465
1988	65467
1989	65470
1990	65472
1991	65474
1992	65476
1993	65478
1994	65480
1995	65482
1996	65484
1997	65486
1998	65488
1999	65490
2000	65492
2001	65494
2002	65496
2003	65497
2004	65499
2005	65501
2006	65502
2007	65504
2008	65505
2009	65507
2010	65508
2011	65510
2012	65511
2013	65513
2014	65514
2015	65515
2016	65516
2017	65518
2018	65519
2019	65520
2020	65521
2021	65522
2022	65523
2023	65524
2024	65525
2025	65526
2026	65527
2027	65527
2028	65528
2029	65529
2030	65530
2031	65530
2032	65531
2033	65531
2034	65532
2035	65532
2036	65533
2037	65533
2038	65534
2039	65534
2040	65534
2041	65535
2042	65535
2043	65535
2044	65535
2045	65535
2046	65535
2047	65535
2048	65535
2049	65535
2050	65535
2051	65535
2052	65535
2053	65535
2054	65535
2055	65534
2056	65534
2057	65534
2058	65533
2059	65533
2060	65532
2061	65532
2062	65531
2063	65531
2064	65530
2065	65530
2066	65529
2067	65528
2068	65527
2069	65527
2070	65526
2071	65525
2072	65524
2073	65523
2074	65522
2075	65521
2076	65520
2077	65519
2078	65518
2079	65516
2080	65515
2081	65514
2082	65513
2083	65511
2084	65510
2085	65508
2086	65507
2087	65505
2088	65504
2089	65502
2090	65501
2091	65499
2092	65497
2093	65496
2094	65494
2095	65492
2096	65490
2097	65488
2098	65486
2099	65484
2100	65482
2101	65480
2102	65478
2103	65476
2104	65474
2105	65472
2106	65470
2107	65467
2108	65465
2109	65463
2110	65460
2111	65458
2112	65455
2113	65453
2114	65450
2115	65448
2116	65445
2117	65442
2118	65440
2119	65437
2120	65434
2121	65431
2122	65429
2123	65426
2124	65423
2125	65420
2126	65417
2127	65414
2128	65411
2129	65408
2130	65404
2131	65401
2132	65398
2133	65395
2134	65391
2135	65388
2136	65385
2137	65381
2138	65378
2139	65374
2140	65371
2141	65367
2142	65363
2143	65360
2144	65356
2145	65352
2146	65349
2147	65345
2148	65341
2149	65337
2150	65333
2151	65329
2152	65325
2153	65321
2154	65317
2155	65313
2156	65309
2157	65305
2158	65300
2159	65296
2160	65292
2161	65287
2162	65283
2163	65279
2164	65274
2165	65270
2166	65265
2167	65260
2168	65256
2169	65251
2170	65246
2171	65242
2172	65237
2173	65232
2174	65227
2175	65222
2176	65217
2177	65212
2178	65207
2179	65202
2180	65197
2181	65192
2182	65187
2183	65182
2184	65177
2185	65171
2186	65166
2187	65161
2188	65155
2189	65150
2190	65144
2191	65139
2192	65133
2193	65128
2194	65122
2195	65117
2196	65111
2197	65105
2198	65099
2199	65094
2200	65088
2201	65082
2202	65076
2203	65070
2204	65064
2205	65058
2206	65052
2207	65046
2208	65040
2209	65033
2210	65027
2211	65021
2212	65015
2213	65008
2214	65002
2215	64995
2216	64989
2217	64982
2218	64976
2219	64969
2220	64963
2221	64956
2222	64949
2223	64943
2224	64936
2225	64929
2226	64922
2227	64915
2228	64908
2229	64902
2230	64895
2231	64887
2232	64880
2233	64873
2234	64866
2235	64859
2236	64852
2237	64844
2238	64837
2239	64830
2240	64822
2241	64815
2242	64808
2243	64800
2244	64793
2245	64785
2246	64777
2247	64770
2248	64762
2249	64754
2250	64747
2251	64739
2252	64731
2253	64723
2254	64715
2255	64707
2256	64699
2257	64691
2258	64683
2259	64675
2260	64667
2261	64659
2262	64651
2263	64642
2264	64634
2265	64626
2266	64617
2267	64609
2268	64600
2269	64592
2270	64584
2271	64575
2272	64566
2273	64558
2274	64549
2275	64540
2276	64532
2277	64523
2278	64514
2279	64505
2280	64496
2281	64487
2282	64478
2283	64469
2284	64460
2285	64451
2286	64442
2287	64433
2288	64424
2289	64414
2290	64405
2291	64396
2292	64387
2293	64377
2294	64368
2295	64358
2296	64349
2297	64339
2298	64330
2299	64320
2300	64310
2301	64301
2302	64291
2303	64281
2304	64271
2305	64261
2306	64252
2307	64242
2308	64232
2309	64222
2310	64212
2311	64202
2312	64192
2313	64181
2314	64171
2315	64161
2316	64151
2317	64140
2318	64130
2319	64120
2320	64109
2321	64099
2322	64088
2323	64078
2324	64067
2325	64057
2326	64046
2327	64035
2328	64025
2329	64014
2330	64003
2331	63992
2332	63981
2333	63971
2334	63960
2335	63949
2336	63938
2337	63927
2338	63915
2339	63904
2340	63893
2341	63882
2342	63871
2343	63859
2344	63848
2345	63837
2346	63825
2347	63814
2348	63803
2349	63791
2350	63779
2351	63768
2352	63756
2353	63745
2354	63733
2355	63721
2356	63709
2357	63698
2358	63686
2359	63674
2360	63662
2361	63650
2362	63638
2363	63626
2364	63614
2365	63602
2366	63590
2367	63578
2368	63565
2369	63553
2370	63541
2371	63528
2372	63516
2373	63504
2374	63491
2375	63479
2376	63466
2377	63454
2378	63441
2379	63429
2380	63416
2381	63403
2382	63390
2383	63378
2384	63365
2385	63352
2386	63339
2387	63326
2388	63313
2389	63300
2390	63287
2391	63274
2392	63261
2393	63248
2394	63235
2395	63221
2396	63208
2397	63195
2398	63182
2399	63168
2400	63155
2401	63141
2402	63128
2403	63114
2404	63101
2405	63087
2406	63074
2407	63060
2408	63046
2409	63032
2410	63019
2411	63005
2412	62991
2413	62977
2414	62963
2415	62949
2416	62935
2417	62921
2418	62907
2419	62893
2420	62879
2421	62865
2422	62850
2423	62836
2424	62822
2425	62808
2426	62793
2427	62779
2428	62764
2429	62750
2430	62735
2431	62721
2432	62706
2433	62692
2434	62677
2435	62662
2436	62648
2437	62633
2438	62618
2439	62603
2440	62588
2441	62573
2442	62558
2443	62543
2444	62528
2445	62513
2446	62498
2447	62483
2448	62468
2449	62453
2450	62437
2451	62422
2452	62407
2453	62391
2454	62376
2455	62360
2456	62345
2457	62329
2458	62314
2459	62298
2460	62283
2461	62267
2462	62251
2463	62236
2464	62220
2465	62204
2466	62188
2467	62172
2468	62156
2469	62141
2470	62125
2471	62108
2472	62092
2473	62076
2474	62060
2475	62044
2476	62028
2477	62012
2478	61995
2479	61979
2480	61963
2481	61946
2482	61930
2483	61913
2484	61897
2485	61880
2486	61864
2487	61847
2488	61831
2489	61814
2490	61797
2491	61780
2492	61764
2493	61747
2494	61730
2495	61713
2496	61696
2497	61679
2498	61662
2499	61645
2500	61628
2501	61611
2502	61594
2503	61577
2504	61559
2505	61542
2506	61525
2507	61507
2508	61490
2509	61473
2510	61455
2511	61438
2512	61420
2513	61403
2514	61385
2515	61367
2516	61350
2517	61332
2518	61314
2519	61297
2520	61279
2521	61261
2522	61243
2523	61225
2524	61207
2525	61189
2526	61171
2527	61153
2528	61135
2529	61117
2530	61099
2531	61081
2532	61062
2533	61044
2534	61026
2535	61007
2536	60989
2537	60971
2538	60952
2539	60934
2540	60915
2541	60897
2542	60878
2543	60859
2544	60841
2545	60822
2546	60803
2547	60785
2548	60766
2549	60747
2550	60728
2551	60709
2552	60690
2553	60671
2554	60652
2555	60633
2556	60614
2557	60595
2558	60576
2559	60556
2560	60537
2561	60518
2562	60499
2563	60479
2564	60460
2565	60441
2566	60421
2567	60402
2568	60382
2569	60363
2570	60343
2571	60323
2572	60304
2573	60284
2574	60264
2575	60244
2576	60225
2577	60205
2578	60185
2579	60165
2580	60145
2581	60125
2582	60105
2583	60085
2584	60065
2585	60045
2586	60025
2587	60004
2588	59984
2589	59964
2590	59944
2591	59923
2592	59903
2593	59883
2594	59862
2595	59842
2596	59821
2597	59801
2598	59780
2599	59759
2600	59739
2601	59718
2602	59697
2603	59677
2604	59656
2605	59635
2606	59614
2607	59593
2608	59572
2609	59551
2610	59530
2611	59509
2612	59488
2613	59467
2614	59446
2615	59425
2616	59404
2617	59382
2618	59361
2619	59340
2620	59318
2621	59297
2622	59276
2623	59254
2624	59233
2625	59211
2626	59190
2627	59168
2628	59146
2629	59125
2630	59103
2631	59081
2632	59059
2633	59038
2634	59016
2635	58994
2636	58972
2637	58950
2638	58928
2639	58906
2640	58884
2641	58862
2642	58840
2643	58818
2644	58795
2645	58773
2646	58751
2647	58729
2648	58706
2649	58684
2650	58662
2651	58639
2652	58617
2653	58594
2654	58572
2655	58549
2656	58527
2657	58504
2658	58481
2659	58459
2660	58436
2661	58413
2662	58390
2663	58367
2664	58345
2665	58322
2666	58299
2667	58276
2668	58253
2669	58230
2670	58207
2671	58183
2672	58160
2673	58137
2674	58114
2675	58091
2676	58067
2677	58044
2678	58021
2679	57997
2680	57974
2681	57950
2682	57927
2683	57903
2684	57880
2685	57856
2686	57833
2687	57809
2688	57785
2689	57762
2690	57738
2691	57714
2692	57690
2693	57666
2694	57642
2695	57618
2696	57594
2697	57570
2698	57546
2699	57522
2700	57498
2701	57474
2702	57450
2703	57426
2704	57402
2705	57377
2706	57353
2707	57329
2708	57304
2709	57280
2710	57255
2711	57231
2712	57206
2713	57182
2714	57157
2715	57133
2716	57108
2717	57083
2718	57059
2719	57034
2720	57009
2721	56984
2722	56959
2723	56935
2724	56910
2725	56885
2726	56860
2727	56835
2728	56810
2729	56785
2730	56760
2731	56734
2732	56709
2733	56684
2734	56659
2735	56633
2736	56608
2737	56583
2738	56557
2739	56532
2740	56507
2741	56481
2742	56456
2743	56430
2744	56404
2745	56379
2746	56353
2747	56328
2748	56302
2749	56276
2750	56250
2751	56225
2752	56199
2753	56173
2754	56147
2755	56121
2756	56095
2757	56069
2758	56043
2759	56017
2760	55991
2761	55965
2762	55938
2763	55912
2764	55886
2765	55860
2766	55833
2767	55807
2768	55781
2769	55754
2770	55728
2771	55701
2772	55675
2773	55648
2774	55622
2775	55595
2776	55569
2777	55542
2778	55515
2779	55489
2780	55462
2781	55435
2782	55408
2783	55381
2784	55354
2785	55327
2786	55300
2787	55274
2788	55246
2789	55219
2790	55192
2791	55165
2792	55138
2793	55111
2794	55084
2795	55056
2796	55029
2797	55002
2798	54974
2799	54947
2800	54920
2801	54892
2802	54865
2803	54837
2804	54810
2805	54782
2806	54755
2807	54727
2808	54699
2809	54672
2810	54644
2811	54616
2812	54588
2813	54560
2814	54533
2815	54505
2816	54477
2817	54449
2818	54421
2819	54393
2820	54365
2821	54337
2822	54308
2823	54280
2824	54252
2825	54224
2826	54196
2827	54167
2828	54139
2829	54111
2830	54082
2831	54054
2832	54026
2833	53997
2834	53969
2835	53940
2836	53911
2837	53883
2838	53854
2839	53826
2840	53797
2841	53768
2842	53739
2843	53711
2844	53682
2845	53653
2846	53624
2847	53595
2848	53566
2849	53537
2850	53508
2851	53479
2852	53450
2853	53421
2854	53392
2855	53363
2856	53334
2857	53304
2858	53275
2859	53246
2860	53216
2861	53187
2862	53158
2863	53128
2864	53099
2865	53069
2866	53040
2867	53010
2868	52981
2869	52951
2870	52922
2871	52892
2872	52862
2873	52832
2874	52803
2875	52773
2876	52743
2877	52713
2878	52683
2879	52653
2880	52624
2881	52594
2882	52564
2883	52534
2884	52503
2885	52473
2886	52443
2887	52413
2888	52383
2889	52353
2890	52322
2891	52292
2892	52262
2893	52231
2894	52201
2895	52171
2896	52140
2897	52110
2898	52079
2899	52049
2900	52018
2901	51988
2902	51957
2903	51926
2904	51896
2905	51865
2906	51834
2907	51803
2908	51773
2909	51742
2910	51711
2911	51680
2912	51649
2913	51618
2914	51587
2915	51556
2916	51525
2917	51494
2918	51463
2919	51432
2920	51401
2921	51369
2922	51338
2923	51307
2924	51276
2925	51244
2926	51213
2927	51182
2928	51150
2929	51119
2930	51087
2931	51056
2932	51024
2933	50993
2934	50961
2935	50929
2936	50898
2937	50866
2938	50834
2939	50803
2940	50771
2941	50739
2942	50707
2943	50675
2944	50644
2945	50612
2946	50580
2947	50548
2948	50516
2949	50484
2950	50452
2951	50420
2952	50387
2953	50355
2954	50323
2955	50291
2956	50259
2957	50226
2958	50194
2959	50162
2960	50129
2961	50097
2962	50065
2963	50032
2964	50000
2965	49967
2966	49935
2967	49902
2968	49869
2969	49837
2970	49804
2971	49771
2972	49739
2973	49706
2974	49673
2975	49640
2976	49608
2977	49575
2978	49542
2979	49509
2980	49476
2981	49443
2982	49410
2983	49377
2984	49344
2985	49311
2986	49278
2987	49244
2988	49211
2989	49178
2990	49145
2991	49112
2992	49078
2993	49045
2994	49012
2995	48978
2996	48945
2997	48911
2998	48878
2999	48844
3000	48811
3001	48777
3002	48744
3003	48710
3004	48676
3005	48643
3006	48609
3007	48575
3008	48542
3009	48508
3010	48474
3011	48440
3012	48406
3013	48372
3014	48338
3015	48304
3016	48271
3017	48237
3018	48202
3019	48168
3020	48134
3021	48100
3022	48066
3023	48032
3024	47998
3025	47963
3026	47929
3027	47895
3028	47860
3029	47826
3030	47792
3031	47757
3032	47723
3033	47688
3034	47654
3035	47619
3036	47585
3037	47550
3038	47516
3039	47481
3040	47446
3041	47412
3042	47377
3043	47342
3044	47308
3045	47273
3046	47238
3047	47203
3048	47168
3049	47133
3050	47098
3051	47063
3052	47028
3053	46993
3054	46958
3055	46923
3056	46888
3057	46853
3058	46818
3059	46783
3060	46747
3061	46712
3062	46677
3063	46642
3064	46606
3065	46571
3066	46536
3067	46500
3068	46465
3069	46429
3070	46394
3071	46358
3072	46323
3073	46287
3074	46252
3075	46216
3076	46180
3077	46145
3078	46109
3079	46073
3080	46037
3081	46002
3082	45966
3083	45930
3084	45894
3085	45858
3086	45822
3087	45786
3088	45750
3089	45714
3090	45678
3091	45642
3092	45606
3093	45570
3094	45534
3095	45498
3096	45462
3097	45425
3098	45389
3099	45353
3100	45316
3101	45280
3102	45244
3103	45207
3104	45171
3105	45135
3106	45098
3107	45062
3108	45025
3109	44989
3110	44952
3111	44915
3112	44879
3113	44842
3114	44806
3115	44769
3116	44732
3117	44695
3118	44659
3119	44622
3120	44585
3121	44548
3122	44511
3123	44474
3124	44437
3125	44400
3126	44363
3127	44326
3128	44289
3129	44252
3130	44215
3131	44178
3132	44141
3133	44104
3134	44067
3135	44029
3136	43992
3137	43955
3138	43918
3139	43880
3140	43843
3141	43806
3142	43768
3143	43731
3144	43693
3145	43656
3146	43618
3147	43581
3148	43543
3149	43506
3150	43468
3151	43430
3152	43393
3153	43355
3154	43317
3155	43280
3156	43242
3157	43204
3158	43166
3159	43128
3160	43091
3161	43053
3162	43015
3163	42977
3164	42939
3165	42901
3166	42863
3167	42825
3168	42787
3169	42749
3170	42711
3171	42672
3172	42634
3173	42596
3174	42558
3175	42520
3176	42481
3177	42443
3178	42405
3179	42366
3180	42328
3181	42290
3182	42251
3183	42213
3184	42174
3185	42136
3186	42097
3187	42059
3188	42020
3189	41982
3190	41943
3191	41904
3192	41866
3193	41827
3194	41788
3195	41750
3196	41711
3197	41672
3198	41633
3199	41595
3200	41556
3201	41517
3202	41478
3203	41439
3204	41400
3205	41361
3206	41322
3207	41283
3208	41244
3209	41205
3210	41166
3211	41127
3212	41088
3213	41048
3214	41009
3215	40970
3216	40931
3217	40891
3218	40852
3219	40813
3220	40773
3221	40734
3222	40695
3223	40655
3224	40616
3225	40576
3226	40537
3227	40497
3228	40458
3229	40418
3230	40379
3231	40339
3232	40300
3233	40260
3234	40220
3235	40180
3236	40141
3237	40101
3238	40061
3239	40021
3240	39982
3241	39942
3242	39902
3243	39862
3244	39822
3245	39782
3246	39742
3247	39702
3248	39662
3249	39622
3250	39582
3251	39542
3252	39502
3253	39462
3254	39422
3255	39382
3256	39341
3257	39301
3258	39261
3259	39221
3260	39180
3261	39140
3262	39100
3263	39059
3264	39019
3265	38979
3266	38938
3267	38898
3268	38857
3269	38817
3270	38776
3271	38736
3272	38695
3273	38655
3274	38614
3275	38573
3276	38533
3277	38492
3278	38451
3279	38411
3280	38370
3281	38329
3282	38288
3283	38248
3284	38207
3285	38166
3286	38125
3287	38084
3288	38043
3289	38002
3290	37961
3291	37920
3292	37879
3293	37838
3294	37797
3295	37756
3296	37715
3297	37674
3298	37633
3299	37592
3300	37551
3301	37509
3302	37468
3303	37427
3304	37386
3305	37344
3306	37303
3307	37262
3308	37220
3309	37179
3310	37137
3311	37096
3312	37055
3313	37013
3314	36972
3315	36930
3316	36889
3317	36847
3318	36805
3319	36764
3320	36722
3321	36681
3322	36639
3323	36597
3324	36556
3325	36514
3326	36472
3327	36430
3328	36388
3329	36347
3330	36305
3331	36263
3332	36221
3333	36179
3334	36137
3335	36095
3336	36053
3337	36011
3338	35969
3339	35927
3340	35885
3341	35843
3342	35801
3343	35759
3344	35717
3345	35675
3346	35633
3347	35590
3348	35548
3349	35506
3350	35464
3351	35421
3352	35379
3353	35337
3354	35294
3355	35252
3356	35210
3357	35167
3358	35125
3359	35082
3360	35040
3361	34997
3362	34955
3363	34912
3364	34870
3365	34827
3366	34785
3367	34742
3368	34699
3369	34657
3370	34614
3371	34571
3372	34529
3373	34486
3374	34443
3375	34400
3376	34358
3377	34315
3378	34272
3379	34229
3380	34186
3381	34143
3382	34100
3383	34057
3384	34015
3385	33972
3386	33929
3387	33886
3388	33843
3389	33799
3390	33756
3391	33713
3392	33670
3393	33627
3394	33584
3395	33541
3396	33498
3397	33454
3398	33411
3399	33368
3400	33325
3401	33281
3402	33238
3403	33195
3404	33151
3405	33108
3406	33065
3407	33021
3408	32978
3409	32934
3410	32891
3411	32847
3412	32804
3413	32760
3414	32717
3415	32673
3416	32630
3417	32586
3418	32542
3419	32499
3420	32455
3421	32411
3422	32368
3423	32324
3424	32280
3425	32236
3426	32193
3427	32149
3428	32105
3429	32061
3430	32017
3431	31974
3432	31930
3433	31886
3434	31842
3435	31798
3436	31754
3437	31710
3438	31666
3439	31622
3440	31578
3441	31534
3442	31490
3443	31446
3444	31402
3445	31357
3446	31313
3447	31269
3448	31225
3449	31181
3450	31136
3451	31092
3452	31048
3453	31004
3454	30959
3455	30915
3456	30871
3457	30826
3458	30782
3459	30738
3460	30693
3461	30649
3462	30604
3463	30560
3464	30515
3465	30471
3466	30426
3467	30382
3468	30337
3469	30293
3470	30248
3471	30204
3472	30159
3473	30114
3474	30070
3475	30025
3476	29980
3477	29936
3478	29891
3479	29846
3480	29801
3481	29757
3482	29712
3483	29667
3484	29622
3485	29577
3486	29533
3487	29488
3488	29443
3489	29398
3490	29353
3491	29308
3492	29263
3493	29218
3494	29173
3495	29128
3496	29083
3497	29038
3498	28993
3499	28948
3500	28903
3501	28858
3502	28812
3503	28767
3504	28722
3505	28677
3506	28632
3507	28586
3508	28541
3509	28496
3510	28451
3511	28405
3512	28360
3513	28315
3514	28269
3515	28224
3516	28179
3517	28133
3518	28088
3519	28042
3520	27997
3521	27952
3522	27906
3523	27861
3524	27815
3525	27770
3526	27724
3527	27678
3528	27633
3529	27587
3530	27542
3531	27496
3532	27450
3533	27405
3534	27359
3535	27313
3536	27268
3537	27222
3538	27176
3539	27131
3540	27085
3541	27039
3542	26993
3543	26947
3544	26902
3545	26856
3546	26810
3547	26764
3548	26718
3549	26672
3550	26626
3551	26580
3552	26534
3553	26488
3554	26442
3555	26396
3556	26350
3557	26304
3558	26258
3559	26212
3560	26166
3561	26120
3562	26074
3563	26028
3564	25982
3565	25936
3566	25889
3567	25843
3568	25797
3569	25751
3570	25705
3571	25658
3572	25612
3573	25566
3574	25520
3575	25473
3576	25427
3577	25381
3578	25334
3579	25288
3580	25241
3581	25195
3582	25149
3583	25102
3584	25056
3585	25009
3586	24963
3587	24916
3588	24870
3589	24823
3590	24777
3591	24730
3592	24684
3593	24637
3594	24591
3595	24544
3596	24497
3597	24451
3598	24404
3599	24357
3600	24311
3601	24264
3602	24217
3603	24171
3604	24124
3605	24077
3606	24030
3607	23984
3608	23937
3609	23890
3610	23843
3611	23796
3612	23750
3613	23703
3614	23656
3615	23609
3616	23562
3617	23515
3618	23468
3619	23421
3620	23374
3621	23327
3622	23280
3623	23233
3624	23186
3625	23139
3626	23092
3627	23045
3628	22998
3629	22951
3630	22904
3631	22857
3632	22810
3633	22763
3634	22716
3635	22668
3636	22621
3637	22574
3638	22527
3639	22480
3640	22433
3641	22385
3642	22338
3643	22291
3644	22243
3645	22196
3646	22149
3647	22102
3648	22054
3649	22007
3650	21960
3651	21912
3652	21865
3653	21817
3654	21770
3655	21723
3656	21675
3657	21628
3658	21580
3659	21533
3660	21485
3661	21438
3662	21390
3663	21343
3664	21295
3665	21248
3666	21200
3667	21153
3668	21105
3669	21057
3670	21010
3671	20962
3672	20915
3673	20867
3674	20819
3675	20772
3676	20724
3677	20676
3678	20629
3679	20581
3680	20533
3681	20485
3682	20438
3683	20390
3684	20342
3685	20294
3686	20246
3687	20199
3688	20151
3689	20103
3690	20055
3691	20007
3692	19959
3693	19912
3694	19864
3695	19816
3696	19768
3697	19720
3698	19672
3699	19624
3700	19576
3701	19528
3702	19480
3703	19432
3704	19384
3705	19336
3706	19288
3707	19240
3708	19192
3709	19144
3710	19096
3711	19048
3712	19000
3713	18951
3714	18903
3715	18855
3716	18807
3717	18759
3718	18711
3719	18663
3720	18614
3721	18566
3722	18518
3723	18470
3724	18421
3725	18373
3726	18325
3727	18277
3728	18228
3729	18180
3730	18132
3731	18084
3732	18035
3733	17987
3734	17939
3735	17890
3736	17842
3737	17793
3738	17745
3739	17697
3740	17648
3741	17600
3742	17551
3743	17503
3744	17455
3745	17406
3746	17358
3747	17309
3748	17261
3749	17212
3750	17164
3751	17115
3752	17067
3753	17018
3754	16970
3755	16921
3756	16872
3757	16824
3758	16775
3759	16727
3760	16678
3761	16629
3762	16581
3763	16532
3764	16484
3765	16435
3766	16386
3767	16338
3768	16289
3769	16240
3770	16191
3771	16143
3772	16094
3773	16045
3774	15997
3775	15948
3776	15899
3777	15850
3778	15802
3779	15753
3780	15704
3781	15655
3782	15606
3783	15557
3784	15509
3785	15460
3786	15411
3787	15362
3788	15313
3789	15264
3790	15215
3791	15167
3792	15118
3793	15069
3794	15020
3795	14971
3796	14922
3797	14873
3798	14824
3799	14775
3800	14726
3801	14677
3802	14628
3803	14579
3804	14530
3805	14481
3806	14432
3807	14383
3808	14334
3809	14285
3810	14236
3811	14187
3812	14138
3813	14089
3814	14040
3815	13990
3816	13941
3817	13892
3818	13843
3819	13794
3820	13745
3821	13696
3822	13646
3823	13597
3824	13548
3825	13499
3826	13450
3827	13401
3828	13351
3829	13302
3830	13253
3831	13204
3832	13154
3833	13105
3834	13056
3835	13007
3836	12957
3837	12908
3838	12859
3839	12810
3840	12760
3841	12711
3842	12662
3843	12612
3844	12563
3845	12514
3846	12464
3847	12415
3848	12366
3849	12316
3850	12267
3851	12218
3852	12168
3853	12119
3854	12069
3855	12020
3856	11970
3857	11921
3858	11872
3859	11822
3860	11773
3861	11723
3862	11674
3863	11624
3864	11575
3865	11525
3866	11476
3867	11426
3868	11377
3869	11327
3870	11278
3871	11228
3872	11179
3873	11129
3874	11080
3875	11030
3876	10981
3877	10931
3878	10882
3879	10832
3880	10782
3881	10733
3882	10683
3883	10634
3884	10584
3885	10534
3886	10485
3887	10435
3888	10386
3889	10336
3890	10286
3891	10237
3892	10187
3893	10137
3894	10088
3895	10038
3896	9988
3897	9939
3898	9889
3899	9839
3900	9790
3901	9740
3902	9690
3903	9640
3904	9591
3905	9541
3906	9491
3907	9442
3908	9392
3909	9342
3910	9292
3911	9243
3912	9193
3913	9143
3914	9093
3915	9043
3916	8994
3917	8944
3918	8894
3919	8844
3920	8794
3921	8745
3922	8695
3923	8645
3924	8595
3925	8545
3926	8496
3927	8446
3928	8396
3929	8346
3930	8296
3931	8246
3932	8196
3933	8147
3934	8097
3935	8047
3936	7997
3937	7947
3938	7897
3939	7847
3940	7797
3941	7747
3942	7697
3943	7648
3944	7598
3945	7548
3946	7498
3947	7448
3948	7398
3949	7348
3950	7298
3951	7248
3952	7198
3953	7148
3954	7098
3955	7048
3956	6998
3957	6948
3958	6898
3959	6848
3960	6798
3961	6748
3962	6698
3963	6648
3964	6598
3965	6548
3966	6498
3967	6448
3968	6398
3969	6348
3970	6298
3971	6248
3972	6198
3973	6148
3974	6098
3975	6048
3976	5998
3977	5948
3978	5898
3979	5848
3980	5798
3981	5748
3982	5697
3983	5647
3984	5597
3985	5547
3986	5497
3987	5447
3988	5397
3989	5347
3990	5297
3991	5247
3992	5197
3993	5146
3994	5096
3995	5046
3996	4996
3997	4946
3998	4896
3999	4846
4000	4796
4001	4745
4002	4695
4003	4645
4004	4595
4005	4545
4006	4495
4007	4445
4008	4394
4009	4344
4010	4294
4011	4244
4012	4194
4013	4144
4014	4093
4015	4043
4016	3993
4017	3943
4018	3893
4019	3843
4020	3792
4021	3742
4022	3692
4023	3642
4024	3592
4025	3541
4026	3491
4027	3441
4028	3391
4029	3341
4030	3291
4031	3240
4032	3190
4033	3140
4034	3090
4035	3039
4036	2989
4037	2939
4038	2889
4039	2839
4040	2788
4041	2738
4042	2688
4043	2638
4044	2587
4045	2537
4046	2487
4047	2437
4048	2387
4049	2336
4050	2286
4051	2236
4052	2186
4053	2135
4054	2085
4055	2035
4056	1985
4057	1934
4058	1884
4059	1834
4060	1784
4061	1733
4062	1683
4063	1633
4064	1583
4065	1532
4066	1482
4067	1432
4068	1382
4069	1331
4070	1281
4071	1231
4072	1181
4073	1130
4074	1080
4075	1030
4076	980
4077	929
4078	879
4079	829
4080	779
4081	728
4082	678
4083	628
4084	578
4085	527
4086	477
4087	427
4088	376
4089	326
4090	276
4091	226
4092	175
4093	125
4094	75
4095	25
4096	-25
4097	-75
4098	-125
4099	-175
4100	-226
4101	-276
4102	-326
4103	-376
4104	-427
4105	-477
4106	-527
4107	-578
4108	-628
4109	-678
4110	-728
4111	-779
4112	-829
4113	-879
4114	-929
4115	-980
4116	-1030
4117	-1080
4118	-1130
4119	-1181
4120	-1231
4121	-1281
4122	-1331
4123	-1382
4124	-1432
4125	-1482
4126	-1532
4127	-1583
4128	-1633
4129	-1683
4130	-1733
4131	-1784
4132	-1834
4133	-1884
4134	-1934
4135	-1985
4136	-2035
4137	-2085
4138	-2135
4139	-2186
4140	-2236
4141	-2286
4142	-2336
4143	-2387
4144	-2437
4145	-2487
4146	-2537
4147	-2588
4148	-2638
4149	-2688
4150	-2738
4151	-2788
4152	-2839
4153	-2889
4154	-2939
4155	-2989
4156	-3039
4157	-3090
4158	-3140
4159	-3190
4160	-3240
4161	-3291
4162	-3341
4163	-3391
4164	-3441
4165	-3491
4166	-3541
4167	-3592
4168	-3642
4169	-3692
4170	-3742
4171	-3792
4172	-3843
4173	-3893
4174	-3943
4175	-3993
4176	-4043
4177	-4093
4178	-4144
4179	-4194
4180	-4244
4181	-4294
4182	-4344
4183	-4394
4184	-4445
4185	-4495
4186	-4545
4187	-4595
4188	-4645
4189	-4695
4190	-4745
4191	-4796
4192	-4846
4193	-4896
4194	-4946
4195	-4996
4196	-5046
4197	-5096
4198	-5146
4199	-5197
4200	-5247
4201	-5297
4202	-5347
4203	-5397
4204	-5447
4205	-5497
4206	-5547
4207	-5597
4208	-5647
4209	-5697
4210	-5748
4211	-5798
4212	-5848
4213	-5898
4214	-5948
4215	-5998
4216	-6048
4217	-6098
4218	-6148
4219	-6198
4220	-6248
4221	-6298
4222	-6348
4223	-6398
4224	-6448
4225	-6498
4226	-6548
4227	-6598
4228	-6648
4229	-6698
4230	-6748
4231	-6798
4232	-6848
4233	-6898
4234	-6948
4235	-6998
4236	-7048
4237	-7098
4238	-7148
4239	-7198
4240	-7248
4241	-7298
4242	-7348
4243	-7398
4244	-7448
4245	-7498
4246	-7548
4247	-7598
4248	-7648
4249	-7697
4250	-7747
4251	-7797
4252	-7847
4253	-7897
4254	-7947
4255	-7997
4256	-8047
4257	-8097
4258	-8147
4259	-8196
4260	-8246
4261	-8296
4262	-8346
4263	-8396
4264	-8446
4265	-8496
4266	-8545
4267	-8595
4268	-8645
4269	-8695
4270	-8745
4271	-8794
4272	-8844
4273	-8894
4274	-8944
4275	-8994
4276	-9043
4277	-9093
4278	-9143
4279	-9193
4280	-9243
4281	-9292
4282	-9342
4283	-9392
4284	-9442
4285	-9491
4286	-9541
4287	-9591
4288	-9640
4289	-9690
4290	-9740
4291	-9790
4292	-9839
4293	-9889
4294	-9939
4295	-9988
4296	-10038
4297	-10088
4298	-10137
4299	-10187
4300	-10237
4301	-10286
4302	-10336
4303	-10386
4304	-10435
4305	-10485
4306	-10534
4307	-10584
4308	-10634
4309	-10683
4310	-10733
4311	-10782
4312	-10832
4313	-10882
4314	-10931
4315	-10981
4316	-11030
4317	-11080
4318	-11129
4319	-11179
4320	-11228
4321	-11278
4322	-11327
4323	-11377
4324	-11426
4325	-11476
4326	-11525
4327	-11575
4328	-11624
4329	-11674
4330	-11723
4331	-11773
4332	-11822
4333	-11872
4334	-11921
4335	-11970
4336	-12020
4337	-12069
4338	-12119
4339	-12168
4340	-12218
4341	-12267
4342	-12316
4343	-12366
4344	-12415
4345	-12464
4346	-12514
4347	-12563
4348	-12612
4349	-12662
4350	-12711
4351	-12760
4352	-12810
4353	-12859
4354	-12908
4355	-12957
4356	-13007
4357	-13056
4358	-13105
4359	-13154
4360	-13204
4361	-13253
4362	-13302
4363	-13351
4364	-13401
4365	-13450
4366	-13499
4367	-13548
4368	-13597
4369	-13647
4370	-13696
4371	-13745
4372	-13794
4373	-13843
4374	-13892
4375	-13941
4376	-13990
4377	-14040
4378	-14089
4379	-14138
4380	-14187
4381	-14236
4382	-14285
4383	-14334
4384	-14383
4385	-14432
4386	-14481
4387	-14530
4388	-14579
4389	-14628
4390	-14677
4391	-14726
4392	-14775
4393	-14824
4394	-14873
4395	-14922
4396	-14971
4397	-15020
4398	-15069
4399	-15118
4400	-15167
4401	-15215
4402	-15264
4403	-15313
4404	-15362
4405	-15411
4406	-15460
4407	-15509
4408	-15557
4409	-15606
4410	-15655
4411	-15704
4412	-15753
4413	-15802
4414	-15850
4415	-15899
4416	-15948
4417	-15997
4418	-16045
4419	-16094
4420	-16143
4421	-16191
4422	-16240
4423	-16289
4424	-16338
4425	-16386
4426	-16435
4427	-16484
4428	-16532
4429	-16581
4430	-16629
4431	-16678
4432	-16727
4433	-16775
4434	-16824
4435	-16872
4436	-16921
4437	-16970
4438	-17018
4439	-17067
4440	-17115
4441	-17164
4442	-17212
4443	-17261
4444	-17309
4445	-17358
4446	-17406
4447	-17455
4448	-17503
4449	-17551
4450	-17600
4451	-17648
4452	-17697
4453	-17745
4454	-17793
4455	-17842
4456	-17890
4457	-17939
4458	-17987
4459	-18035
4460	-18084
4461	-18132
4462	-18180
4463	-18228
4464	-18277
4465	-18325
4466	-18373
4467	-18421
4468	-18470
4469	-18518
4470	-18566
4471	-18614
4472	-18663
4473	-18711
4474	-18759
4475	-18807
4476	-18855
4477	-18903
4478	-18951
4479	-19000
4480	-19048
4481	-19096
4482	-19144
4483	-19192
4484	-19240
4485	-19288
4486	-19336
4487	-19384
4488	-19432
4489	-19480
4490	-19528
4491	-19576
4492	-19624
4493	-19672
4494	-19720
4495	-19768
4496	-19816
4497	-19864
4498	-19912
4499	-19959
4500	-20007
4501	-20055
4502	-20103
4503	-20151
4504	-20199
4505	-20246
4506	-20294
4507	-20342
4508	-20390
4509	-20438
4510	-20485
4511	-20533
4512	-20581
4513	-20629
4514	-20676
4515	-20724
4516	-20772
4517	-20819
4518	-20867
4519	-20915
4520	-20962
4521	-21010
4522	-21057
4523	-21105
4524	-21153
4525	-21200
4526	-21248
4527	-21295
4528	-21343
4529	-21390
4530	-21438
4531	-21485
4532	-21533
4533	-21580
4534	-21628
4535	-21675
4536	-21723
4537	-21770
4538	-21817
4539	-21865
4540	-21912
4541	-21960
4542	-22007
4543	-22054
4544	-22102
4545	-22149
4546	-22196
4547	-22243
4548	-22291
4549	-22338
4550	-22385
4551	-22433
4552	-22480
4553	-22527
4554	-22574
4555	-22621
4556	-22668
4557	-22716
4558	-22763
4559	-22810
4560	-22857
4561	-22904
4562	-22951
4563	-22998
4564	-23045
4565	-23092
4566	-23139
4567	-23186
4568	-23233
4569	-23280
4570	-23327
4571	-23374
4572	-23421
4573	-23468
4574	-23515
4575	-23562
4576	-23609
4577	-23656
4578	-23703
4579	-23750
4580	-23796
4581	-23843
4582	-23890
4583	-23937
4584	-23984
4585	-24030
4586	-24077
4587	-24124
4588	-24171
4589	-24217
4590	-24264
4591	-24311
4592	-24357
4593	-24404
4594	-24451
4595	-24497
4596	-24544
4597	-24591
4598	-24637
4599	-24684
4600	-24730
4601	-24777
4602	-24823
4603	-24870
4604	-24916
4605	-24963
4606	-25009
4607	-25056
4608	-25102
4609	-25149
4610	-25195
4611	-25241
4612	-25288
4613	-25334
4614	-25381
4615	-25427
4616	-25473
4617	-25520
4618	-25566
4619	-25612
4620	-25658
4621	-25705
4622	-25751
4623	-25797
4624	-25843
4625	-25889
4626	-25936
4627	-25982
4628	-26028
4629	-26074
4630	-26120
4631	-26166
4632	-26212
4633	-26258
4634	-26304
4635	-26350
4636	-26396
4637	-26442
4638	-26488
4639	-26534
4640	-26580
4641	-26626
4642	-26672
4643	-26718
4644	-26764
4645	-26810
4646	-26856
4647	-26902
4648	-26947
4649	-26993
4650	-27039
4651	-27085
4652	-27131
4653	-27176
4654	-27222
4655	-27268
4656	-27313
4657	-27359
4658	-27405
4659	-27450
4660	-27496
4661	-27542
4662	-27587
4663	-27633
4664	-27678
4665	-27724
4666	-27770
4667	-27815
4668	-27861
4669	-27906
4670	-27952
4671	-27997
4672	-28042
4673	-28088
4674	-28133
4675	-28179
4676	-28224
4677	-28269
4678	-28315
4679	-28360
4680	-28405
4681	-28451
4682	-28496
4683	-28541
4684	-28586
4685	-28632
4686	-28677
4687	-28722
4688	-28767
4689	-28812
4690	-28858
4691	-28903
4692	-28948
4693	-28993
4694	-29038
4695	-29083
4696	-29128
4697	-29173
4698	-29218
4699	-29263
4700	-29308
4701	-29353
4702	-29398
4703	-29443
4704	-29488
4705	-29533
4706	-29577
4707	-29622
4708	-29667
4709	-29712
4710	-29757
4711	-29801
4712	-29846
4713	-29891
4714	-29936
4715	-29980
4716	-30025
4717	-30070
4718	-30114
4719	-30159
4720	-30204
4721	-30248
4722	-30293
4723	-30337
4724	-30382
4725	-30426
4726	-30471
4727	-30515
4728	-30560
4729	-30604
4730	-30649
4731	-30693
4732	-30738
4733	-30782
4734	-30826
4735	-30871
4736	-30915
4737	-30959
4738	-31004
4739	-31048
4740	-31092
4741	-31136
4742	-31181
4743	-31225
4744	-31269
4745	-31313
4746	-31357
4747	-31402
4748	-31446
4749	-31490
4750	-31534
4751	-31578
4752	-31622
4753	-31666
4754	-31710
4755	-31754
4756	-31798
4757	-31842
4758	-31886
4759	-31930
4760	-31974
4761	-32017
4762	-32061
4763	-32105
4764	-32149
4765	-32193
4766	-32236
4767	-32280
4768	-32324
4769	-32368
4770	-32411
4771	-32455
4772	-32499
4773	-32542
4774	-32586
4775	-32630
4776	-32673
4777	-32717
4778	-32760
4779	-32804
4780	-32847
4781	-32891
4782	-32934
4783	-32978
4784	-33021
4785	-33065
4786	-33108
4787	-33151
4788	-33195
4789	-33238
4790	-33281
4791	-33325
4792	-33368
4793	-33411
4794	-33454
4795	-33498
4796	-33541
4797	-33584
4798	-33627
4799	-33670
4800	-33713
4801	-33756
4802	-33799
4803	-33843
4804	-33886
4805	-33929
4806	-33972
4807	-34015
4808	-34057
4809	-34100
4810	-34143
4811	-34186
4812	-34229
4813	-34272
4814	-34315
4815	-34358
4816	-34400
4817	-34443
4818	-34486
4819	-34529
4820	-34571
4821	-34614
4822	-34657
4823	-34699
4824	-34742
4825	-34785
4826	-34827
4827	-34870
4828	-34912
4829	-34955
4830	-34997
4831	-35040
4832	-35082
4833	-35125
4834	-35167
4835	-35210
4836	-35252
4837	-35294
4838	-35337
4839	-35379
4840	-35421
4841	-35464
4842	-35506
4843	-35548
4844	-35590
4845	-35633
4846	-35675
4847	-35717
4848	-35759
4849	-35801
4850	-35843
4851	-35885
4852	-35927
4853	-35969
4854	-36011
4855	-36053
4856	-36095
4857	-36137
4858	-36179
4859	-36221
4860	-36263
4861	-36305
4862	-36347
4863	-36388
4864	-36430
4865	-36472
4866	-36514
4867	-36555
4868	-36597
4869	-36639
4870	-36681
4871	-36722
4872	-36764
4873	-36805
4874	-36847
4875	-36889
4876	-36930
4877	-36972
4878	-37013
4879	-37055
4880	-37096
4881	-37137
4882	-37179
4883	-37220
4884	-37262
4885	-37303
4886	-37344
4887	-37386
4888	-37427
4889	-37468
4890	-37509
4891	-37551
4892	-37592
4893	-37633
4894	-37674
4895	-37715
4896	-37756
4897	-37797
4898	-37838
4899	-37879
4900	-37920
4901	-37961
4902	-38002
4903	-38043
4904	-38084
4905	-38125
4906	-38166
4907	-38207
4908	-38248
4909	-38288
4910	-38329
4911	-38370
4912	-38411
4913	-38451
4914	-38492
4915	-38533
4916	-38573
4917	-38614
4918	-38655
4919	-38695
4920	-38736
4921	-38776
4922	-38817
4923	-38857
4924	-38898
4925	-38938
4926	-38979
4927	-39019
4928	-39059
4929	-39100
4930	-39140
4931	-39180
4932	-39221
4933	-39261
4934	-39301
4935	-39341
4936	-39382
4937	-39422
4938	-39462
4939	-39502
4940	-39542
4941	-39582
4942	-39622
4943	-39662
4944	-39702
4945	-39742
4946	-39782
4947	-39822
4948	-39862
4949	-39902
4950	-39942
4951	-39982
4952	-40021
4953	-40061
4954	-40101
4955	-40141
4956	-40180
4957	-40220
4958	-40260
4959	-40299
4960	-40339
4961	-40379
4962	-40418
4963	-40458
4964	-40497
4965	-40537
4966	-40576
4967	-40616
4968	-40655
4969	-40695
4970	-40734
4971	-40773
4972	-40813
4973	-40852
4974	-40891
4975	-40931
4976	-40970
4977	-41009
4978	-41048
4979	-41087
4980	-41127
4981	-41166
4982	-41205
4983	-41244
4984	-41283
4985	-41322
4986	-41361
4987	-41400
4988	-41439
4989	-41478
4990	-41517
4991	-41556
4992	-41595
4993	-41633
4994	-41672
4995	-41711
4996	-41750
4997	-41788
4998	-41827
4999	-41866
5000	-41904
5001	-41943
5002	-41982
5003	-42020
5004	-42059
5005	-42097
5006	-42136
5007	-42174
5008	-42213
5009	-42251
5010	-42290
5011	-42328
5012	-42366
5013	-42405
5014	-42443
5015	-42481
5016	-42520
5017	-42558
5018	-42596
5019	-42634
5020	-42672
5021	-42711
5022	-42749
5023	-42787
5024	-42825
5025	-42863
5026	-42901
5027	-42939
5028	-42977
5029	-43015
5030	-43053
5031	-43091
5032	-43128
5033	-43166
5034	-43204
5035	-43242
5036	-43280
5037	-43317
5038	-43355
5039	-43393
5040	-43430
5041	-43468
5042	-43506
5043	-43543
5044	-43581
5045	-43618
5046	-43656
5047	-43693
5048	-43731
5049	-43768
5050	-43806
5051	-43843
5052	-43880
5053	-43918
5054	-43955
5055	-43992
5056	-44029
5057	-44067
5058	-44104
5059	-44141
5060	-44178
5061	-44215
5062	-44252
5063	-44289
5064	-44326
5065	-44363
5066	-44400
5067	-44437
5068	-44474
5069	-44511
5070	-44548
5071	-44585
5072	-44622
5073	-44659
5074	-44695
5075	-44732
5076	-44769
5077	-44806
5078	-44842
5079	-44879
5080	-44915
5081	-44952
5082	-44989
5083	-45025
5084	-45062
5085	-45098
5086	-45135
5087	-45171
5088	-45207
5089	-45244
5090	-45280
5091	-45316
5092	-45353
5093	-45389
5094	-45425
5095	-45462
5096	-45498
5097	-45534
5098	-45570
5099	-45606
5100	-45642
5101	-45678
5102	-45714
5103	-45750
5104	-45786
5105	-45822
5106	-45858
5107	-45894
5108	-45930
5109	-45966
5110	-46002
5111	-46037
5112	-46073
5113	-46109
5114	-46145
5115	-46180
5116	-46216
5117	-46252
5118	-46287
5119	-46323
5120	-46358
5121	-46394
5122	-46429
5123	-46465
5124	-46500
5125	-46536
5126	-46571
5127	-46606
5128	-46642
5129	-46677
5130	-46712
5131	-46747
5132	-46783
5133	-46818
5134	-46853
5135	-46888
5136	-46923
5137	-46958
5138	-46993
5139	-47028
5140	-47063
5141	-47098
5142	-47133
5143	-47168
5144	-47203
5145	-47238
5146	-47273
5147	-47308
5148	-47342
5149	-47377
5150	-47412
5151	-47446
5152	-47481
5153	-47516
5154	-47550
5155	-47585
5156	-47619
5157	-47654
5158	-47688
5159	-47723
5160	-47757
5161	-47792
5162	-47826
5163	-47860
5164	-47895
5165	-47929
5166	-47963
5167	-47998
5168	-48032
5169	-48066
5170	-48100
5171	-48134
5172	-48168
5173	-48202
5174	-48236
5175	-48271
5176	-48304
5177	-48338
5178	-48372
5179	-48406
5180	-48440
5181	-48474
5182	-48508
5183	-48542
5184	-48575
5185	-48609
5186	-48643
5187	-48676
5188	-48710
5189	-48744
5190	-48777
5191	-48811
5192	-48844
5193	-48878
5194	-48911
5195	-48945
5196	-48978
5197	-49012
5198	-49045
5199	-49078
5200	-49112
5201	-49145
5202	-49178
5203	-49211
5204	-49244
5205	-49278
5206	-49311
5207	-49344
5208	-49377
5209	-49410
5210	-49443
5211	-49476
5212	-49509
5213	-49542
5214	-49575
5215	-49608
5216	-49640
5217	-49673
5218	-49706
5219	-49739
5220	-49771
5221	-49804
5222	-49837
5223	-49869
5224	-49902
5225	-49935
5226	-49967
5227	-50000
5228	-50032
5229	-50065
5230	-50097
5231	-50129
5232	-50162
5233	-50194
5234	-50226
5235	-50259
5236	-50291
5237	-50323
5238	-50355
5239	-50387
5240	-50420
5241	-50452
5242	-50484
5243	-50516
5244	-50548
5245	-50580
5246	-50612
5247	-50644
5248	-50675
5249	-50707
5250	-50739
5251	-50771
5252	-50803
5253	-50834
5254	-50866
5255	-50898
5256	-50929
5257	-50961
5258	-50993
5259	-51024
5260	-51056
5261	-51087
5262	-51119
5263	-51150
5264	-51182
5265	-51213
5266	-51244
5267	-51276
5268	-51307
5269	-51338
5270	-51369
5271	-51401
5272	-51432
5273	-51463
5274	-51494
5275	-51525
5276	-51556
5277	-51587
5278	-51618
5279	-51649
5280	-51680
5281	-51711
5282	-51742
5283	-51773
5284	-51803
5285	-51834
5286	-51865
5287	-51896
5288	-51926
5289	-51957
5290	-51988
5291	-52018
5292	-52049
5293	-52079
5294	-52110
5295	-52140
5296	-52171
5297	-52201
5298	-52231
5299	-52262
5300	-52292
5301	-52322
5302	-52353
5303	-52383
5304	-52413
5305	-52443
5306	-52473
5307	-52503
5308	-52534
5309	-52564
5310	-52594
5311	-52624
5312	-52653
5313	-52683
5314	-52713
5315	-52743
5316	-52773
5317	-52803
5318	-52832
5319	-52862
5320	-52892
5321	-52922
5322	-52951
5323	-52981
5324	-53010
5325	-53040
5326	-53069
5327	-53099
5328	-53128
5329	-53158
5330	-53187
5331	-53216
5332	-53246
5333	-53275
5334	-53304
5335	-53334
5336	-53363
5337	-53392
5338	-53421
5339	-53450
5340	-53479
5341	-53508
5342	-53537
5343	-53566
5344	-53595
5345	-53624
5346	-53653
5347	-53682
5348	-53711
5349	-53739
5350	-53768
5351	-53797
5352	-53826
5353	-53854
5354	-53883
5355	-53911
5356	-53940
5357	-53969
5358	-53997
5359	-54026
5360	-54054
5361	-54082
5362	-54111
5363	-54139
5364	-54167
5365	-54196
5366	-54224
5367	-54252
5368	-54280
5369	-54308
5370	-54337
5371	-54365
5372	-54393
5373	-54421
5374	-54449
5375	-54477
5376	-54505
5377	-54533
5378	-54560
5379	-54588
5380	-54616
5381	-54644
5382	-54672
5383	-54699
5384	-54727
5385	-54755
5386	-54782
5387	-54810
5388	-54837
5389	-54865
5390	-54892
5391	-54920
5392	-54947
5393	-54974
5394	-55002
5395	-55029
5396	-55056
5397	-55084
5398	-55111
5399	-55138
5400	-55165
5401	-55192
5402	-55219
5403	-55246
5404	-55274
5405	-55300
5406	-55327
5407	-55354
5408	-55381
5409	-55408
5410	-55435
5411	-55462
5412	-55489
5413	-55515
5414	-55542
5415	-55569
5416	-55595
5417	-55622
5418	-55648
5419	-55675
5420	-55701
5421	-55728
5422	-55754
5423	-55781
5424	-55807
5425	-55833
5426	-55860
5427	-55886
5428	-55912
5429	-55938
5430	-55965
5431	-55991
5432	-56017
5433	-56043
5434	-56069
5435	-56095
5436	-56121
5437	-56147
5438	-56173
5439	-56199
5440	-56225
5441	-56250
5442	-56276
5443	-56302
5444	-56328
5445	-56353
5446	-56379
5447	-56404
5448	-56430
5449	-56456
5450	-56481
5451	-56507
5452	-56532
5453	-56557
5454	-56583
5455	-56608
5456	-56633
5457	-56659
5458	-56684
5459	-56709
5460	-56734
5461	-56760
5462	-56785
5463	-56810
5464	-56835
5465	-56860
5466	-56885
5467	-56910
5468	-56935
5469	-56959
5470	-56984
5471	-57009
5472	-57034
5473	-57059
5474	-57083
5475	-57108
5476	-57133
5477	-57157
5478	-57182
5479	-57206
5480	-57231
5481	-57255
5482	-57280
5483	-57304
5484	-57329
5485	-57353
5486	-57377
5487	-57402
5488	-57426
5489	-57450
5490	-57474
5491	-57498
5492	-57522
5493	-57546
5494	-57570
5495	-57594
5496	-57618
5497	-57642
5498	-57666
5499	-57690
5500	-57714
5501	-57738
5502	-57762
5503	-57785
5504	-57809
5505	-57833
5506	-57856
5507	-57880
5508	-57903
5509	-57927
5510	-57950
5511	-57974
5512	-57997
5513	-58021
5514	-58044
5515	-58067
5516	-58091
5517	-58114
5518	-58137
5519	-58160
5520	-58183
5521	-58207
5522	-58230
5523	-58253
5524	-58276
5525	-58299
5526	-58322
5527	-58345
5528	-58367
5529	-58390
5530	-58413
5531	-58436
5532	-58459
5533	-58481
5534	-58504
5535	-58527
5536	-58549
5537	-58572
5538	-58594
5539	-58617
5540	-58639
5541	-58662
5542	-58684
5543	-58706
5544	-58729
5545	-58751
5546	-58773
5547	-58795
5548	-58818
5549	-58840
5550	-58862
5551	-58884
5552	-58906
5553	-58928
5554	-58950
5555	-58972
5556	-58994
5557	-59016
5558	-59038
5559	-59059
5560	-59081
5561	-59103
5562	-59125
5563	-59146
5564	-59168
5565	-59190
5566	-59211
5567	-59233
5568	-59254
5569	-59276
5570	-59297
5571	-59318
5572	-59340
5573	-59361
5574	-59382
5575	-59404
5576	-59425
5577	-59446
5578	-59467
5579	-59488
5580	-59509
5581	-59530
5582	-59551
5583	-59572
5584	-59593
5585	-59614
5586	-59635
5587	-59656
5588	-59677
5589	-59697
5590	-59718
5591	-59739
5592	-59759
5593	-59780
5594	-59801
5595	-59821
5596	-59842
5597	-59862
5598	-59883
5599	-59903
5600	-59923
5601	-59944
5602	-59964
5603	-59984
5604	-60004
5605	-60025
5606	-60045
5607	-60065
5608	-60085
5609	-60105
5610	-60125
5611	-60145
5612	-60165
5613	-60185
5614	-60205
5615	-60225
5616	-60244
5617	-60264
5618	-60284
5619	-60304
5620	-60323
5621	-60343
5622	-60363
5623	-60382
5624	-60402
5625	-60421
5626	-60441
5627	-60460
5628	-60479
5629	-60499
5630	-60518
5631	-60537
5632	-60556
5633	-60576
5634	-60595
5635	-60614
5636	-60633
5637	-60652
5638	-60671
5639	-60690
5640	-60709
5641	-60728
5642	-60747
5643	-60766
5644	-60785
5645	-60803
5646	-60822
5647	-60841
5648	-60859
5649	-60878
5650	-60897
5651	-60915
5652	-60934
5653	-60952
5654	-60971
5655	-60989
5656	-61007
5657	-61026
5658	-61044
5659	-61062
5660	-61081
5661	-61099
5662	-61117
5663	-61135
5664	-61153
5665	-61171
5666	-61189
5667	-61207
5668	-61225
5669	-61243
5670	-61261
5671	-61279
5672	-61297
5673	-61314
5674	-61332
5675	-61350
5676	-61367
5677	-61385
5678	-61403
5679	-61420
5680	-61438
5681	-61455
5682	-61473
5683	-61490
5684	-61507
5685	-61525
5686	-61542
5687	-61559
5688	-61577
5689	-61594
5690	-61611
5691	-61628
5692	-61645
5693	-61662
5694	-61679
5695	-61696
5696	-61713
5697	-61730
5698	-61747
5699	-61764
5700	-61780
5701	-61797
5702	-61814
5703	-61831
5704	-61847
5705	-61864
5706	-61880
5707	-61897
5708	-61913
5709	-61930
5710	-61946
5711	-61963
5712	-61979
5713	-61995
5714	-62012
5715	-62028
5716	-62044
5717	-62060
5718	-62076
5719	-62092
5720	-62108
5721	-62125
5722	-62141
5723	-62156
5724	-62172
5725	-62188
5726	-62204
5727	-62220
5728	-62236
5729	-62251
5730	-62267
5731	-62283
5732	-62298
5733	-62314
5734	-62329
5735	-62345
5736	-62360
5737	-62376
5738	-62391
5739	-62407
5740	-62422
5741	-62437
5742	-62453
5743	-62468
5744	-62483
5745	-62498
5746	-62513
5747	-62528
5748	-62543
5749	-62558
5750	-62573
5751	-62588
5752	-62603
5753	-62618
5754	-62633
5755	-62648
5756	-62662
5757	-62677
5758	-62692
5759	-62706
5760	-62721
5761	-62735
5762	-62750
5763	-62764
5764	-62779
5765	-62793
5766	-62808
5767	-62822
5768	-62836
5769	-62850
5770	-62865
5771	-62879
5772	-62893
5773	-62907
5774	-62921
5775	-62935
5776	-62949
5777	-62963
5778	-62977
5779	-62991
5780	-63005
5781	-63019
5782	-63032
5783	-63046
5784	-63060
5785	-63074
5786	-63087
5787	-63101
5788	-63114
5789	-63128
5790	-63141
5791	-63155
5792	-63168
5793	-63182
5794	-63195
5795	-63208
5796	-63221
5797	-63235
5798	-63248
5799	-63261
5800	-63274
5801	-63287
5802	-63300
5803	-63313
5804	-63326
5805	-63339
5806	-63352
5807	-63365
5808	-63378
5809	-63390
5810	-63403
5811	-63416
5812	-63429
5813	-63441
5814	-63454
5815	-63466
5816	-63479
5817	-63491
5818	-63504
5819	-63516
5820	-63528
5821	-63541
5822	-63553
5823	-63565
5824	-63578
5825	-63590
5826	-63602
5827	-63614
5828	-63626
5829	-63638
5830	-63650
5831	-63662
5832	-63674
5833	-63686
5834	-63698
5835	-63709
5836	-63721
5837	-63733
5838	-63745
5839	-63756
5840	-63768
5841	-63779
5842	-63791
5843	-63803
5844	-63814
5845	-63825
5846	-63837
5847	-63848
5848	-63859
5849	-63871
5850	-63882
5851	-63893
5852	-63904
5853	-63915
5854	-63927
5855	-63938
5856	-63949
5857	-63960
5858	-63971
5859	-63981
5860	-63992
5861	-64003
5862	-64014
5863	-64025
5864	-64035
5865	-64046
5866	-64057
5867	-64067
5868	-64078
5869	-64088
5870	-64099
5871	-64109
5872	-64120
5873	-64130
5874	-64140
5875	-64151
5876	-64161
5877	-64171
5878	-64181
5879	-64192
5880	-64202
5881	-64212
5882	-64222
5883	-64232
5884	-64242
5885	-64252
5886	-64261
5887	-64271
5888	-64281
5889	-64291
5890	-64301
5891	-64310
5892	-64320
5893	-64330
5894	-64339
5895	-64349
5896	-64358
5897	-64368
5898	-64377
5899	-64387
5900	-64396
5901	-64405
5902	-64414
5903	-64424
5904	-64433
5905	-64442
5906	-64451
5907	-64460
5908	-64469
5909	-64478
5910	-64487
5911	-64496
5912	-64505
5913	-64514
5914	-64523
5915	-64532
5916	-64540
5917	-64549
5918	-64558
5919	-64566
5920	-64575
5921	-64584
5922	-64592
5923	-64601
5924	-64609
5925	-64617
5926	-64626
5927	-64634
5928	-64642
5929	-64651
5930	-64659
5931	-64667
5932	-64675
5933	-64683
5934	-64691
5935	-64699
5936	-64707
5937	-64715
5938	-64723
5939	-64731
5940	-64739
5941	-64747
5942	-64754
5943	-64762
5944	-64770
5945	-64777
5946	-64785
5947	-64793
5948	-64800
5949	-64808
5950	-64815
5951	-64822
5952	-64830
5953	-64837
5954	-64844
5955	-64852
5956	-64859
5957	-64866
5958	-64873
5959	-64880
5960	-64887
5961	-64895
5962	-64902
5963	-64908
5964	-64915
5965	-64922
5966	-64929
5967	-64936
5968	-64943
5969	-64949
5970	-64956
5971	-64963
5972	-64969
5973	-64976
5974	-64982
5975	-64989
5976	-64995
5977	-65002
5978	-65008
5979	-65015
5980	-65021
5981	-65027
5982	-65033
5983	-65040
5984	-65046
5985	-65052
5986	-65058
5987	-65064
5988	-65070
5989	-65076
5990	-65082
5991	-65088
5992	-65094
5993	-65099
5994	-65105
5995	-65111
5996	-65117
5997	-65122
5998	-65128
5999	-65133
6000	-65139
6001	-65144
6002	-65150
6003	-65155
6004	-65161
6005	-65166
6006	-65171
6007	-65177
6008	-65182
6009	-65187
6010	-65192
6011	-65197
6012	-65202
6013	-65207
6014	-65212
6015	-65217
6016	-65222
6017	-65227
6018	-65232
6019	-65237
6020	-65242
6021	-65246
6022	-65251
6023	-65256
6024	-65260
6025	-65265
6026	-65270
6027	-65274
6028	-65279
6029	-65283
6030	-65287
6031	-65292
6032	-65296
6033	-65300
6034	-65305
6035	-65309
6036	-65313
6037	-65317
6038	-65321
6039	-65325
6040	-65329
6041	-65333
6042	-65337
6043	-65341
6044	-65345
6045	-65349
6046	-65352
6047	-65356
6048	-65360
6049	-65363
6050	-65367
6051	-65371
6052	-65374
6053	-65378
6054	-65381
6055	-65385
6056	-65388
6057	-65391
6058	-65395
6059	-65398
6060	-65401
6061	-65404
6062	-65408
6063	-65411
6064	-65414
6065	-65417
6066	-65420
6067	-65423
6068	-65426
6069	-65429
6070	-65431
6071	-65434
6072	-65437
6073	-65440
6074	-65442
6075	-65445
6076	-65448
6077	-65450
6078	-65453
6079	-65455
6080	-65458
6081	-65460
6082	-65463
6083	-65465
6084	-65467
6085	-65470
6086	-65472
6087	-65474
6088	-65476
6089	-65478
6090	-65480
6091	-65482
6092	-65484
6093	-65486
6094	-65488
6095	-65490
6096	-65492
6097	-65494
6098	-65496
6099	-65497
6100	-65499
6101	-65501
6102	-65502
6103	-65504
6104	-65505
6105	-65507
6106	-65508
6107	-65510
6108	-65511
6109	-65513
6110	-65514
6111	-65515
6112	-65516
6113	-65518
6114	-65519
6115	-65520
6116	-65521
6117	-65522
6118	-65523
6119	-65524
6120	-65525
6121	-65526
6122	-65527
6123	-65527
6124	-65528
6125	-65529
6126	-65530
6127	-65530
6128	-65531
6129	-65531
6130	-65532
6131	-65532
6132	-65533
6133	-65533
6134	-65534
6135	-65534
6136	-65534
6137	-65535
6138	-65535
6139	-65535
6140	-65535
6141	-65535
6142	-65535
6143	-65535
6144	-65535
6145	-65535
6146	-65535
6147	-65535
6148	-65535
6149	-65535
6150	-65535
6151	-65534
6152	-65534
6153	-65534
6154	-65533
6155	-65533
6156	-65532
6157	-65532
6158	-65531
6159	-65531
6160	-65530
6161	-65530
6162	-65529
6163	-65528
6164	-65527
6165	-65527
6166	-65526
6167	-65525
6168	-65524
6169	-65523
6170	-65522
6171	-65521
6172	-65520
6173	-65519
6174	-65518
6175	-65516
6176	-65515
6177	-65514
6178	-65513
6179	-65511
6180	-65510
6181	-65508
6182	-65507
6183	-65505
6184	-65504
6185	-65502
6186	-65501
6187	-65499
6188	-65497
6189	-65496
6190	-65494
6191	-65492
6192	-65490
6193	-65488
6194	-65486
6195	-65484
6196	-65482
6197	-65480
6198	-65478
6199	-65476
6200	-65474
6201	-65472
6202	-65470
6203	-65467
6204	-65465
6205	-65463
6206	-65460
6207	-65458
6208	-65455
6209	-65453
6210	-65450
6211	-65448
6212	-65445
6213	-65442
6214	-65440
6215	-65437
6216	-65434
6217	-65431
6218	-65429
6219	-65426
6220	-65423
6221	-65420
6222	-65417
6223	-65414
6224	-65411
6225	-65408
6226	-65404
6227	-65401
6228	-65398
6229	-65395
6230	-65391
6231	-65388
6232	-65385
6233	-65381
6234	-65378
6235	-65374
6236	-65371
6237	-65367
6238	-65363
6239	-65360
6240	-65356
6241	-65352
6242	-65349
6243	-65345
6244	-65341
6245	-65337
6246	-65333
6247	-65329
6248	-65325
6249	-65321
6250	-65317
6251	-65313
6252	-65309
6253	-65305
6254	-65300
6255	-65296
6256	-65292
6257	-65287
6258	-65283
6259	-65279
6260	-65274
6261	-65270
6262	-65265
6263	-65260
6264	-65256
6265	-65251
6266	-65246
6267	-65242
6268	-65237
6269	-65232
6270	-65227
6271	-65222
6272	-65217
6273	-65212
6274	-65207
6275	-65202
6276	-65197
6277	-65192
6278	-65187
6279	-65182
6280	-65177
6281	-65171
6282	-65166
6283	-65161
6284	-65155
6285	-65150
6286	-65144
6287	-65139
6288	-65133
6289	-65128
6290	-65122
6291	-65117
6292	-65111
6293	-65105
6294	-65099
6295	-65094
6296	-65088
6297	-65082
6298	-65076
6299	-65070
6300	-65064
6301	-65058
6302	-65052
6303	-65046
6304	-65040
6305	-65033
6306	-65027
6307	-65021
6308	-65015
6309	-65008
6310	-65002
6311	-64995
6312	-64989
6313	-64982
6314	-64976
6315	-64969
6316	-64963
6317	-64956
6318	-64949
6319	-64943
6320	-64936
6321	-64929
6322	-64922
6323	-64915
6324	-64908
6325	-64902
6326	-64895
6327	-64887
6328	-64880
6329	-64873
6330	-64866
6331	-64859
6332	-64852
6333	-64844
6334	-64837
6335	-64830
6336	-64822
6337	-64815
6338	-64808
6339	-64800
6340	-64793
6341	-64785
6342	-64777
6343	-64770
6344	-64762
6345	-64754
6346	-64747
6347	-64739
6348	-64731
6349	-64723
6350	-64715
6351	-64707
6352	-64699
6353	-64691
6354	-64683
6355	-64675
6356	-64667
6357	-64659
6358	-64651
6359	-64642
6360	-64634
6361	-64626
6362	-64617
6363	-64609
6364	-64601
6365	-64592
6366	-64584
6367	-64575
6368	-64566
6369	-64558
6370	-64549
6371	-64540
6372	-64532
6373	-64523
6374	-64514
6375	-64505
6376	-64496
6377	-64487
6378	-64478
6379	-64469
6380	-64460
6381	-64451
6382	-64442
6383	-64433
6384	-64424
6385	-64414
6386	-64405
6387	-64396
6388	-64387
6389	-64377
6390	-64368
6391	-64358
6392	-64349
6393	-64339
6394	-64330
6395	-64320
6396	-64310
6397	-64301
6398	-64291
6399	-64281
6400	-64271
6401	-64261
6402	-64252
6403	-64242
6404	-64232
6405	-64222
6406	-64212
6407	-64202
6408	-64192
6409	-64181
6410	-64171
6411	-64161
6412	-64151
6413	-64140
6414	-64130
6415	-64120
6416	-64109
6417	-64099
6418	-64088
6419	-64078
6420	-64067
6421	-64057
6422	-64046
6423	-64035
6424	-64025
6425	-64014
6426	-64003
6427	-63992
6428	-63981
6429	-63971
6430	-63960
6431	-63949
6432	-63938
6433	-63927
6434	-63915
6435	-63904
6436	-63893
6437	-63882
6438	-63871
6439	-63859
6440	-63848
6441	-63837
6442	-63825
6443	-63814
6444	-63803
6445	-63791
6446	-63779
6447	-63768
6448	-63756
6449	-63745
6450	-63733
6451	-63721
6452	-63709
6453	-63698
6454	-63686
6455	-63674
6456	-63662
6457	-63650
6458	-63638
6459	-63626
6460	-63614
6461	-63602
6462	-63590
6463	-63578
6464	-63565
6465	-63553
6466	-63541
6467	-63528
6468	-63516
6469	-63504
6470	-63491
6471	-63479
6472	-63466
6473	-63454
6474	-63441
6475	-63429
6476	-63416
6477	-63403
6478	-63390
6479	-63378
6480	-63365
6481	-63352
6482	-63339
6483	-63326
6484	-63313
6485	-63300
6486	-63287
6487	-63274
6488	-63261
6489	-63248
6490	-63235
6491	-63221
6492	-63208
6493	-63195
6494	-63182
6495	-63168
6496	-63155
6497	-63141
6498	-63128
6499	-63114
6500	-63101
6501	-63087
6502	-63074
6503	-63060
6504	-63046
6505	-63032
6506	-63019
6507	-63005
6508	-62991
6509	-62977
6510	-62963
6511	-62949
6512	-62935
6513	-62921
6514	-62907
6515	-62893
6516	-62879
6517	-62865
6518	-62850
6519	-62836
6520	-62822
6521	-62808
6522	-62793
6523	-62779
6524	-62764
6525	-62750
6526	-62735
6527	-62721
6528	-62706
6529	-62692
6530	-62677
6531	-62662
6532	-62648
6533	-62633
6534	-62618
6535	-62603
6536	-62588
6537	-62573
6538	-62558
6539	-62543
6540	-62528
6541	-62513
6542	-62498
6543	-62483
6544	-62468
6545	-62453
6546	-62437
6547	-62422
6548	-62407
6549	-62391
6550	-62376
6551	-62360
6552	-62345
6553	-62329
6554	-62314
6555	-62298
6556	-62283
6557	-62267
6558	-62251
6559	-62236
6560	-62220
6561	-62204
6562	-62188
6563	-62172
6564	-62156
6565	-62141
6566	-62125
6567	-62108
6568	-62092
6569	-62076
6570	-62060
6571	-62044
6572	-62028
6573	-62012
6574	-61995
6575	-61979
6576	-61963
6577	-61946
6578	-61930
6579	-61913
6580	-61897
6581	-61880
6582	-61864
6583	-61847
6584	-61831
6585	-61814
6586	-61797
6587	-61780
6588	-61764
6589	-61747
6590	-61730
6591	-61713
6592	-61696
6593	-61679
6594	-61662
6595	-61645
6596	-61628
6597	-61611
6598	-61594
6599	-61577
6600	-61559
6601	-61542
6602	-61525
6603	-61507
6604	-61490
6605	-61473
6606	-61455
6607	-61438
6608	-61420
6609	-61403
6610	-61385
6611	-61367
6612	-61350
6613	-61332
6614	-61314
6615	-61297
6616	-61279
6617	-61261
6618	-61243
6619	-61225
6620	-61207
6621	-61189
6622	-61171
6623	-61153
6624	-61135
6625	-61117
6626	-61099
6627	-61081
6628	-61062
6629	-61044
6630	-61026
6631	-61007
6632	-60989
6633	-60971
6634	-60952
6635	-60934
6636	-60915
6637	-60897
6638	-60878
6639	-60859
6640	-60841
6641	-60822
6642	-60803
6643	-60785
6644	-60766
6645	-60747
6646	-60728
6647	-60709
6648	-60690
6649	-60671
6650	-60652
6651	-60633
6652	-60614
6653	-60595
6654	-60576
6655	-60556
6656	-60537
6657	-60518
6658	-60499
6659	-60479
6660	-60460
6661	-60441
6662	-60421
6663	-60402
6664	-60382
6665	-60363
6666	-60343
6667	-60323
6668	-60304
6669	-60284
6670	-60264
6671	-60244
6672	-60225
6673	-60205
6674	-60185
6675	-60165
6676	-60145
6677	-60125
6678	-60105
6679	-60085
6680	-60065
6681	-60045
6682	-60025
6683	-60004
6684	-59984
6685	-59964
6686	-59944
6687	-59923
6688	-59903
6689	-59883
6690	-59862
6691	-59842
6692	-59821
6693	-59801
6694	-59780
6695	-59759
6696	-59739
6697	-59718
6698	-59697
6699	-59677
6700	-59656
6701	-59635
6702	-59614
6703	-59593
6704	-59572
6705	-59551
6706	-59530
6707	-59509
6708	-59488
6709	-59467
6710	-59446
6711	-59425
6712	-59404
6713	-59382
6714	-59361
6715	-59340
6716	-59318
6717	-59297
6718	-59276
6719	-59254
6720	-59233
6721	-59211
6722	-59189
6723	-59168
6724	-59146
6725	-59125
6726	-59103
6727	-59081
6728	-59059
6729	-59038
6730	-59016
6731	-58994
6732	-58972
6733	-58950
6734	-58928
6735	-58906
6736	-58884
6737	-58862
6738	-58840
6739	-58818
6740	-58795
6741	-58773
6742	-58751
6743	-58729
6744	-58706
6745	-58684
6746	-58662
6747	-58639
6748	-58617
6749	-58594
6750	-58572
6751	-58549
6752	-58527
6753	-58504
6754	-58481
6755	-58459
6756	-58436
6757	-58413
6758	-58390
6759	-58367
6760	-58345
6761	-58322
6762	-58299
6763	-58276
6764	-58253
6765	-58230
6766	-58207
6767	-58183
6768	-58160
6769	-58137
6770	-58114
6771	-58091
6772	-58067
6773	-58044
6774	-58021
6775	-57997
6776	-57974
6777	-57950
6778	-57927
6779	-57903
6780	-57880
6781	-57856
6782	-57833
6783	-57809
6784	-57785
6785	-57762
6786	-57738
6787	-57714
6788	-57690
6789	-57666
6790	-57642
6791	-57618
6792	-57594
6793	-57570
6794	-57546
6795	-57522
6796	-57498
6797	-57474
6798	-57450
6799	-57426
6800	-57402
6801	-57377
6802	-57353
6803	-57329
6804	-57304
6805	-57280
6806	-57255
6807	-57231
6808	-57206
6809	-57182
6810	-57157
6811	-57133
6812	-57108
6813	-57083
6814	-57059
6815	-57034
6816	-57009
6817	-56984
6818	-56959
6819	-56935
6820	-56910
6821	-56885
6822	-56860
6823	-56835
6824	-56810
6825	-56785
6826	-56760
6827	-56734
6828	-56709
6829	-56684
6830	-56659
6831	-56633
6832	-56608
6833	-56583
6834	-56557
6835	-56532
6836	-56507
6837	-56481
6838	-56456
6839	-56430
6840	-56404
6841	-56379
6842	-56353
6843	-56328
6844	-56302
6845	-56276
6846	-56250
6847	-56225
6848	-56199
6849	-56173
6850	-56147
6851	-56121
6852	-56095
6853	-56069
6854	-56043
6855	-56017
6856	-55991
6857	-55965
6858	-55938
6859	-55912
6860	-55886
6861	-55860
6862	-55833
6863	-55807
6864	-55781
6865	-55754
6866	-55728
6867	-55701
6868	-55675
6869	-55648
6870	-55622
6871	-55595
6872	-55569
6873	-55542
6874	-55515
6875	-55489
6876	-55462
6877	-55435
6878	-55408
6879	-55381
6880	-55354
6881	-55327
6882	-55300
6883	-55274
6884	-55246
6885	-55219
6886	-55192
6887	-55165
6888	-55138
6889	-55111
6890	-55084
6891	-55056
6892	-55029
6893	-55002
6894	-54974
6895	-54947
6896	-54920
6897	-54892
6898	-54865
6899	-54837
6900	-54810
6901	-54782
6902	-54755
6903	-54727
6904	-54699
6905	-54672
6906	-54644
6907	-54616
6908	-54588
6909	-54560
6910	-54533
6911	-54505
6912	-54477
6913	-54449
6914	-54421
6915	-54393
6916	-54365
6917	-54337
6918	-54308
6919	-54280
6920	-54252
6921	-54224
6922	-54196
6923	-54167
6924	-54139
6925	-54111
6926	-54082
6927	-54054
6928	-54026
6929	-53997
6930	-53969
6931	-53940
6932	-53911
6933	-53883
6934	-53854
6935	-53826
6936	-53797
6937	-53768
6938	-53739
6939	-53711
6940	-53682
6941	-53653
6942	-53624
6943	-53595
6944	-53566
6945	-53537
6946	-53508
6947	-53479
6948	-53450
6949	-53421
6950	-53392
6951	-53363
6952	-53334
6953	-53304
6954	-53275
6955	-53246
6956	-53216
6957	-53187
6958	-53158
6959	-53128
6960	-53099
6961	-53069
6962	-53040
6963	-53010
6964	-52981
6965	-52951
6966	-52922
6967	-52892
6968	-52862
6969	-52832
6970	-52803
6971	-52773
6972	-52743
6973	-52713
6974	-52683
6975	-52653
6976	-52624
6977	-52594
6978	-52564
6979	-52534
6980	-52503
6981	-52473
6982	-52443
6983	-52413
6984	-52383
6985	-52353
6986	-52322
6987	-52292
6988	-52262
6989	-52231
6990	-52201
6991	-52171
6992	-52140
6993	-52110
6994	-52079
6995	-52049
6996	-52018
6997	-51988
6998	-51957
6999	-51926
7000	-51896
7001	-51865
7002	-51834
7003	-51803
7004	-51773
7005	-51742
7006	-51711
7007	-51680
7008	-51649
7009	-51618
7010	-51587
7011	-51556
7012	-51525
7013	-51494
7014	-51463
7015	-51432
7016	-51401
7017	-51369
7018	-51338
7019	-51307
7020	-51276
7021	-51244
7022	-51213
7023	-51182
7024	-51150
7025	-51119
7026	-51087
7027	-51056
7028	-51024
7029	-50993
7030	-50961
7031	-50929
7032	-50898
7033	-50866
7034	-50834
7035	-50803
7036	-50771
7037	-50739
7038	-50707
7039	-50675
7040	-50644
7041	-50612
7042	-50580
7043	-50548
7044	-50516
7045	-50484
7046	-50452
7047	-50420
7048	-50387
7049	-50355
7050	-50323
7051	-50291
7052	-50259
7053	-50226
7054	-50194
7055	-50162
7056	-50129
7057	-50097
7058	-50065
7059	-50032
7060	-50000
7061	-49967
7062	-49935
7063	-49902
7064	-49869
7065	-49837
7066	-49804
7067	-49771
7068	-49739
7069	-49706
7070	-49673
7071	-49640
7072	-49608
7073	-49575
7074	-49542
7075	-49509
7076	-49476
7077	-49443
7078	-49410
7079	-49377
7080	-49344
7081	-49311
7082	-49278
7083	-49244
7084	-49211
7085	-49178
7086	-49145
7087	-49112
7088	-49078
7089	-49045
7090	-49012
7091	-48978
7092	-48945
7093	-48911
7094	-48878
7095	-48844
7096	-48811
7097	-48777
7098	-48744
7099	-48710
7100	-48676
7101	-48643
7102	-48609
7103	-48575
7104	-48542
7105	-48508
7106	-48474
7107	-48440
7108	-48406
7109	-48372
7110	-48338
7111	-48305
7112	-48271
7113	-48237
7114	-48202
7115	-48168
7116	-48134
7117	-48100
7118	-48066
7119	-48032
7120	-47998
7121	-47963
7122	-47929
7123	-47895
7124	-47860
7125	-47826
7126	-47792
7127	-47757
7128	-47723
7129	-47688
7130	-47654
7131	-47619
7132	-47585
7133	-47550
7134	-47516
7135	-47481
7136	-47446
7137	-47412
7138	-47377
7139	-47342
7140	-47307
7141	-47273
7142	-47238
7143	-47203
7144	-47168
7145	-47133
7146	-47098
7147	-47063
7148	-47028
7149	-46993
7150	-46958
7151	-46923
7152	-46888
7153	-46853
7154	-46818
7155	-46783
7156	-46747
7157	-46712
7158	-46677
7159	-46642
7160	-46606
7161	-46571
7162	-46536
7163	-46500
7164	-46465
7165	-46429
7166	-46394
7167	-46358
7168	-46323
7169	-46287
7170	-46251
7171	-46216
7172	-46180
7173	-46145
7174	-46109
7175	-46073
7176	-46037
7177	-46002
7178	-45966
7179	-45930
7180	-45894
7181	-45858
7182	-45822
7183	-45786
7184	-45750
7185	-45714
7186	-45678
7187	-45642
7188	-45606
7189	-45570
7190	-45534
7191	-45498
7192	-45462
7193	-45425
7194	-45389
7195	-45353
7196	-45316
7197	-45280
7198	-45244
7199	-45207
7200	-45171
7201	-45135
7202	-45098
7203	-45062
7204	-45025
7205	-44989
7206	-44952
7207	-44915
7208	-44879
7209	-44842
7210	-44806
7211	-44769
7212	-44732
7213	-44695
7214	-44659
7215	-44622
7216	-44585
7217	-44548
7218	-44511
7219	-44474
7220	-44437
7221	-44400
7222	-44363
7223	-44326
7224	-44289
7225	-44252
7226	-44215
7227	-44178
7228	-44141
7229	-44104
7230	-44067
7231	-44029
7232	-43992
7233	-43955
7234	-43918
7235	-43880
7236	-43843
7237	-43806
7238	-43768
7239	-43731
7240	-43693
7241	-43656
7242	-43618
7243	-43581
7244	-43543
7245	-43506
7246	-43468
7247	-43430
7248	-43393
7249	-43355
7250	-43317
7251	-43280
7252	-43242
7253	-43204
7254	-43166
7255	-43128
7256	-43091
7257	-43053
7258	-43015
7259	-42977
7260	-42939
7261	-42901
7262	-42863
7263	-42825
7264	-42787
7265	-42749
7266	-42711
7267	-42672
7268	-42634
7269	-42596
7270	-42558
7271	-42520
7272	-42481
7273	-42443
7274	-42405
7275	-42366
7276	-42328
7277	-42290
7278	-42251
7279	-42213
7280	-42174
7281	-42136
7282	-42097
7283	-42059
7284	-42020
7285	-41982
7286	-41943
7287	-41904
7288	-41866
7289	-41827
7290	-41788
7291	-41750
7292	-41711
7293	-41672
7294	-41633
7295	-41595
7296	-41556
7297	-41517
7298	-41478
7299	-41439
7300	-41400
7301	-41361
7302	-41322
7303	-41283
7304	-41244
7305	-41205
7306	-41166
7307	-41127
7308	-41087
7309	-41048
7310	-41009
7311	-40970
7312	-40931
7313	-40891
7314	-40852
7315	-40813
7316	-40773
7317	-40734
7318	-40695
7319	-40655
7320	-40616
7321	-40576
7322	-40537
7323	-40497
7324	-40458
7325	-40418
7326	-40379
7327	-40339
7328	-40299
7329	-40260
7330	-40220
7331	-40180
7332	-40141
7333	-40101
7334	-40061
7335	-40021
7336	-39982
7337	-39942
7338	-39902
7339	-39862
7340	-39822
7341	-39782
7342	-39742
7343	-39702
7344	-39662
7345	-39622
7346	-39582
7347	-39542
7348	-39502
7349	-39462
7350	-39422
7351	-39382
7352	-39341
7353	-39301
7354	-39261
7355	-39221
7356	-39180
7357	-39140
7358	-39100
7359	-39059
7360	-39019
7361	-38979
7362	-38938
7363	-38898
7364	-38857
7365	-38817
7366	-38776
7367	-38736
7368	-38695
7369	-38655
7370	-38614
7371	-38573
7372	-38533
7373	-38492
7374	-38451
7375	-38411
7376	-38370
7377	-38329
7378	-38288
7379	-38248
7380	-38207
7381	-38166
7382	-38125
7383	-38084
7384	-38043
7385	-38002
7386	-37961
7387	-37920
7388	-37879
7389	-37838
7390	-37797
7391	-37756
7392	-37715
7393	-37674
7394	-37633
7395	-37592
7396	-37550
7397	-37509
7398	-37468
7399	-37427
7400	-37386
7401	-37344
7402	-37303
7403	-37262
7404	-37220
7405	-37179
7406	-37137
7407	-37096
7408	-37055
7409	-37013
7410	-36972
7411	-36930
7412	-36889
7413	-36847
7414	-36805
7415	-36764
7416	-36722
7417	-36681
7418	-36639
7419	-36597
7420	-36556
7421	-36514
7422	-36472
7423	-36430
7424	-36388
7425	-36347
7426	-36305
7427	-36263
7428	-36221
7429	-36179
7430	-36137
7431	-36095
7432	-36053
7433	-36011
7434	-35969
7435	-35927
7436	-35885
7437	-35843
7438	-35801
7439	-35759
7440	-35717
7441	-35675
7442	-35633
7443	-35590
7444	-35548
7445	-35506
7446	-35464
7447	-35421
7448	-35379
7449	-35337
7450	-35294
7451	-35252
7452	-35210
7453	-35167
7454	-35125
7455	-35082
7456	-35040
7457	-34997
7458	-34955
7459	-34912
7460	-34870
7461	-34827
7462	-34785
7463	-34742
7464	-34699
7465	-34657
7466	-34614
7467	-34571
7468	-34529
7469	-34486
7470	-34443
7471	-34400
7472	-34358
7473	-34315
7474	-34272
7475	-34229
7476	-34186
7477	-34143
7478	-34100
7479	-34057
7480	-34015
7481	-33972
7482	-33929
7483	-33886
7484	-33843
7485	-33799
7486	-33756
7487	-33713
7488	-33670
7489	-33627
7490	-33584
7491	-33541
7492	-33498
7493	-33454
7494	-33411
7495	-33368
7496	-33325
7497	-33281
7498	-33238
7499	-33195
7500	-33151
7501	-33108
7502	-33065
7503	-33021
7504	-32978
7505	-32934
7506	-32891
7507	-32847
7508	-32804
7509	-32760
7510	-32717
7511	-32673
7512	-32630
7513	-32586
7514	-32542
7515	-32499
7516	-32455
7517	-32411
7518	-32368
7519	-32324
7520	-32280
7521	-32236
7522	-32193
7523	-32149
7524	-32105
7525	-32061
7526	-32017
7527	-31974
7528	-31930
7529	-31886
7530	-31842
7531	-31798
7532	-31754
7533	-31710
7534	-31666
7535	-31622
7536	-31578
7537	-31534
7538	-31490
7539	-31446
7540	-31402
7541	-31357
7542	-31313
7543	-31269
7544	-31225
7545	-31181
7546	-31136
7547	-31092
7548	-31048
7549	-31004
7550	-30959
7551	-30915
7552	-30871
7553	-30826
7554	-30782
7555	-30738
7556	-30693
7557	-30649
7558	-30604
7559	-30560
7560	-30515
7561	-30471
7562	-30426
7563	-30382
7564	-30337
7565	-30293
7566	-30248
7567	-30204
7568	-30159
7569	-30114
7570	-30070
7571	-30025
7572	-29980
7573	-29936
7574	-29891
7575	-29846
7576	-29801
7577	-29757
7578	-29712
7579	-29667
7580	-29622
7581	-29577
7582	-29533
7583	-29488
7584	-29443
7585	-29398
7586	-29353
7587	-29308
7588	-29263
7589	-29218
7590	-29173
7591	-29128
7592	-29083
7593	-29038
7594	-28993
7595	-28948
7596	-28903
7597	-28858
7598	-28812
7599	-28767
7600	-28722
7601	-28677
7602	-28632
7603	-28586
7604	-28541
7605	-28496
7606	-28451
7607	-28405
7608	-28360
7609	-28315
7610	-28269
7611	-28224
7612	-28179
7613	-28133
7614	-28088
7615	-28042
7616	-27997
7617	-27952
7618	-27906
7619	-27861
7620	-27815
7621	-27770
7622	-27724
7623	-27678
7624	-27633
7625	-27587
7626	-27542
7627	-27496
7628	-27450
7629	-27405
7630	-27359
7631	-27313
7632	-27268
7633	-27222
7634	-27176
7635	-27131
7636	-27085
7637	-27039
7638	-26993
7639	-26947
7640	-26902
7641	-26856
7642	-26810
7643	-26764
7644	-26718
7645	-26672
7646	-26626
7647	-26580
7648	-26534
7649	-26488
7650	-26442
7651	-26396
7652	-26350
7653	-26304
7654	-26258
7655	-26212
7656	-26166
7657	-26120
7658	-26074
7659	-26028
7660	-25982
7661	-25936
7662	-25889
7663	-25843
7664	-25797
7665	-25751
7666	-25705
7667	-25658
7668	-25612
7669	-25566
7670	-25520
7671	-25473
7672	-25427
7673	-25381
7674	-25334
7675	-25288
7676	-25241
7677	-25195
7678	-25149
7679	-25102
7680	-25056
7681	-25009
7682	-24963
7683	-24916
7684	-24870
7685	-24823
7686	-24777
7687	-24730
7688	-24684
7689	-24637
7690	-24591
7691	-24544
7692	-24497
7693	-24451
7694	-24404
7695	-24357
7696	-24311
7697	-24264
7698	-24217
7699	-24171
7700	-24124
7701	-24077
7702	-24030
7703	-23984
7704	-23937
7705	-23890
7706	-23843
7707	-23796
7708	-23750
7709	-23703
7710	-23656
7711	-23609
7712	-23562
7713	-23515
7714	-23468
7715	-23421
7716	-23374
7717	-23327
7718	-23280
7719	-23233
7720	-23186
7721	-23139
7722	-23092
7723	-23045
7724	-22998
7725	-22951
7726	-22904
7727	-22857
7728	-22810
7729	-22763
7730	-22716
7731	-22668
7732	-22621
7733	-22574
7734	-22527
7735	-22480
7736	-22432
7737	-22385
7738	-22338
7739	-22291
7740	-22243
7741	-22196
7742	-22149
7743	-22102
7744	-22054
7745	-22007
7746	-21960
7747	-21912
7748	-21865
7749	-21817
7750	-21770
7751	-21723
7752	-21675
7753	-21628
7754	-21580
7755	-21533
7756	-21485
7757	-21438
7758	-21390
7759	-21343
7760	-21295
7761	-21248
7762	-21200
7763	-21153
7764	-21105
7765	-21057
7766	-21010
7767	-20962
7768	-20915
7769	-20867
7770	-20819
7771	-20772
7772	-20724
7773	-20676
7774	-20629
7775	-20581
7776	-20533
7777	-20485
7778	-20438
7779	-20390
7780	-20342
7781	-20294
7782	-20246
7783	-20199
7784	-20151
7785	-20103
7786	-20055
7787	-20007
7788	-19959
7789	-19912
7790	-19864
7791	-19816
7792	-19768
7793	-19720
7794	-19672
7795	-19624
7796	-19576
7797	-19528
7798	-19480
7799	-19432
7800	-19384
7801	-19336
7802	-19288
7803	-19240
7804	-19192
7805	-19144
7806	-19096
7807	-19048
7808	-19000
7809	-18951
7810	-18903
7811	-18855
7812	-18807
7813	-18759
7814	-18711
7815	-18663
7816	-18614
7817	-18566
7818	-18518
7819	-18470
7820	-18421
7821	-18373
7822	-18325
7823	-18277
7824	-18228
7825	-18180
7826	-18132
7827	-18084
7828	-18035
7829	-17987
7830	-17939
7831	-17890
7832	-17842
7833	-17793
7834	-17745
7835	-17697
7836	-17648
7837	-17600
7838	-17551
7839	-17503
7840	-17455
7841	-17406
7842	-17358
7843	-17309
7844	-17261
7845	-17212
7846	-17164
7847	-17115
7848	-17067
7849	-17018
7850	-16970
7851	-16921
7852	-16872
7853	-16824
7854	-16775
7855	-16727
7856	-16678
7857	-16629
7858	-16581
7859	-16532
7860	-16484
7861	-16435
7862	-16386
7863	-16338
7864	-16289
7865	-16240
7866	-16191
7867	-16143
7868	-16094
7869	-16045
7870	-15997
7871	-15948
7872	-15899
7873	-15850
7874	-15802
7875	-15753
7876	-15704
7877	-15655
7878	-15606
7879	-15557
7880	-15509
7881	-15460
7882	-15411
7883	-15362
7884	-15313
7885	-15264
7886	-15215
7887	-15167
7888	-15118
7889	-15069
7890	-15020
7891	-14971
7892	-14922
7893	-14873
7894	-14824
7895	-14775
7896	-14726
7897	-14677
7898	-14628
7899	-14579
7900	-14530
7901	-14481
7902	-14432
7903	-14383
7904	-14334
7905	-14285
7906	-14236
7907	-14187
7908	-14138
7909	-14089
7910	-14040
7911	-13990
7912	-13941
7913	-13892
7914	-13843
7915	-13794
7916	-13745
7917	-13696
7918	-13647
7919	-13597
7920	-13548
7921	-13499
7922	-13450
7923	-13401
7924	-13351
7925	-13302
7926	-13253
7927	-13204
7928	-13154
7929	-13105
7930	-13056
7931	-13007
7932	-12957
7933	-12908
7934	-12859
7935	-12810
7936	-12760
7937	-12711
7938	-12662
7939	-12612
7940	-12563
7941	-12514
7942	-12464
7943	-12415
7944	-12366
7945	-12316
7946	-12267
7947	-12217
7948	-12168
7949	-12119
7950	-12069
7951	-12020
7952	-11970
7953	-11921
7954	-11872
7955	-11822
7956	-11773
7957	-11723
7958	-11674
7959	-11624
7960	-11575
7961	-11525
7962	-11476
7963	-11426
7964	-11377
7965	-11327
7966	-11278
7967	-11228
7968	-11179
7969	-11129
7970	-11080
7971	-11030
7972	-10981
7973	-10931
7974	-10882
7975	-10832
7976	-10782
7977	-10733
7978	-10683
7979	-10634
7980	-10584
7981	-10534
7982	-10485
7983	-10435
7984	-10386
7985	-10336
7986	-10286
7987	-10237
7988	-10187
7989	-10137
7990	-10088
7991	-10038
7992	-9988
7993	-9939
7994	-9889
7995	-9839
7996	-9790
7997	-9740
7998	-9690
7999	-9640
8000	-9591
8001	-9541
8002	-9491
8003	-9442
8004	-9392
8005	-9342
8006	-9292
8007	-9243
8008	-9193
8009	-9143
8010	-9093
8011	-9043
8012	-8994
8013	-8944
8014	-8894
8015	-8844
8016	-8794
8017	-8745
8018	-8695
8019	-8645
8020	-8595
8021	-8545
8022	-8496
8023	-8446
8024	-8396
8025	-8346
8026	-8296
8027	-8246
8028	-8196
8029	-8147
8030	-8097
8031	-8047
8032	-7997
8033	-7947
8034	-7897
8035	-7847
8036	-7797
8037	-7747
8038	-7697
8039	-7648
8040	-7598
8041	-7548
8042	-7498
8043	-7448
8044	-7398
8045	-7348
8046	-7298
8047	-7248
8048	-7198
8049	-7148
8050	-7098
8051	-7048
8052	-6998
8053	-6948
8054	-6898
8055	-6848
8056	-6798
8057	-6748
8058	-6698
8059	-6648
8060	-6598
8061	-6548
8062	-6498
8063	-6448
8064	-6398
8065	-6348
8066	-6298
8067	-6248
8068	-6198
8069	-6148
8070	-6098
8071	-6048
8072	-5998
8073	-5948
8074	-5898
8075	-5848
8076	-5798
8077	-5747
8078	-5697
8079	-5647
8080	-5597
8081	-5547
8082	-5497
8083	-5447
8084	-5397
8085	-5347
8086	-5297
8087	-5247
8088	-5197
8089	-5146
8090	-5096
8091	-5046
8092	-4996
8093	-4946
8094	-4896
8095	-4846
8096	-4796
8097	-4745
8098	-4695
8099	-4645
8100	-4595
8101	-4545
8102	-4495
8103	-4445
8104	-4394
8105	-4344
8106	-4294
8107	-4244
8108	-4194
8109	-4144
8110	-4093
8111	-4043
8112	-3993
8113	-3943
8114	-3893
8115	-3843
8116	-3792
8117	-3742
8118	-3692
8119	-3642
8120	-3592
8121	-3541
8122	-3491
8123	-3441
8124	-3391
8125	-3341
8126	-3291
8127	-3240
8128	-3190
8129	-3140
8130	-3090
8131	-3039
8132	-2989
8133	-2939
8134	-2889
8135	-2839
8136	-2788
8137	-2738
8138	-2688
8139	-2638
8140	-2588
8141	-2537
8142	-2487
8143	-2437
8144	-2387
8145	-2336
8146	-2286
8147	-2236
8148	-2186
8149	-2135
8150	-2085
8151	-2035
8152	-1985
8153	-1934
8154	-1884
8155	-1834
8156	-1784
8157	-1733
8158	-1683
8159	-1633
8160	-1583
8161	-1532
8162	-1482
8163	-1432
8164	-1382
8165	-1331
8166	-1281
8167	-1231
8168	-1181
8169	-1130
8170	-1080
8171	-1030
8172	-980
8173	-929
8174	-879
8175	-829
8176	-779
8177	-728
8178	-678
8179	-628
8180	-578
8181	-527
8182	-477
8183	-427
8184	-376
8185	-326
8186	-276
8187	-226
8188	-175
8189	-125
8190	-75
8191	-25
8192	25
8193	75
8194	125
8195	175
8196	226
8197	276
8198	326
8199	376
8200	427
8201	477
8202	527
8203	578
8204	628
8205	678
8206	728
8207	779
8208	829
8209	879
8210	929
8211	980
8212	1030
8213	1080
8214	1130
8215	1181
8216	1231
8217	1281
8218	1331
8219	1382
8220	1432
8221	1482
8222	1532
8223	1583
8224	1633
8225	1683
8226	1733
8227	1784
8228	1834
8229	1884
8230	1934
8231	1985
8232	2035
8233	2085
8234	2135
8235	2186
8236	2236
8237	2286
8238	2336
8239	2387
8240	2437
8241	2487
8242	2537
8243	2587
8244	2638
8245	2688
8246	2738
8247	2788
8248	2839
8249	2889
8250	2939
8251	2989
8252	3039
8253	3090
8254	3140
8255	3190
8256	3240
8257	3291
8258	3341
8259	3391
8260	3441
8261	3491
8262	3542
8263	3592
8264	3642
8265	3692
8266	3742
8267	3792
8268	3843
8269	3893
8270	3943
8271	3993
8272	4043
8273	4093
8274	4144
8275	4194
8276	4244
8277	4294
8278	4344
8279	4394
8280	4445
8281	4495
8282	4545
8283	4595
8284	4645
8285	4695
8286	4745
8287	4796
8288	4846
8289	4896
8290	4946
8291	4996
8292	5046
8293	5096
8294	5146
8295	5197
8296	5247
8297	5297
8298	5347
8299	5397
8300	5447
8301	5497
8302	5547
8303	5597
8304	5647
8305	5697
8306	5747
8307	5798
8308	5848
8309	5898
8310	5948
8311	5998
8312	6048
8313	6098
8314	6148
8315	6198
8316	6248
8317	6298
8318	6348
8319	6398
8320	6448
8321	6498
8322	6548
8323	6598
8324	6648
8325	6698
8326	6748
8327	6798
8328	6848
8329	6898
8330	6948
8331	6998
8332	7048
8333	7098
8334	7148
8335	7198
8336	7248
8337	7298
8338	7348
8339	7398
8340	7448
8341	7498
8342	7548
8343	7598
8344	7648
8345	7697
8346	7747
8347	7797
8348	7847
8349	7897
8350	7947
8351	7997
8352	8047
8353	8097
8354	8147
8355	8196
8356	8246
8357	8296
8358	8346
8359	8396
8360	8446
8361	8496
8362	8545
8363	8595
8364	8645
8365	8695
8366	8745
8367	8794
8368	8844
8369	8894
8370	8944
8371	8994
8372	9043
8373	9093
8374	9143
8375	9193
8376	9243
8377	9292
8378	9342
8379	9392
8380	9442
8381	9491
8382	9541
8383	9591
8384	9640
8385	9690
8386	9740
8387	9790
8388	9839
8389	9889
8390	9939
8391	9988
8392	10038
8393	10088
8394	10137
8395	10187
8396	10237
8397	10286
8398	10336
8399	10386
8400	10435
8401	10485
8402	10534
8403	10584
8404	10634
8405	10683
8406	10733
8407	10782
8408	10832
8409	10882
8410	10931
8411	10981
8412	11030
8413	11080
8414	11129
8415	11179
8416	11228
8417	11278
8418	11327
8419	11377
8420	11426
8421	11476
8422	11525
8423	11575
8424	11624
8425	11674
8426	11723
8427	11773
8428	11822
8429	11872
8430	11921
8431	11970
8432	12020
8433	12069
8434	12119
8435	12168
8436	12218
8437	12267
8438	12316
8439	12366
8440	12415
8441	12464
8442	12514
8443	12563
8444	12612
8445	12662
8446	12711
8447	12760
8448	12810
8449	12859
8450	12908
8451	12957
8452	13007
8453	13056
8454	13105
8455	13154
8456	13204
8457	13253
8458	13302
8459	13351
8460	13401
8461	13450
8462	13499
8463	13548
8464	13597
8465	13647
8466	13696
8467	13745
8468	13794
8469	13843
8470	13892
8471	13941
8472	13990
8473	14040
8474	14089
8475	14138
8476	14187
8477	14236
8478	14285
8479	14334
8480	14383
8481	14432
8482	14481
8483	14530
8484	14579
8485	14628
8486	14677
8487	14726
8488	14775
8489	14824
8490	14873
8491	14922
8492	14971
8493	15020
8494	15069
8495	15118
8496	15167
8497	15215
8498	15264
8499	15313
8500	15362
8501	15411
8502	15460
8503	15509
8504	15557
8505	15606
8506	15655
8507	15704
8508	15753
8509	15802
8510	15850
8511	15899
8512	15948
8513	15997
8514	16045
8515	16094
8516	16143
8517	16191
8518	16240
8519	16289
8520	16338
8521	16386
8522	16435
8523	16484
8524	16532
8525	16581
8526	16629
8527	16678
8528	16727
8529	16775
8530	16824
8531	16872
8532	16921
8533	16970
8534	17018
8535	17067
8536	17115
8537	17164
8538	17212
8539	17261
8540	17309
8541	17358
8542	17406
8543	17455
8544	17503
8545	17551
8546	17600
8547	17648
8548	17697
8549	17745
8550	17793
8551	17842
8552	17890
8553	17939
8554	17987
8555	18035
8556	18084
8557	18132
8558	18180
8559	18228
8560	18277
8561	18325
8562	18373
8563	18421
8564	18470
8565	18518
8566	18566
8567	18614
8568	18663
8569	18711
8570	18759
8571	18807
8572	18855
8573	18903
8574	18951
8575	19000
8576	19048
8577	19096
8578	19144
8579	19192
8580	19240
8581	19288
8582	19336
8583	19384
8584	19432
8585	19480
8586	19528
8587	19576
8588	19624
8589	19672
8590	19720
8591	19768
8592	19816
8593	19864
8594	19912
8595	19959
8596	20007
8597	20055
8598	20103
8599	20151
8600	20199
8601	20246
8602	20294
8603	20342
8604	20390
8605	20438
8606	20485
8607	20533
8608	20581
8609	20629
8610	20676
8611	20724
8612	20772
8613	20819
8614	20867
8615	20915
8616	20962
8617	21010
8618	21057
8619	21105
8620	21153
8621	21200
8622	21248
8623	21295
8624	21343
8625	21390
8626	21438
8627	21485
8628	21533
8629	21580
8630	21628
8631	21675
8632	21723
8633	21770
8634	21817
8635	21865
8636	21912
8637	21960
8638	22007
8639	22054
8640	22102
8641	22149
8642	22196
8643	22243
8644	22291
8645	22338
8646	22385
8647	22432
8648	22480
8649	22527
8650	22574
8651	22621
8652	22668
8653	22716
8654	22763
8655	22810
8656	22857
8657	22904
8658	22951
8659	22998
8660	23045
8661	23092
8662	23139
8663	23186
8664	23233
8665	23280
8666	23327
8667	23374
8668	23421
8669	23468
8670	23515
8671	23562
8672	23609
8673	23656
8674	23703
8675	23750
8676	23796
8677	23843
8678	23890
8679	23937
8680	23984
8681	24030
8682	24077
8683	24124
8684	24171
8685	24217
8686	24264
8687	24311
8688	24357
8689	24404
8690	24451
8691	24497
8692	24544
8693	24591
8694	24637
8695	24684
8696	24730
8697	24777
8698	24823
8699	24870
8700	24916
8701	24963
8702	25009
8703	25056
8704	25102
8705	25149
8706	25195
8707	25241
8708	25288
8709	25334
8710	25381
8711	25427
8712	25473
8713	25520
8714	25566
8715	25612
8716	25658
8717	25705
8718	25751
8719	25797
8720	25843
8721	25889
8722	25936
8723	25982
8724	26028
8725	26074
8726	26120
8727	26166
8728	26212
8729	26258
8730	26304
8731	26350
8732	26396
8733	26442
8734	26488
8735	26534
8736	26580
8737	26626
8738	26672
8739	26718
8740	26764
8741	26810
8742	26856
8743	26902
8744	26947
8745	26993
8746	27039
8747	27085
8748	27131
8749	27176
8750	27222
8751	27268
8752	27313
8753	27359
8754	27405
8755	27450
8756	27496
8757	27542
8758	27587
8759	27633
8760	27678
8761	27724
8762	27770
8763	27815
8764	27861
8765	27906
8766	27952
8767	27997
8768	28042
8769	28088
8770	28133
8771	28179
8772	28224
8773	28269
8774	28315
8775	28360
8776	28405
8777	28451
8778	28496
8779	28541
8780	28586
8781	28632
8782	28677
8783	28722
8784	28767
8785	28812
8786	28858
8787	28903
8788	28948
8789	28993
8790	29038
8791	29083
8792	29128
8793	29173
8794	29218
8795	29263
8796	29308
8797	29353
8798	29398
8799	29443
8800	29488
8801	29533
8802	29577
8803	29622
8804	29667
8805	29712
8806	29757
8807	29801
8808	29846
8809	29891
8810	29936
8811	29980
8812	30025
8813	30070
8814	30114
8815	30159
8816	30204
8817	30248
8818	30293
8819	30337
8820	30382
8821	30427
8822	30471
8823	30516
8824	30560
8825	30604
8826	30649
8827	30693
8828	30738
8829	30782
8830	30826
8831	30871
8832	30915
8833	30959
8834	31004
8835	31048
8836	31092
8837	31136
8838	31181
8839	31225
8840	31269
8841	31313
8842	31357
8843	31402
8844	31446
8845	31490
8846	31534
8847	31578
8848	31622
8849	31666
8850	31710
8851	31754
8852	31798
8853	31842
8854	31886
8855	31930
8856	31974
8857	32017
8858	32061
8859	32105
8860	32149
8861	32193
8862	32236
8863	32280
8864	32324
8865	32368
8866	32411
8867	32455
8868	32499
8869	32542
8870	32586
8871	32630
8872	32673
8873	32717
8874	32760
8875	32804
8876	32847
8877	32891
8878	32934
8879	32978
8880	33021
8881	33065
8882	33108
8883	33151
8884	33195
8885	33238
8886	33281
8887	33325
8888	33368
8889	33411
8890	33454
8891	33498
8892	33541
8893	33584
8894	33627
8895	33670
8896	33713
8897	33756
8898	33799
8899	33843
8900	33886
8901	33929
8902	33972
8903	34015
8904	34057
8905	34100
8906	34143
8907	34186
8908	34229
8909	34272
8910	34315
8911	34358
8912	34400
8913	34443
8914	34486
8915	34529
8916	34571
8917	34614
8918	34657
8919	34699
8920	34742
8921	34785
8922	34827
8923	34870
8924	34912
8925	34955
8926	34997
8927	35040
8928	35082
8929	35125
8930	35167
8931	35210
8932	35252
8933	35294
8934	35337
8935	35379
8936	35421
8937	35464
8938	35506
8939	35548
8940	35590
8941	35633
8942	35675
8943	35717
8944	35759
8945	35801
8946	35843
8947	35885
8948	35927
8949	35969
8950	36011
8951	36053
8952	36095
8953	36137
8954	36179
8955	36221
8956	36263
8957	36305
8958	36347
8959	36388
8960	36430
8961	36472
8962	36514
8963	36556
8964	36597
8965	36639
8966	36681
8967	36722
8968	36764
8969	36805
8970	36847
8971	36889
8972	36930
8973	36972
8974	37013
8975	37055
8976	37096
8977	37137
8978	37179
8979	37220
8980	37262
8981	37303
8982	37344
8983	37386
8984	37427
8985	37468
8986	37509
8987	37551
8988	37592
8989	37633
8990	37674
8991	37715
8992	37756
8993	37797
8994	37838
8995	37879
8996	37920
8997	37961
8998	38002
8999	38043
9000	38084
9001	38125
9002	38166
9003	38207
9004	38248
9005	38288
9006	38329
9007	38370
9008	38411
9009	38451
9010	38492
9011	38533
9012	38573
9013	38614
9014	38655
9015	38695
9016	38736
9017	38776
9018	38817
9019	38857
9020	38898
9021	38938
9022	38979
9023	39019
9024	39059
9025	39100
9026	39140
9027	39180
9028	39221
9029	39261
9030	39301
9031	39341
9032	39382
9033	39422
9034	39462
9035	39502
9036	39542
9037	39582
9038	39622
9039	39662
9040	39702
9041	39742
9042	39782
9043	39822
9044	39862
9045	39902
9046	39942
9047	39982
9048	40021
9049	40061
9050	40101
9051	40141
9052	40180
9053	40220
9054	40260
9055	40299
9056	40339
9057	40379
9058	40418
9059	40458
9060	40497
9061	40537
9062	40576
9063	40616
9064	40655
9065	40695
9066	40734
9067	40773
9068	40813
9069	40852
9070	40891
9071	40931
9072	40970
9073	41009
9074	41048
9075	41087
9076	41127
9077	41166
9078	41205
9079	41244
9080	41283
9081	41322
9082	41361
9083	41400
9084	41439
9085	41478
9086	41517
9087	41556
9088	41595
9089	41633
9090	41672
9091	41711
9092	41750
9093	41788
9094	41827
9095	41866
9096	41904
9097	41943
9098	41982
9099	42020
9100	42059
9101	42097
9102	42136
9103	42174
9104	42213
9105	42251
9106	42290
9107	42328
9108	42366
9109	42405
9110	42443
9111	42481
9112	42520
9113	42558
9114	42596
9115	42634
9116	42672
9117	42711
9118	42749
9119	42787
9120	42825
9121	42863
9122	42901
9123	42939
9124	42977
9125	43015
9126	43053
9127	43091
9128	43128
9129	43166
9130	43204
9131	43242
9132	43280
9133	43317
9134	43355
9135	43393
9136	43430
9137	43468
9138	43506
9139	43543
9140	43581
9141	43618
9142	43656
9143	43693
9144	43731
9145	43768
9146	43806
9147	43843
9148	43880
9149	43918
9150	43955
9151	43992
9152	44029
9153	44067
9154	44104
9155	44141
9156	44178
9157	44215
9158	44252
9159	44289
9160	44326
9161	44363
9162	44400
9163	44437
9164	44474
9165	44511
9166	44548
9167	44585
9168	44622
9169	44659
9170	44695
9171	44732
9172	44769
9173	44806
9174	44842
9175	44879
9176	44915
9177	44952
9178	44989
9179	45025
9180	45062
9181	45098
9182	45135
9183	45171
9184	45207
9185	45244
9186	45280
9187	45316
9188	45353
9189	45389
9190	45425
9191	45462
9192	45498
9193	45534
9194	45570
9195	45606
9196	45642
9197	45678
9198	45714
9199	45750
9200	45786
9201	45822
9202	45858
9203	45894
9204	45930
9205	45966
9206	46002
9207	46037
9208	46073
9209	46109
9210	46145
9211	46180
9212	46216
9213	46252
9214	46287
9215	46323
9216	46358
9217	46394
9218	46429
9219	46465
9220	46500
9221	46536
9222	46571
9223	46606
9224	46642
9225	46677
9226	46712
9227	46747
9228	46783
9229	46818
9230	46853
9231	46888
9232	46923
9233	46958
9234	46993
9235	47028
9236	47063
9237	47098
9238	47133
9239	47168
9240	47203
9241	47238
9242	47273
9243	47308
9244	47342
9245	47377
9246	47412
9247	47446
9248	47481
9249	47516
9250	47550
9251	47585
9252	47619
9253	47654
9254	47688
9255	47723
9256	47757
9257	47792
9258	47826
9259	47861
9260	47895
9261	47929
9262	47963
9263	47998
9264	48032
9265	48066
9266	48100
9267	48134
9268	48168
9269	48202
9270	48237
9271	48271
9272	48305
9273	48338
9274	48372
9275	48406
9276	48440
9277	48474
9278	48508
9279	48542
9280	48575
9281	48609
9282	48643
9283	48676
9284	48710
9285	48744
9286	48777
9287	48811
9288	48844
9289	48878
9290	48911
9291	48945
9292	48978
9293	49012
9294	49045
9295	49078
9296	49112
9297	49145
9298	49178
9299	49211
9300	49244
9301	49278
9302	49311
9303	49344
9304	49377
9305	49410
9306	49443
9307	49476
9308	49509
9309	49542
9310	49575
9311	49608
9312	49640
9313	49673
9314	49706
9315	49739
9316	49771
9317	49804
9318	49837
9319	49869
9320	49902
9321	49935
9322	49967
9323	50000
9324	50032
9325	50064
9326	50097
9327	50129
9328	50162
9329	50194
9330	50226
9331	50259
9332	50291
9333	50323
9334	50355
9335	50387
9336	50420
9337	50452
9338	50484
9339	50516
9340	50548
9341	50580
9342	50612
9343	50644
9344	50675
9345	50707
9346	50739
9347	50771
9348	50803
9349	50834
9350	50866
9351	50898
9352	50929
9353	50961
9354	50993
9355	51024
9356	51056
9357	51087
9358	51119
9359	51150
9360	51182
9361	51213
9362	51244
9363	51276
9364	51307
9365	51338
9366	51369
9367	51401
9368	51432
9369	51463
9370	51494
9371	51525
9372	51556
9373	51587
9374	51618
9375	51649
9376	51680
9377	51711
9378	51742
9379	51773
9380	51803
9381	51834
9382	51865
9383	51896
9384	51926
9385	51957
9386	51988
9387	52018
9388	52049
9389	52079
9390	52110
9391	52140
9392	52171
9393	52201
9394	52231
9395	52262
9396	52292
9397	52322
9398	52353
9399	52383
9400	52413
9401	52443
9402	52473
9403	52503
9404	52534
9405	52564
9406	52594
9407	52624
9408	52653
9409	52683
9410	52713
9411	52743
9412	52773
9413	52803
9414	52832
9415	52862
9416	52892
9417	52922
9418	52951
9419	52981
9420	53010
9421	53040
9422	53069
9423	53099
9424	53128
9425	53158
9426	53187
9427	53216
9428	53246
9429	53275
9430	53304
9431	53334
9432	53363
9433	53392
9434	53421
9435	53450
9436	53479
9437	53508
9438	53537
9439	53566
9440	53595
9441	53624
9442	53653
9443	53682
9444	53711
9445	53739
9446	53768
9447	53797
9448	53826
9449	53854
9450	53883
9451	53912
9452	53940
9453	53969
9454	53997
9455	54026
9456	54054
9457	54082
9458	54111
9459	54139
9460	54167
9461	54196
9462	54224
9463	54252
9464	54280
9465	54309
9466	54337
9467	54365
9468	54393
9469	54421
9470	54449
9471	54477
9472	54505
9473	54533
9474	54560
9475	54588
9476	54616
9477	54644
9478	54672
9479	54699
9480	54727
9481	54755
9482	54782
9483	54810
9484	54837
9485	54865
9486	54892
9487	54920
9488	54947
9489	54974
9490	55002
9491	55029
9492	55056
9493	55084
9494	55111
9495	55138
9496	55165
9497	55192
9498	55219
9499	55246
9500	55274
9501	55300
9502	55327
9503	55354
9504	55381
9505	55408
9506	55435
9507	55462
9508	55489
9509	55515
9510	55542
9511	55569
9512	55595
9513	55622
9514	55648
9515	55675
9516	55701
9517	55728
9518	55754
9519	55781
9520	55807
9521	55833
9522	55860
9523	55886
9524	55912
9525	55938
9526	55965
9527	55991
9528	56017
9529	56043
9530	56069
9531	56095
9532	56121
9533	56147
9534	56173
9535	56199
9536	56225
9537	56250
9538	56276
9539	56302
9540	56328
9541	56353
9542	56379
9543	56404
9544	56430
9545	56456
9546	56481
9547	56507
9548	56532
9549	56557
9550	56583
9551	56608
9552	56633
9553	56659
9554	56684
9555	56709
9556	56734
9557	56760
9558	56785
9559	56810
9560	56835
9561	56860
9562	56885
9563	56910
9564	56935
9565	56959
9566	56984
9567	57009
9568	57034
9569	57059
9570	57083
9571	57108
9572	57133
9573	57157
9574	57182
9575	57206
9576	57231
9577	57255
9578	57280
9579	57304
9580	57329
9581	57353
9582	57377
9583	57402
9584	57426
9585	57450
9586	57474
9587	57498
9588	57522
9589	57546
9590	57570
9591	57594
9592	57618
9593	57642
9594	57666
9595	57690
9596	57714
9597	57738
9598	57762
9599	57785
9600	57809
9601	57833
9602	57856
9603	57880
9604	57903
9605	57927
9606	57950
9607	57974
9608	57997
9609	58021
9610	58044
9611	58067
9612	58091
9613	58114
9614	58137
9615	58160
9616	58183
9617	58207
9618	58230
9619	58253
9620	58276
9621	58299
9622	58322
9623	58345
9624	58367
9625	58390
9626	58413
9627	58436
9628	58459
9629	58481
9630	58504
9631	58527
9632	58549
9633	58572
9634	58594
9635	58617
9636	58639
9637	58662
9638	58684
9639	58706
9640	58729
9641	58751
9642	58773
9643	58795
9644	58818
9645	58840
9646	58862
9647	58884
9648	58906
9649	58928
9650	58950
9651	58972
9652	58994
9653	59016
9654	59038
9655	59059
9656	59081
9657	59103
9658	59125
9659	59146
9660	59168
9661	59190
9662	59211
9663	59233
9664	59254
9665	59276
9666	59297
9667	59318
9668	59340
9669	59361
9670	59382
9671	59404
9672	59425
9673	59446
9674	59467
9675	59488
9676	59509
9677	59530
9678	59551
9679	59572
9680	59593
9681	59614
9682	59635
9683	59656
9684	59677
9685	59697
9686	59718
9687	59739
9688	59759
9689	59780
9690	59801
9691	59821
9692	59842
9693	59862
9694	59883
9695	59903
9696	59923
9697	59944
9698	59964
9699	59984
9700	60004
9701	60025
9702	60045
9703	60065
9704	60085
9705	60105
9706	60125
9707	60145
9708	60165
9709	60185
9710	60205
9711	60225
9712	60244
9713	60264
9714	60284
9715	60304
9716	60323
9717	60343
9718	60363
9719	60382
9720	60402
9721	60421
9722	60441
9723	60460
9724	60479
9725	60499
9726	60518
9727	60537
9728	60556
9729	60576
9730	60595
9731	60614
9732	60633
9733	60652
9734	60671
9735	60690
9736	60709
9737	60728
9738	60747
9739	60766
9740	60785
9741	60803
9742	60822
9743	60841
9744	60859
9745	60878
9746	60897
9747	60915
9748	60934
9749	60952
9750	60971
9751	60989
9752	61007
9753	61026
9754	61044
9755	61062
9756	61081
9757	61099
9758	61117
9759	61135
9760	61153
9761	61171
9762	61189
9763	61207
9764	61225
9765	61243
9766	61261
9767	61279
9768	61297
9769	61314
9770	61332
9771	61350
9772	61367
9773	61385
9774	61403
9775	61420
9776	61438
9777	61455
9778	61473
9779	61490
9780	61507
9781	61525
9782	61542
9783	61559
9784	61577
9785	61594
9786	61611
9787	61628
9788	61645
9789	61662
9790	61679
9791	61696
9792	61713
9793	61730
9794	61747
9795	61764
9796	61780
9797	61797
9798	61814
9799	61831
9800	61847
9801	61864
9802	61880
9803	61897
9804	61913
9805	61930
9806	61946
9807	61963
9808	61979
9809	61995
9810	62012
9811	62028
9812	62044
9813	62060
9814	62076
9815	62092
9816	62108
9817	62125
9818	62141
9819	62156
9820	62172
9821	62188
9822	62204
9823	62220
9824	62236
9825	62251
9826	62267
9827	62283
9828	62298
9829	62314
9830	62329
9831	62345
9832	62360
9833	62376
9834	62391
9835	62407
9836	62422
9837	62437
9838	62453
9839	62468
9840	62483
9841	62498
9842	62513
9843	62528
9844	62543
9845	62558
9846	62573
9847	62588
9848	62603
9849	62618
9850	62633
9851	62648
9852	62662
9853	62677
9854	62692
9855	62706
9856	62721
9857	62735
9858	62750
9859	62764
9860	62779
9861	62793
9862	62808
9863	62822
9864	62836
9865	62850
9866	62865
9867	62879
9868	62893
9869	62907
9870	62921
9871	62935
9872	62949
9873	62963
9874	62977
9875	62991
9876	63005
9877	63019
9878	63032
9879	63046
9880	63060
9881	63074
9882	63087
9883	63101
9884	63114
9885	63128
9886	63141
9887	63155
9888	63168
9889	63182
9890	63195
9891	63208
9892	63221
9893	63235
9894	63248
9895	63261
9896	63274
9897	63287
9898	63300
9899	63313
9900	63326
9901	63339
9902	63352
9903	63365
9904	63378
9905	63390
9906	63403
9907	63416
9908	63429
9909	63441
9910	63454
9911	63466
9912	63479
9913	63491
9914	63504
9915	63516
9916	63528
9917	63541
9918	63553
9919	63565
9920	63578
9921	63590
9922	63602
9923	63614
9924	63626
9925	63638
9926	63650
9927	63662
9928	63674
9929	63686
9930	63698
9931	63709
9932	63721
9933	63733
9934	63745
9935	63756
9936	63768
9937	63779
9938	63791
9939	63803
9940	63814
9941	63825
9942	63837
9943	63848
9944	63859
9945	63871
9946	63882
9947	63893
9948	63904
9949	63915
9950	63927
9951	63938
9952	63949
9953	63960
9954	63971
9955	63981
9956	63992
9957	64003
9958	64014
9959	64025
9960	64035
9961	64046
9962	64057
9963	64067
9964	64078
9965	64088
9966	64099
9967	64109
9968	64120
9969	64130
9970	64140
9971	64151
9972	64161
9973	64171
9974	64181
9975	64192
9976	64202
9977	64212
9978	64222
9979	64232
9980	64242
9981	64252
9982	64261
9983	64271
9984	64281
9985	64291
9986	64301
9987	64310
9988	64320
9989	64330
9990	64339
9991	64349
9992	64358
9993	64368
9994	64377
9995	64387
9996	64396
9997	64405
9998	64414
9999	64424
10000	64433
10001	64442
10002	64451
10003	64460
10004	64469
10005	64478
10006	64487
10007	64496
10008	64505
10009	64514
10010	64523
10011	64532
10012	64540
10013	64549
10014	64558
10015	64566
10016	64575
10017	64584
10018	64592
10019	64600
10020	64609
10021	64617
10022	64626
10023	64634
10024	64642
10025	64651
10026	64659
10027	64667
10028	64675
10029	64683
10030	64691
10031	64699
10032	64707
10033	64715
10034	64723
10035	64731
10036	64739
10037	64747
10038	64754
10039	64762
10040	64770
10041	64777
10042	64785
10043	64793
10044	64800
10045	64808
10046	64815
10047	64822
10048	64830
10049	64837
10050	64844
10051	64852
10052	64859
10053	64866
10054	64873
10055	64880
10056	64887
10057	64895
10058	64902
10059	64908
10060	64915
10061	64922
10062	64929
10063	64936
10064	64943
10065	64949
10066	64956
10067	64963
10068	64969
10069	64976
10070	64982
10071	64989
10072	64995
10073	65002
10074	65008
10075	65015
10076	65021
10077	65027
10078	65033
10079	65040
10080	65046
10081	65052
10082	65058
10083	65064
10084	65070
10085	65076
10086	65082
10087	65088
10088	65094
10089	65099
10090	65105
10091	65111
10092	65117
10093	65122
10094	65128
10095	65133
10096	65139
10097	65144
10098	65150
10099	65155
10100	65161
10101	65166
10102	65171
10103	65177
10104	65182
10105	65187
10106	65192
10107	65197
10108	65202
10109	65207
10110	65212
10111	65217
10112	65222
10113	65227
10114	65232
10115	65237
10116	65242
10117	65246
10118	65251
10119	65256
10120	65260
10121	65265
10122	65270
10123	65274
10124	65279
10125	65283
10126	65287
10127	65292
10128	65296
10129	65300
10130	65305
10131	65309
10132	65313
10133	65317
10134	65321
10135	65325
10136	65329
10137	65333
10138	65337
10139	65341
10140	65345
10141	65349
10142	65352
10143	65356
10144	65360
10145	65363
10146	65367
10147	65371
10148	65374
10149	65378
10150	65381
10151	65385
10152	65388
10153	65391
10154	65395
10155	65398
10156	65401
10157	65404
10158	65408
10159	65411
10160	65414
10161	65417
10162	65420
10163	65423
10164	65426
10165	65429
10166	65431
10167	65434
10168	65437
10169	65440
10170	65442
10171	65445
10172	65448
10173	65450
10174	65453
10175	65455
10176	65458
10177	65460
10178	65463
10179	65465
10180	65467
10181	65470
10182	65472
10183	65474
10184	65476
10185	65478
10186	65480
10187	65482
10188	65484
10189	65486
10190	65488
10191	65490
10192	65492
10193	65494
10194	65496
10195	65497
10196	65499
10197	65501
10198	65502
10199	65504
10200	65505
10201	65507
10202	65508
10203	65510
10204	65511
10205	65513
10206	65514
10207	65515
10208	65516
10209	65518
10210	65519
10211	65520
10212	65521
10213	65522
10214	65523
10215	65524
10216	65525
10217	65526
10218	65527
10219	65527
10220	65528
10221	65529
10222	65530
10223	65530
10224	65531
10225	65531
10226	65532
10227	65532
10228	65533
10229	65533
10230	65534
10231	65534
10232	65534
10233	65535
10234	65535
10235	65535
10236	65535
10237	65535
10238	65535
10239	65535
